date_obs,date_jd,rv_model,v_quiet,v_disc,v_phot,v_conv,f_bright,f_spot,f,Bobs,vphot_bright,vphot_spot,f_small,f_large,f_network,f_plage,quiet_flux,ar_flux,conv_flux
2017-01-02T12:00:00,2457756,100.8607045,-24.112,-20.311,0.022,3.801,2.208,0,2.208,8.63,0.022,0,1.91,0.298,1.91,0.298,6.936,78.029,128.412
2017-01-03T12:00:00,2457757,101.1123885,-24.721,-20.79,0.081,3.931,2.201,0,2.201,8.629,0.081,0,1.957,0.245,1.957,0.245,6.968,76.849,131.614
2017-01-04T12:00:00,2457758,101.0600745,-24.749,-20.852,0.072,3.897,2.117,0,2.117,8.534,0.072,0,1.908,0.209,1.908,0.209,6.945,76.292,134.815
2017-01-06T12:00:00,2457760,100.538958,-26.518,-23.069,0.033,3.45,1.976,0,1.976,8.383,0.033,0,1.783,0.193,1.783,0.193,6.947,74.016,127.593
2017-01-07T12:00:00,2457761,100.44166,-25.677,-22.341,0.04,3.336,1.889,0,1.889,8.283,0.04,0,1.727,0.162,1.727,0.162,6.934,72.896,125.048
2017-01-08T12:00:00,2457762,100.2213525,-24,-20.931,0.06,3.069,1.838,0,1.838,8.185,0.06,0,1.739,0.099,1.739,0.099,6.922,70.6,124.184
2017-01-09T12:00:00,2457763,100.2567225,-23.442,-20.337,0.06,3.105,1.766,0,1.766,8.098,0.06,0,1.707,0.059,1.707,0.059,6.918,68.982,123.225
2017-01-10T12:00:00,2457764,100.053256,-23.146,-20.154,0.016,2.992,1.786,0,1.786,8.114,0.016,0,1.741,0.045,1.741,0.045,6.91,69.501,119.162
2017-01-11T12:00:00,2457765,100.061041,-23.321,-20.289,0.001,3.032,1.756,0,1.756,8.072,0.001,0,1.711,0.046,1.711,0.046,6.904,68.531,115.174
2017-01-12T12:00:00,2457766,100.1366325,-22.319,-19.24,0.015,3.079,1.747,0,1.747,8.083,0.015,0,1.694,0.053,1.694,0.053,6.919,68.659,116.864
2017-01-13T12:00:00,2457767,100.292034,-24.067,-20.817,0.009,3.25,1.816,0.001,1.816,8.175,0.003,0.005,1.717,0.1,1.717,0.099,6.921,70.839,125.935
2017-01-14T12:00:00,2457768,100.632401,-25.658,-22.13,0.041,3.528,1.98,0.005,1.985,8.415,-0.003,0.044,1.79,0.196,1.79,0.191,6.944,76.454,159.152
2017-01-15T12:00:00,2457769,100.9101155,-24.584,-20.798,0.053,3.785,2.199,0.006,2.206,8.703,-0.003,0.055,1.845,0.361,1.845,0.355,6.959,80.976,147.973
2017-01-16T12:00:00,2457770,101.4277545,-24.777,-20.602,0.117,4.175,2.309,0.006,2.315,8.897,0.071,0.046,1.855,0.46,1.855,0.454,6.94,85.626,150.993
2017-01-17T12:00:00,2457771,101.933062,-24.533,-19.833,0.112,4.7,2.388,0.006,2.395,9.128,0.085,0.027,1.841,0.554,1.841,0.548,6.942,91.132,159.434
2017-01-18T12:00:00,2457772,102.093484,-25.729,-20.731,0.049,4.998,2.453,0.006,2.459,9.266,0.039,0.01,1.862,0.597,1.862,0.591,6.953,93.374,163.195
2017-01-19T12:00:00,2457773,101.6993375,-26.851,-22.128,-0.01,4.723,2.497,0.005,2.502,9.258,-0.004,-0.006,1.874,0.628,1.874,0.623,6.959,91.135,151.937
2017-01-20T12:00:00,2457774,101.6090835,-25.595,-20.966,-0.009,4.629,2.541,0.005,2.546,9.336,-0.004,-0.005,1.821,0.725,1.821,0.72,6.975,92.56,151.129
2017-01-21T12:00:00,2457775,101.885372,-24.313,-19.715,0.137,4.598,2.646,0.01,2.656,9.622,0.093,0.044,1.885,0.771,1.885,0.761,6.976,99.823,172.639
2017-01-22T12:00:00,2457776,102.425198,-25.448,-20.57,0.263,4.878,2.759,0.015,2.774,9.814,0.201,0.062,1.954,0.82,1.954,0.805,6.984,102.528,179.629
2017-01-23T12:00:00,2457777,102.358754,-25.692,-20.702,0.179,4.99,2.698,0.012,2.71,9.693,0.153,0.026,1.914,0.796,1.914,0.784,6.994,99.52,168.928
2017-01-24T12:00:00,2457778,101.90158,-25.932,-21.078,0.025,4.854,2.598,0.011,2.608,9.528,0.036,-0.011,1.884,0.724,1.884,0.713,6.999,96.471,167.229
2017-01-25T12:00:00,2457779,101.6708755,-22.913,-18.204,-0.017,4.709,2.632,0.013,2.645,9.482,0.002,-0.019,1.892,0.753,1.892,0.74,6.955,95.621,160.101
2017-01-26T12:00:00,2457780,101.5319185,-23.818,-19.321,0.016,4.497,2.582,0.012,2.593,9.414,0.042,-0.026,1.906,0.687,1.906,0.676,6.973,94.765,165.019
2017-01-27T12:00:00,2457781,101.1829785,-22.5,-18.432,0.051,4.067,2.497,0.01,2.506,9.232,0.083,-0.033,1.917,0.589,1.917,0.579,6.994,90.653,161.268
2017-01-28T12:00:00,2457782,101.0298445,-23.296,-19.387,0.052,3.909,2.369,0.008,2.377,9.037,0.072,-0.02,1.911,0.465,1.911,0.458,7.004,87.247,163.259
2017-01-29T12:00:00,2457783,101.120884,-24.372,-20.396,0.064,3.976,2.241,0.004,2.244,8.816,0.067,-0.003,1.896,0.348,1.896,0.345,6.989,82.573,154.4
2017-01-30T12:00:00,2457784,100.9708665,-23.017,-19.044,-0.006,3.973,2.204,0.003,2.207,8.832,0.004,-0.01,1.834,0.373,1.834,0.37,7.017,83.158,151.821
2017-01-31T12:00:00,2457785,100.8355395,-22.623,-18.73,-0.033,3.893,2.22,0.003,2.222,8.786,-0.018,-0.015,1.83,0.392,1.83,0.39,6.944,83.723,150.931
2017-02-01T12:00:00,2457786,100.6280795,-24.005,-20.398,0.002,3.607,2.179,0.004,2.184,8.757,0.017,-0.016,1.767,0.417,1.767,0.413,6.937,84.395,156.286
2017-02-02T12:00:00,2457787,100.5681,-22.517,-19.062,0.045,3.454,2.123,0.002,2.125,8.646,0.059,-0.014,1.745,0.38,1.745,0.378,6.942,81.838,148.112
2017-02-03T12:00:00,2457788,100.344648,-23.379,-20.223,0.078,3.156,1.955,0.001,1.956,8.375,0.082,-0.004,1.696,0.26,1.696,0.259,6.935,75.738,134.354
2017-02-04T12:00:00,2457789,100.0733115,-23.038,-20.171,0.084,2.867,1.773,0,1.773,8.152,0.084,0,1.625,0.147,1.625,0.147,6.912,72.167,137.191
2017-02-05T12:00:00,2457790,99.8619545,-22.856,-20.125,0.047,2.731,1.693,0,1.693,8.038,0.047,0,1.625,0.068,1.625,0.068,6.921,68.168,129.939
2017-02-06T12:00:00,2457791,99.904521,-23.303,-20.441,0.006,2.862,1.68,0,1.68,7.994,0.006,0,1.639,0.041,1.639,0.041,6.898,67.565,128.49
2017-02-07T12:00:00,2457792,99.960751,-23.762,-20.8,-0.014,2.962,1.697,0,1.697,8.039,-0.014,0,1.635,0.063,1.635,0.063,6.918,68.46,143.07
2017-02-08T12:00:00,2457793,99.99999,-21.039,-18.067,0,2.972,1.699,0,1.699,8.041,0,0,1.615,0.084,1.615,0.084,6.892,69.763,138.459
2017-02-09T12:00:00,2457794,100.663569,-22.163,-18.599,0.039,3.564,1.835,0.003,1.838,8.304,0.029,0.01,1.652,0.185,1.652,0.183,6.906,77.305,171.015
2017-02-10T12:00:00,2457795,100.3991125,-23.225,-19.804,-0.02,3.421,1.931,0.005,1.936,8.505,-0.027,0.008,1.669,0.266,1.669,0.261,6.936,81.918,173.512
2017-02-11T12:00:00,2457796,100.6074495,-23.469,-19.744,-0.063,3.725,2.068,0.005,2.074,8.655,-0.056,-0.007,1.778,0.296,1.778,0.291,6.939,83.338,171.513
2017-02-12T12:00:00,2457797,100.6325865,-24.729,-20.972,-0.066,3.757,2.146,0.004,2.15,8.717,-0.052,-0.014,1.781,0.369,1.781,0.365,6.925,83.939,156.385
2017-02-13T12:00:00,2457798,100.6431805,-22.809,-19.145,-0.017,3.663,2.138,0.002,2.139,8.639,-0.007,-0.01,1.787,0.352,1.787,0.351,6.934,80.619,144.076
2017-02-14T12:00:00,2457799,100.7136625,-25.072,-21.395,0.01,3.677,2.126,0.001,2.127,8.554,0.016,-0.006,1.828,0.299,1.828,0.298,6.93,77.623,127.773
2017-02-15T12:00:00,2457800,100.690868,-22.758,-19.132,0.023,3.626,2.124,0,2.124,8.526,0.023,-0.001,1.919,0.205,1.919,0.205,6.955,75.613,127.753
2017-02-16T12:00:00,2457801,100.6333555,-21.959,-18.306,-0.017,3.653,2.117,0,2.117,8.517,-0.018,0,1.893,0.224,1.893,0.223,6.948,75.693,124.201
2017-02-17T12:00:00,2457802,100.786806,-22.547,-18.786,0.006,3.76,2.139,0,2.139,8.577,0.004,0.002,1.875,0.265,1.875,0.264,6.946,77.629,131.945
2017-02-18T12:00:00,2457803,100.791974,-19.77,-16.086,0.044,3.684,2.104,0,2.104,8.487,0.044,0,1.859,0.245,1.859,0.245,6.901,76.744,123.981
2017-02-19T12:00:00,2457804,100.770148,-21.073,-17.378,0.028,3.696,2.067,0,2.067,8.535,0.028,0,1.843,0.224,1.843,0.224,6.967,77.099,135.144
2017-02-20T12:00:00,2457805,100.7287355,-21.109,-17.253,-0.067,3.857,2.104,0,2.104,8.56,-0.068,0.001,1.803,0.301,1.803,0.301,6.927,78.899,136.01
2017-02-21T12:00:00,2457806,100.808168,-21.433,-17.431,-0.097,4.002,2.356,0.003,2.359,8.948,-0.116,0.019,1.871,0.488,1.871,0.485,6.997,84.832,147.298
2017-02-22T12:00:00,2457807,101.235975,-21.905,-17.675,0,4.23,2.469,0.004,2.472,9.134,-0.03,0.03,1.838,0.634,1.838,0.63,6.943,90.162,151.661
2017-02-23T12:00:00,2457808,101.856896,-21.081,-16.436,0.101,4.646,2.592,0.005,2.597,9.329,0.067,0.034,1.886,0.711,1.886,0.706,6.95,92.248,151.053
2017-02-24T12:00:00,2457809,102.2158415,-22.545,-17.508,0.089,5.037,2.612,0.005,2.617,9.349,0.066,0.023,1.868,0.75,1.868,0.744,6.943,91.919,147.42
2017-02-25T12:00:00,2457810,101.86878,-23.049,-18.207,0.015,4.842,2.612,0.006,2.618,9.411,0.017,-0.002,1.862,0.756,1.862,0.75,6.95,93.609,150.547
2017-02-26T12:00:00,2457811,101.738879,-24.094,-19.35,-0.001,4.744,2.576,0.005,2.58,9.304,0.009,-0.01,1.871,0.709,1.871,0.705,6.949,91.212,148.299
2017-02-27T12:00:00,2457812,101.1687875,-22.719,-18.536,-0.01,4.183,2.553,0.006,2.559,9.255,0.005,-0.015,1.875,0.685,1.875,0.679,6.95,90.903,149.571
2017-02-28T12:00:00,2457813,101.1439645,-21.492,-17.53,0.082,3.961,2.423,0.008,2.431,9.1,0.084,-0.003,1.808,0.623,1.808,0.615,6.931,90.704,157.341
2017-03-01T12:00:00,2457814,101.249045,-22.02,-18.044,0.125,3.976,2.363,0.006,2.369,9.065,0.138,-0.013,1.792,0.577,1.792,0.571,6.934,91.291,162.666
2017-03-02T12:00:00,2457815,100.9827595,-23.137,-19.308,0.067,3.829,2.2,0.002,2.203,8.842,0.079,-0.012,1.713,0.49,1.713,0.487,6.908,88.641,161.905
2017-03-03T12:00:00,2457816,100.839331,-24.12,-20.36,0.031,3.76,2.121,0,2.121,8.653,0.031,0,1.675,0.446,1.675,0.446,6.877,84.245,147.474
2017-03-04T12:00:00,2457817,100.589504,-21.204,-17.694,0.029,3.51,2.017,0,2.017,8.471,0.029,0,1.675,0.342,1.675,0.342,6.875,79.988,144.502
2017-03-05T12:00:00,2457818,100.368622,-18.224,-14.988,0.052,3.236,1.918,0,1.918,8.327,0.052,0,1.658,0.259,1.658,0.259,6.866,77.492,147.096
2017-03-06T12:00:00,2457819,100.258446,-19.35,-16.224,0.051,3.126,1.826,0,1.826,8.205,0.051,0,1.62,0.206,1.62,0.206,6.874,74.642,140.616
2017-03-07T12:00:00,2457820,100.1866625,-20.376,-17.353,0.065,3.023,1.767,0,1.767,8.092,0.065,0,1.606,0.161,1.606,0.161,6.861,71.711,130.761
2017-03-08T12:00:00,2457821,100.0566865,-20.961,-18.004,0.034,2.957,1.709,0,1.709,8.049,0.034,0,1.616,0.093,1.616,0.093,6.864,71.087,151.582
2017-03-09T12:00:00,2457822,100.1557995,-19.188,-16.052,-0.003,3.137,1.779,0,1.779,8.07,-0.003,0,1.668,0.111,1.668,0.111,6.854,70.02,125.398
2017-03-10T12:00:00,2457823,100.08252,-19.508,-16.452,0,3.056,1.785,0,1.785,8.066,0,0,1.702,0.083,1.702,0.083,6.835,70.677,121.423
2017-03-11T12:00:00,2457824,100.1655635,-21.628,-18.512,0.011,3.117,1.799,0,1.799,8.068,0.011,0,1.711,0.088,1.711,0.088,6.842,69.84,117.46
2017-03-12T12:00:00,2457825,100.2314965,-21.684,-18.517,0.019,3.167,1.804,0,1.804,8.054,0.019,0,1.721,0.083,1.721,0.083,6.814,70.322,113.685
2017-03-13T12:00:00,2457826,100.191078,-20.573,-17.445,0.018,3.128,1.812,0,1.812,8.095,0.018,0,1.744,0.068,1.744,0.068,6.864,69.674,105.149
2017-03-14T12:00:00,2457827,100.1321585,-20.511,-17.428,0.011,3.083,1.782,0,1.782,8.033,0.011,0,1.726,0.056,1.726,0.056,6.83,69.235,124.436
2017-03-15T12:00:00,2457828,100.133474,-21.837,-18.727,-0.001,3.11,1.813,0,1.813,8.091,-0.001,0,1.716,0.098,1.716,0.098,6.841,70.725,120.634
2017-03-16T12:00:00,2457829,100.1791825,-21.308,-18.175,0.01,3.133,1.831,0,1.831,8.092,0.01,0,1.76,0.071,1.76,0.071,6.843,70.191,123.412
2017-03-17T12:00:00,2457830,100.0102675,-21.67,-18.741,0.025,2.929,1.804,0,1.804,8.061,0.025,0,1.734,0.071,1.734,0.071,6.834,69.932,124.803
2017-03-18T12:00:00,2457831,100.30396,-20.425,-17.165,0.01,3.26,1.828,0,1.828,8.104,0.01,0,1.732,0.095,1.732,0.095,6.847,70.471,120.333
2017-03-19T12:00:00,2457832,100.2383295,-20.278,-17.057,-0.003,3.221,1.847,0,1.847,8.155,-0.003,0,1.748,0.099,1.748,0.099,6.868,71.298,123.347
2017-03-20T12:00:00,2457833,100.466089,-19.861,-16.359,-0.026,3.502,1.947,0,1.947,8.236,-0.026,0,1.781,0.166,1.781,0.166,6.845,72.965,117.536
2017-03-21T12:00:00,2457834,100.2848095,-21.089,-17.81,-0.008,3.279,1.95,0,1.95,8.234,-0.008,0,1.762,0.188,1.762,0.188,6.83,73.455,119.358
2017-03-22T12:00:00,2457835,100.810114,-20.382,-16.594,0.004,3.788,2.042,0,2.043,8.337,0.001,0.004,1.876,0.166,1.876,0.166,6.839,74.83,132.723
2017-03-23T12:00:00,2457836,100.9168735,-19.989,-16.118,0.016,3.871,2.123,0.001,2.124,8.417,0.009,0.007,1.924,0.2,1.924,0.199,6.827,75.901,124.075
2017-03-24T12:00:00,2457837,100.9289355,-20.259,-16.38,0.018,3.879,2.157,0.001,2.158,8.507,0.012,0.005,1.866,0.291,1.866,0.291,6.855,77.411,122.683
2017-03-25T12:00:00,2457838,100.966437,-19.62,-15.691,0.012,3.93,2.154,0,2.154,8.498,0.012,0,1.87,0.283,1.87,0.283,6.857,77.167,131.379
2017-03-26T12:00:00,2457839,100.883119,-20.099,-16.365,0.064,3.734,2.226,0.002,2.228,8.677,0.05,0.015,1.795,0.433,1.795,0.431,6.845,83.239,140.984
2017-03-27T12:00:00,2457840,101.2619205,-21.766,-17.932,0.198,3.833,2.324,0.008,2.332,8.926,0.156,0.042,1.802,0.53,1.802,0.521,6.84,90.628,167.875
2017-03-28T12:00:00,2457841,101.7710945,-20.784,-16.592,0.272,4.193,2.37,0.018,2.388,9.13,0.205,0.066,1.783,0.605,1.783,0.587,6.848,96.828,182.616
2017-03-29T12:00:00,2457842,101.741805,-20.486,-16.094,0.165,4.392,2.398,0.018,2.416,9.22,0.135,0.03,1.739,0.677,1.739,0.658,6.828,99.255,179.361
2017-03-30T12:00:00,2457843,101.862261,-20.607,-16.009,0.126,4.598,2.429,0.023,2.452,9.444,0.125,0.001,1.711,0.741,1.711,0.718,6.835,105.986,198.599
2017-03-31T12:00:00,2457844,101.823388,-23.667,-18.899,0.028,4.768,2.439,0.028,2.467,9.694,0.053,-0.025,1.636,0.831,1.636,0.802,6.802,116.312,216.21
2017-04-01T12:00:00,2457845,101.5525585,-24.936,-20.002,-0.179,4.935,2.513,0.03,2.542,9.907,-0.106,-0.073,1.599,0.943,1.599,0.914,6.811,121.239,218.459
2017-04-02T12:00:00,2457846,100.221994,-23.321,-19.042,-0.506,4.28,2.518,0.033,2.551,10.007,-0.339,-0.167,1.581,0.97,1.581,0.938,6.829,126.543,233.703
2017-04-03T12:00:00,2457847,99.611545,-21.624,-17.914,-0.53,3.71,2.358,0.025,2.383,9.473,-0.376,-0.155,1.599,0.784,1.599,0.759,6.817,113.616,221.239
2017-04-03T12:00:00,2457847,99.611545,-21.624,-17.914,-0.53,3.71,2.358,0.025,2.383,9.473,-0.376,-0.155,1.599,0.784,1.599,0.759,6.817,113.616,221.239
2017-04-04T12:00:00,2457848,99.5815935,-19.434,-16.195,-0.324,3.239,2.232,0.017,2.248,9.062,-0.205,-0.119,1.573,0.676,1.573,0.659,6.779,104.215,203.228
2017-04-05T12:00:00,2457849,100.189873,-19.654,-16.292,-0.092,3.362,2.124,0.009,2.134,8.76,-0.021,-0.071,1.593,0.541,1.593,0.531,6.8,94.489,189.51
2017-04-06T12:00:00,2457850,100.566876,-19.326,-15.854,0.036,3.472,1.988,0.001,1.989,8.459,0.043,-0.007,1.64,0.349,1.64,0.348,6.774,85.594,178.502
2017-04-07T12:00:00,2457851,100.720812,-21.177,-17.497,0.012,3.68,1.903,0,1.903,8.268,0.012,0,1.61,0.293,1.61,0.293,6.73,80.465,152.857
2017-04-08T12:00:00,2457852,100.566454,-23.545,-20.005,0.004,3.54,1.898,0,1.898,8.204,0.004,0,1.629,0.27,1.629,0.27,6.74,77.15,137.286
2017-04-09T12:00:00,2457853,100.363046,-22.644,-19.326,0.011,3.318,1.84,0,1.84,8.101,0.011,0,1.622,0.217,1.622,0.217,6.73,75.112,137.453
2017-04-10T12:00:00,2457854,100.1373595,-21.472,-18.311,-0.023,3.161,1.913,0,1.914,8.197,-0.025,0.002,1.693,0.22,1.693,0.22,6.794,75.128,140.993
2017-04-11T12:00:00,2457855,100.2571775,-22.622,-19.43,0.02,3.191,1.946,0.001,1.947,8.207,0.014,0.006,1.71,0.237,1.71,0.236,6.77,75.846,138.169
2017-04-12T12:00:00,2457856,100.5239625,-20.863,-17.487,0.06,3.377,1.955,0,1.955,8.2,0.058,0.003,1.709,0.246,1.709,0.246,6.765,75.145,136.608
2017-04-13T12:00:00,2457857,100.6623895,-18.819,-15.284,0.052,3.535,1.933,0.001,1.934,8.219,0.05,0.002,1.683,0.251,1.683,0.25,6.736,77.624,152.209
2017-04-14T12:00:00,2457858,100.942932,-22.907,-19.033,0.027,3.874,2.014,0,2.014,8.333,0.027,0,1.745,0.269,1.745,0.269,6.763,78.417,146.634
2017-04-15T12:00:00,2457859,100.7411725,-22.905,-19.2,0.01,3.705,1.996,0,1.996,8.299,0.01,0,1.724,0.272,1.724,0.272,6.737,78.606,145.79
2017-04-16T12:00:00,2457860,100.7439395,-24.142,-20.385,-0.013,3.757,2.003,0,2.003,8.271,-0.013,0,1.764,0.239,1.764,0.239,6.738,77.269,140.394
2017-04-17T12:00:00,2457861,100.576082,-22.159,-18.637,0.017,3.522,2.014,0,2.014,8.216,0.017,0,1.771,0.244,1.771,0.244,6.723,75.293,127.584
2017-04-18T12:00:00,2457862,100.5226635,-23.178,-19.752,0.036,3.427,1.972,0,1.972,8.222,0.036,0,1.717,0.255,1.717,0.255,6.743,76.466,129.552
2017-04-19T12:00:00,2457863,100.62176,-22.558,-19.028,0.035,3.53,2.139,0.002,2.141,8.438,0.018,0.016,1.818,0.323,1.818,0.321,6.796,79.121,142.413
2017-04-20T12:00:00,2457864,100.889591,-20.399,-16.512,-0.004,3.886,2.306,0.004,2.31,8.73,-0.039,0.035,1.832,0.478,1.832,0.474,6.855,83.458,144.403
2017-04-21T12:00:00,2457865,101.162515,-19.54,-15.342,-0.02,4.198,2.501,0.005,2.506,9.055,-0.058,0.039,1.884,0.623,1.884,0.617,6.865,88.743,146.814
2017-04-22T12:00:00,2457866,101.9369335,-19.39,-14.577,0.061,4.813,2.663,0.008,2.67,9.386,0.014,0.048,1.884,0.786,1.884,0.779,6.879,94.684,156.313
2017-04-23T12:00:00,2457867,102.663728,-22.017,-16.384,0.023,5.634,2.919,0.008,2.927,9.806,-0.015,0.038,1.929,0.998,1.929,0.99,6.89,99.676,156.41
2017-04-24T12:00:00,2457868,102.61669,-24.412,-18.765,-0.005,5.646,3.015,0.008,3.023,9.977,-0.027,0.022,1.886,1.138,1.886,1.13,6.87,101.885,154.232
2017-04-26T12:00:00,2457870,102.4219275,-22.65,-17.245,0.015,5.405,2.922,0.007,2.929,9.823,0.031,-0.016,1.809,1.12,1.809,1.113,6.862,99.472,147.377
2017-04-27T12:00:00,2457871,102.0343675,-22.464,-17.538,0.055,4.925,2.733,0.005,2.738,9.579,0.076,-0.021,1.775,0.963,1.775,0.958,6.853,98.302,150.357
2017-04-28T12:00:00,2457872,101.485558,-20.543,-16.183,0.058,4.36,2.53,0.004,2.534,9.248,0.079,-0.021,1.765,0.769,1.765,0.765,6.89,93.008,148.324
2017-04-29T12:00:00,2457873,100.959951,-20.41,-16.57,0.051,3.84,2.282,0.002,2.285,8.795,0.065,-0.014,1.681,0.604,1.681,0.602,6.805,87.925,144.822
2017-04-30T12:00:00,2457874,100.445998,-20.501,-17.166,0.043,3.334,2.077,0.001,2.078,8.475,0.051,-0.008,1.623,0.455,1.623,0.454,6.806,81.768,135.313
2017-05-01T12:00:00,2457875,100.282176,-19.321,-16.236,0.081,3.086,1.913,0,1.913,8.271,0.083,-0.001,1.61,0.304,1.61,0.303,6.828,77.167,137.981
2017-05-02T12:00:00,2457876,100.5944585,-18.881,-15.552,0.116,3.329,1.845,0.002,1.847,8.25,0.112,0.004,1.567,0.281,1.567,0.278,6.774,81.118,164.339
2017-05-03T12:00:00,2457877,100.5532125,-20.065,-16.562,0.015,3.503,1.868,0.003,1.871,8.276,0.018,-0.003,1.615,0.256,1.615,0.253,6.755,81.573,177.127
2017-05-04T12:00:00,2457878,100.3075595,-17.409,-14.032,-0.043,3.377,1.875,0.002,1.877,8.235,-0.034,-0.009,1.614,0.264,1.614,0.262,6.723,80.634,169.173
2017-05-05T12:00:00,2457879,100.399565,-19.691,-16.323,0.005,3.368,1.923,0.003,1.925,8.258,0.009,-0.003,1.642,0.283,1.642,0.281,6.739,79.48,158.349
2017-05-06T12:00:00,2457880,100.0828365,-17.12,-14.115,0.024,3.005,1.837,0.001,1.838,8.109,0.032,-0.008,1.593,0.245,1.593,0.244,6.723,76.485,140.226
2017-05-07T12:00:00,2457881,100.2766915,-19.837,-16.623,0.019,3.213,1.833,0.001,1.834,8.093,0.025,-0.005,1.689,0.144,1.689,0.143,6.768,73.796,148.111
2017-05-08T12:00:00,2457882,100.0570805,-19.152,-16.139,0.008,3.013,1.714,0,1.714,7.922,0.008,0,1.609,0.105,1.609,0.105,6.728,71.259,133.815
2017-05-09T12:00:00,2457883,100.004464,-16.301,-13.333,0.004,2.968,1.709,0,1.709,7.884,0.004,0,1.607,0.101,1.607,0.101,6.717,69.829,131.356
2017-05-10T12:00:00,2457884,100.0666335,-19.214,-16.186,0.006,3.027,1.734,0,1.734,7.913,0.006,0,1.655,0.079,1.655,0.079,6.722,70.063,132.134
2017-05-11T12:00:00,2457885,100.1012625,-19.135,-16.092,0.015,3.043,1.722,0,1.722,7.903,0.015,0,1.641,0.081,1.641,0.081,6.742,68.861,115.095
2017-05-12T12:00:00,2457886,100.0547075,-21.71,-18.693,0.005,3.017,1.75,0,1.75,7.913,0.005,0,1.681,0.069,1.681,0.069,6.729,69.031,114.543
2017-05-13T12:00:00,2457887,100.0660755,-21.139,-18.042,-0.027,3.097,1.773,0,1.773,7.961,-0.027,0,1.719,0.054,1.719,0.054,6.762,69.201,124.192
2017-05-16T12:00:00,2457890,100.4171,-19.402,-15.952,-0.025,3.45,1.883,0,1.883,8.136,-0.025,0,1.726,0.157,1.726,0.157,6.777,73.751,144.966
2017-05-17T12:00:00,2457891,100.2428225,-20.895,-17.462,-0.1,3.433,2.003,0,2.003,8.286,-0.102,0.002,1.735,0.268,1.735,0.268,6.786,76.51,132.788
2017-05-18T12:00:00,2457892,100.687229,-20.021,-16.188,-0.076,3.834,2.145,0.001,2.146,8.477,-0.082,0.006,1.765,0.381,1.765,0.38,6.786,79.979,132.97
2017-05-19T12:00:00,2457893,101.26991,-21.03,-16.712,-0.025,4.318,2.393,0.002,2.395,8.773,-0.037,0.012,1.889,0.506,1.889,0.504,6.814,82.454,131.922
2017-05-20T12:00:00,2457894,101.633299,-22.62,-17.93,-0.026,4.69,2.547,0.002,2.549,9.006,-0.035,0.009,1.968,0.581,1.968,0.579,6.827,85.54,133.779
2017-05-21T12:00:00,2457895,102.069618,-21.466,-16.426,0.018,5.04,2.635,0.001,2.637,9.228,0.016,0.002,1.979,0.658,1.979,0.656,6.885,88.416,137.834
2017-05-23T12:00:00,2457897,102.38958,-23.215,-17.875,0.03,5.34,2.744,0.001,2.744,9.408,0.03,0,1.895,0.85,1.895,0.849,6.87,91.013,134.898
2017-05-24T12:00:00,2457898,101.8910725,-24.056,-19.342,0.085,4.715,2.606,0.001,2.607,9.286,0.088,-0.003,1.872,0.735,1.872,0.734,6.898,90.814,141.279
2017-05-27T12:00:00,2457901,99.7390415,-20.632,-17.731,-0.091,2.901,2.115,0.004,2.119,8.665,-0.057,-0.033,1.716,0.403,1.716,0.399,6.955,83.606,162.478
2017-05-28T12:00:00,2457902,99.923083,-21.642,-18.744,-0.002,2.898,1.978,0.003,1.98,8.306,0.02,-0.023,1.655,0.326,1.655,0.323,6.79,79.606,160.566
2017-05-30T12:00:00,2457904,100.570187,-21.814,-18.298,0.017,3.516,1.811,0,1.811,8.12,0.017,0,1.612,0.199,1.612,0.199,6.758,75.759,147.657
2017-05-31T12:00:00,2457905,100.4390315,-22.204,-18.783,-0.001,3.421,1.864,0,1.864,8.163,-0.001,0,1.642,0.222,1.642,0.222,6.744,76.19,142.434
2017-06-01T12:00:00,2457906,100.46509,-22.505,-19.081,0.01,3.424,1.898,0,1.898,8.175,0.008,0.002,1.667,0.232,1.667,0.231,6.75,75.361,137.198
2017-06-03T12:00:00,2457908,100.405352,-22.518,-19.265,0.062,3.252,2.027,0.002,2.029,8.46,0.047,0.015,1.616,0.414,1.616,0.412,6.793,84.044,159.089
2017-06-04T12:00:00,2457909,101.0301915,-22.881,-19.008,0.069,3.873,2.165,0.001,2.166,8.682,0.061,0.008,1.67,0.496,1.67,0.495,6.793,88.367,162.985
2017-06-05T12:00:00,2457910,101.47744,-21.235,-16.941,0.085,4.294,2.206,0.001,2.208,8.818,0.077,0.008,1.64,0.568,1.64,0.566,6.812,90.855,161.789
2017-06-07T12:00:00,2457912,101.618953,-24.165,-19.573,0.013,4.592,2.291,0,2.291,8.945,0.013,0,1.638,0.653,1.638,0.653,6.79,92.013,152.731
2017-06-08T12:00:00,2457913,101.2451505,-21.561,-17.295,-0.012,4.265,2.205,0,2.205,8.838,-0.012,0,1.608,0.597,1.608,0.597,6.792,91.02,153.023
2017-06-10T12:00:00,2457915,100.4802635,-20.893,-17.584,0.071,3.309,2.03,0,2.03,8.405,0.071,0,1.666,0.364,1.666,0.364,6.781,80.953,144.368
2017-06-11T12:00:00,2457916,100.4494565,-22.039,-18.863,0.119,3.175,1.949,0,1.949,8.201,0.119,0,1.72,0.229,1.72,0.229,6.795,74.132,124.512
2017-06-12T12:00:00,2457917,100.205982,-20.955,-17.8,0.012,3.156,1.88,0,1.88,8.088,0.012,0,1.769,0.112,1.769,0.112,6.793,71.072,121.314
2017-06-13T12:00:00,2457918,100.217411,-22.863,-19.597,-0.034,3.266,1.922,0,1.922,8.139,-0.034,0,1.804,0.118,1.804,0.118,6.798,71.628,116.896
2017-06-14T12:00:00,2457919,100.6465665,-21.405,-17.73,-0.021,3.675,2.086,0.002,2.087,8.365,-0.038,0.017,1.837,0.251,1.837,0.249,6.822,75.699,127
2017-06-16T12:00:00,2457921,101.8421025,-22.758,-17.878,-0.015,4.879,2.569,0.008,2.577,9.209,-0.035,0.02,1.912,0.665,1.912,0.657,6.829,92.036,151.853
2017-06-17T12:00:00,2457922,102.2443835,-24.343,-19.046,-0.019,5.297,2.759,0.007,2.766,9.457,-0.02,0.002,1.993,0.773,1.993,0.766,6.844,93.498,150.12
2017-06-18T12:00:00,2457923,102.024198,-22.336,-17.246,-0.027,5.09,2.77,0.006,2.776,9.458,-0.017,-0.01,2.004,0.771,2.004,0.765,6.869,92.262,146.949
2017-06-19T12:00:00,2457924,102.0243315,-24.163,-19.214,0.039,4.949,2.691,0.004,2.695,9.344,0.051,-0.013,2.009,0.686,2.009,0.682,6.914,89.514,140.997
2017-06-20T12:00:00,2457925,101.396467,-23.027,-18.808,0.082,4.218,2.493,0.002,2.494,9.052,0.09,-0.008,1.944,0.55,1.944,0.549,6.921,85.505,135.035
2017-06-21T12:00:00,2457926,100.9016505,-21.632,-17.877,0.063,3.755,2.268,0.002,2.27,8.775,0.058,0.005,1.853,0.417,1.853,0.415,6.915,82.961,140.003
2017-06-22T12:00:00,2457927,100.3103825,-18.935,-15.754,0.05,3.181,2.132,0.002,2.134,8.498,0.037,0.014,1.791,0.343,1.791,0.341,6.83,80.164,142.278
2017-06-23T12:00:00,2457928,100.298998,-21.247,-18.223,0.118,3.024,2.023,0.002,2.025,8.358,0.099,0.019,1.698,0.327,1.698,0.324,6.827,78.076,137.485
2017-06-24T12:00:00,2457929,100.713838,-21.931,-18.58,0.163,3.35,1.963,0.004,1.967,8.401,0.141,0.022,1.675,0.291,1.675,0.288,6.832,81.547,164.704
2017-06-25T12:00:00,2457930,100.839964,-21.612,-17.954,0.079,3.658,1.938,0.003,1.941,8.4,0.066,0.013,1.644,0.298,1.644,0.294,6.798,82.894,170.41
2017-06-26T12:00:00,2457931,100.8572435,-21.828,-18.008,0.011,3.821,2.023,0.004,2.027,8.566,0.008,0.002,1.649,0.378,1.649,0.374,6.788,87.041,171.942
2017-06-27T12:00:00,2457932,100.7169595,-20.285,-16.502,-0.038,3.783,2.037,0.004,2.04,8.593,-0.029,-0.009,1.655,0.385,1.655,0.382,6.812,86.636,167.355
2017-06-28T12:00:00,2457933,100.420744,-21.417,-17.897,-0.056,3.52,2.008,0.003,2.011,8.483,-0.04,-0.016,1.655,0.356,1.655,0.353,6.847,81.652,153.5
2017-06-29T12:00:00,2457934,99.9953215,-21.702,-18.615,-0.056,3.087,1.938,0.002,1.94,8.29,-0.04,-0.015,1.641,0.299,1.641,0.297,6.806,77.953,138.958
2017-06-30T12:00:00,2457935,100.067208,-21.087,-18.052,0.003,3.034,1.909,0.001,1.91,8.218,0.014,-0.011,1.657,0.253,1.657,0.252,6.821,75.163,130.691
2017-07-01T12:00:00,2457936,100.397084,-20.885,-17.635,0.059,3.25,1.92,0.001,1.921,8.227,0.064,-0.005,1.703,0.218,1.703,0.217,6.814,75.135,137.027
2017-07-02T12:00:00,2457937,100.513882,-18.055,-14.606,0.022,3.448,1.873,0,1.873,8.175,0.022,0,1.684,0.19,1.684,0.19,6.819,73.428,125.707
2017-07-03T12:00:00,2457938,100.3927485,-18.909,-15.518,-0.009,3.391,1.861,0,1.861,8.155,-0.009,0,1.643,0.218,1.643,0.218,6.793,73.871,127
2017-07-05T12:00:00,2457940,100.4849675,-21.149,-17.661,-0.01,3.487,1.919,0,1.919,8.191,-0.01,0,1.697,0.223,1.697,0.223,6.806,73.013,120.801
2017-07-06T12:00:00,2457941,100.3873505,-19.892,-16.607,0.038,3.285,1.927,0.002,1.929,8.236,0.017,0.021,1.699,0.23,1.699,0.228,6.821,74.875,130.624
2017-07-07T12:00:00,2457942,100.8483935,-22.164,-18.769,0.206,3.395,2.007,0.007,2.014,8.468,0.14,0.066,1.695,0.319,1.695,0.312,6.836,83.464,177.208
2017-07-08T12:00:00,2457943,101.89975,-20.364,-16.41,0.445,3.954,2.122,0.015,2.137,8.763,0.307,0.137,1.738,0.399,1.738,0.384,6.849,91.898,211.499
2017-07-09T12:00:00,2457944,102.6811515,-20.7,-16.141,0.534,4.559,2.24,0.023,2.263,9.216,0.362,0.172,1.688,0.575,1.688,0.551,6.851,105.673,227.784
2017-07-12T12:00:00,2457947,102.0092735,-23.711,-18.108,-0.274,5.603,2.724,0.022,2.745,10.199,-0.192,-0.082,1.85,0.896,1.85,0.874,6.914,117.742,216.575
2017-07-15T12:00:00,2457950,100.569775,-20.314,-16.174,-0.275,4.14,2.822,0.018,2.84,9.698,-0.078,-0.197,1.951,0.889,1.951,0.872,6.921,99.222,167.221
2017-07-17T12:00:00,2457952,100.9878525,-22.473,-18.688,0.09,3.785,2.119,0,2.119,8.527,0.09,0,1.818,0.301,1.818,0.301,6.903,77.538,122.482
2017-07-18T12:00:00,2457953,100.255379,-20.134,-16.932,0.014,3.202,1.99,0,1.99,8.373,0.014,0,1.797,0.193,1.797,0.193,6.92,74.331,122.23
2017-07-20T12:00:00,2457955,100.0835025,-21.04,-17.982,0,3.057,1.924,0,1.924,8.334,0,0,1.739,0.184,1.739,0.184,6.987,72.659,123.418
2017-07-21T12:00:00,2457956,100.2279885,-19.069,-15.973,0.051,3.095,1.872,0,1.872,8.243,0.051,0,1.639,0.233,1.639,0.233,6.877,74.811,130.355
2017-07-22T12:00:00,2457957,100.6124485,-18.752,-15.255,0.046,3.497,1.857,0,1.857,8.3,0.046,0,1.592,0.265,1.592,0.265,6.891,76.817,136.27
2017-07-24T12:00:00,2457959,100.5523215,-19.675,-16.128,-0.006,3.547,1.896,0,1.896,8.352,-0.006,0,1.66,0.236,1.66,0.236,6.924,75.568,132.144
2017-07-27T12:00:00,2457962,100.3533405,-18.717,-15.487,0.048,3.229,1.929,0,1.929,8.41,0.048,0,1.683,0.246,1.683,0.246,6.992,75.273,134.78
2017-07-30T12:00:00,2457965,100.401455,-20.578,-17.176,-0.01,3.402,1.833,0,1.833,8.321,-0.01,0,1.594,0.239,1.594,0.239,6.932,76.362,140.706
2017-08-01T12:00:00,2457967,99.937246,-19.248,-16.342,0.001,2.906,1.765,0,1.765,8.145,0.001,0,1.624,0.142,1.624,0.142,6.915,71.23,123.025
2017-08-02T12:00:00,2457968,99.9769235,-19.835,-16.91,0.011,2.925,1.808,0.003,1.81,8.218,-0.017,0.028,1.618,0.192,1.618,0.19,6.958,72.349,138.728
2017-08-03T12:00:00,2457969,100.327118,-17.832,-14.48,-0.022,3.352,2.005,0.005,2.01,8.511,-0.075,0.053,1.724,0.286,1.724,0.282,7.018,77.428,150.72
2017-08-04T12:00:00,2457970,100.990772,-20.233,-16.322,0.032,3.912,2.166,0.007,2.173,8.737,-0.035,0.067,1.734,0.438,1.734,0.431,6.985,82.88,149.519
2017-08-05T12:00:00,2457971,101.7056965,-17.992,-13.517,0.109,4.475,2.307,0.008,2.315,8.996,0.053,0.056,1.732,0.582,1.732,0.575,6.986,87.637,148.077
2017-08-06T12:00:00,2457972,102.003788,-19.703,-14.869,0.083,4.834,2.423,0.008,2.431,9.263,0.049,0.034,1.773,0.658,1.773,0.65,7.042,90.999,149.584
2017-08-07T12:00:00,2457973,101.980438,-21.941,-16.948,-0.002,4.992,2.506,0.008,2.514,9.411,-0.004,0.002,1.833,0.682,1.833,0.673,7.062,92.403,151.386
2017-08-08T12:00:00,2457974,101.602905,-20.744,-15.916,-0.105,4.828,2.547,0.008,2.555,9.503,-0.077,-0.028,1.897,0.658,1.897,0.65,7.1,93.205,155.894
2017-08-09T12:00:00,2457975,101.011956,-21.73,-17.388,-0.159,4.342,2.547,0.008,2.555,9.327,-0.109,-0.05,1.943,0.611,1.943,0.604,7.069,88.531,145.512
2017-08-10T12:00:00,2457976,100.5801225,-21.204,-17.417,-0.105,3.787,2.444,0.006,2.45,9.136,-0.054,-0.05,1.954,0.496,1.954,0.49,7.07,85.637,145.823
2017-08-11T12:00:00,2457977,100.4353875,-20.255,-16.904,0.03,3.351,2.301,0.004,2.305,8.848,0.069,-0.038,1.982,0.323,1.982,0.32,7.062,79.697,142.274
2017-08-12T12:00:00,2457978,100.495198,-21.585,-18.233,0.058,3.352,2.104,0.002,2.106,8.617,0.078,-0.021,1.896,0.21,1.896,0.208,7.057,76.172,136.127
2017-08-13T12:00:00,2457979,100.354112,-20.213,-16.949,0.032,3.264,1.944,0,1.944,8.379,0.032,0,1.825,0.119,1.825,0.119,7.014,71.647,111.111
2017-08-14T12:00:00,2457980,100.016465,-21.581,-18.635,0.02,2.946,1.842,0,1.842,8.275,0.02,0,1.754,0.088,1.754,0.088,7.025,69.562,105.317
2017-08-15T12:00:00,2457981,99.914271,-19.748,-16.844,-0.009,2.904,1.859,0.001,1.86,8.375,-0.014,0.006,1.731,0.129,1.731,0.128,7.051,73.854,159.148
2017-08-16T12:00:00,2457982,100.420073,-19.113,-15.923,0.098,3.19,2.012,0.006,2.018,8.62,0.049,0.049,1.707,0.311,1.707,0.305,7.048,81.193,171.527
2017-08-17T12:00:00,2457983,101.4688455,-20.332,-16.545,0.318,3.787,2.148,0.011,2.16,8.954,0.22,0.098,1.719,0.441,1.719,0.43,7.048,90.78,193.817
2017-08-18T12:00:00,2457984,102.451826,-20.706,-16.096,0.401,4.61,2.227,0.015,2.242,9.328,0.296,0.105,1.688,0.554,1.688,0.538,7.078,101.075,210.192
2017-08-19T12:00:00,2457985,102.556323,-21.512,-16.554,0.288,4.958,2.254,0.018,2.272,9.546,0.207,0.081,1.623,0.648,1.623,0.63,7.067,108.031,215.783
2017-08-20T12:00:00,2457986,101.990352,-24.872,-19.963,0.042,4.908,2.278,0.018,2.296,9.695,0.03,0.013,1.587,0.709,1.587,0.691,7.093,111.224,212.868
2017-08-21T12:00:00,2457987,101.339295,-24.57,-19.882,-0.165,4.688,2.475,0.017,2.493,9.917,-0.144,-0.021,1.69,0.803,1.69,0.786,7.188,109.394,200.261
2017-08-22T12:00:00,2457988,100.687989,-21.46,-17.389,-0.186,4.07,2.531,0.02,2.552,9.868,-0.187,0.001,1.691,0.86,1.691,0.84,7.115,109.213,197.264
2017-08-23T12:00:00,2457989,101.2045185,-21.241,-17.119,0.036,4.121,2.615,0.019,2.633,9.837,0.019,0.017,1.68,0.953,1.68,0.935,7.117,105.204,177.932
2017-08-24T12:00:00,2457990,101.7387355,-18.461,-14.133,0.193,4.329,2.538,0.016,2.554,9.694,0.172,0.021,1.708,0.847,1.708,0.831,7.132,102.109,177.732
2017-08-25T12:00:00,2457991,101.844876,-21.329,-16.878,0.186,4.452,2.357,0.009,2.365,9.596,0.174,0.012,1.614,0.751,1.614,0.742,7.168,102.743,181.021
2017-08-26T12:00:00,2457992,101.4522,-25.013,-20.595,0.015,4.418,2.248,0.005,2.254,9.409,0.026,-0.011,1.591,0.663,1.591,0.657,7.133,99.852,179.671
2017-08-27T12:00:00,2457993,101.0222615,-19.792,-15.617,-0.076,4.175,2.181,0.004,2.185,9.201,-0.06,-0.016,1.58,0.604,1.58,0.601,7.119,93.969,163.805
2017-08-28T12:00:00,2457994,100.449178,-21.91,-18.252,-0.107,3.658,2.14,0.003,2.143,8.981,-0.082,-0.025,1.658,0.485,1.658,0.482,7.108,87.449,155.233
2017-08-29T12:00:00,2457995,100.180062,-20.306,-17.015,-0.063,3.29,2.116,0.004,2.12,8.846,-0.05,-0.012,1.679,0.441,1.679,0.437,7.153,81.799,143.179
2017-08-30T12:00:00,2457996,100.43818,-20.034,-16.894,0.13,3.14,2.167,0.009,2.177,8.963,0.059,0.071,1.745,0.432,1.745,0.423,7.213,84.816,166.777
2017-08-31T12:00:00,2457997,101.770243,-19.006,-15.095,0.403,3.912,2.487,0.021,2.508,9.483,0.225,0.178,1.811,0.697,1.811,0.676,7.209,95.866,183.905
2017-09-01T12:00:00,2457998,103.334481,-19.471,-14.402,0.606,5.07,2.598,0.03,2.628,9.76,0.35,0.255,1.772,0.857,1.772,0.826,7.178,101.236,177.892
2017-09-02T12:00:00,2457999,104.7216135,-19.533,-13.403,0.771,6.129,2.889,0.041,2.93,10.331,0.487,0.284,1.81,1.12,1.81,1.079,7.174,109.003,178.608
2017-09-03T12:00:00,2458000,105.489969,-23.095,-15.613,0.504,7.482,3.3,0.047,3.347,11.487,0.334,0.17,1.823,1.525,1.823,1.478,7.23,126.911,197.848
2017-09-04T12:00:00,2458001,104.780737,-30.038,-21.766,-0.203,8.272,3.583,0.07,3.653,12.506,-0.14,-0.062,1.866,1.787,1.866,1.717,7.261,143.11,222.338
2017-09-05T12:00:00,2458002,102.8686085,-24.964,-17.075,-0.934,7.889,3.748,0.075,3.823,12.786,-0.614,-0.32,1.866,1.957,1.866,1.881,7.243,144.084,217.089
2017-09-06T12:00:00,2458003,101.5421125,-21.308,-13.933,-1.325,7.375,3.833,0.077,3.91,12.628,-0.809,-0.516,2.004,1.906,2.004,1.83,7.264,138.221,212.199
2017-09-07T12:00:00,2458004,100.1840065,-20.058,-14.277,-1.226,5.781,3.669,0.061,3.73,12.027,-0.693,-0.533,1.979,1.751,1.979,1.69,7.28,130.134,203.594
2017-09-08T12:00:00,2458005,100.0281885,-21.274,-16.971,-0.609,4.303,3.207,0.035,3.242,11.035,-0.28,-0.33,1.842,1.4,1.842,1.365,7.278,119.859,193.948
2017-09-09T12:00:00,2458006,100.8052815,-22.575,-18.546,-0.111,4.029,2.637,0.012,2.649,9.846,0.008,-0.119,1.846,0.804,1.846,0.791,7.293,98.089,167.646
2017-09-10T12:00:00,2458007,100.619054,-21.609,-18.101,0.044,3.508,2.261,0,2.262,9.229,0.046,-0.003,1.743,0.519,1.743,0.519,7.328,85.238,143.655
2017-09-11T12:00:00,2458008,100.388122,-19.911,-16.591,0.022,3.32,2.359,0.003,2.362,9.362,-0.005,0.027,1.951,0.411,1.951,0.408,7.564,78.567,136.973
2017-09-12T12:00:00,2458009,100.3206295,-20.108,-16.985,0.082,3.123,2.123,0.004,2.127,8.822,0.043,0.039,1.796,0.331,1.796,0.327,7.216,78.383,141.4
2017-09-13T12:00:00,2458010,100.693025,-19.495,-16.117,0.14,3.378,2.074,0.005,2.079,8.777,0.104,0.035,1.81,0.268,1.81,0.264,7.199,78.748,152.244
2017-09-14T12:00:00,2458011,100.7332185,-19.458,-15.945,0.096,3.513,1.982,0.005,1.987,8.704,0.072,0.024,1.706,0.281,1.706,0.276,7.166,79.315,154.331
2017-09-15T12:00:00,2458012,100.6684815,-20.986,-17.417,0.039,3.569,2.001,0.005,2.005,8.768,0.031,0.008,1.692,0.313,1.692,0.309,7.178,80.187,151.177
2017-09-16T12:00:00,2458013,100.683796,-19.118,-15.388,-0.029,3.73,2.017,0.004,2.021,8.828,-0.023,-0.006,1.685,0.336,1.685,0.332,7.187,81.716,153.273
2017-09-17T12:00:00,2458014,100.30646,-21.785,-18.191,-0.145,3.594,2.053,0.004,2.057,8.896,-0.128,-0.017,1.712,0.345,1.712,0.341,7.228,81.994,150.018
2017-09-18T12:00:00,2458015,100.218565,-22.558,-19,-0.17,3.558,2.124,0.003,2.127,8.922,-0.151,-0.018,1.729,0.397,1.729,0.395,7.235,80.887,138.378
2017-09-19T12:00:00,2458016,100.4945535,-20.187,-16.533,-0.084,3.655,2.184,0.002,2.186,8.983,-0.067,-0.017,1.757,0.429,1.757,0.427,7.259,80.491,130.015
2017-09-20T12:00:00,2458017,100.7919295,-19.129,-15.398,0.022,3.731,2.13,0.001,2.131,8.892,0.03,-0.008,1.703,0.428,1.703,0.427,7.2,80.586,130.083
2017-09-21T12:00:00,2458018,101.1354105,-21.04,-17.016,0.048,4.025,2.16,0.002,2.162,8.976,0.036,0.012,1.812,0.35,1.812,0.347,7.268,80.29,133.237
2017-09-22T12:00:00,2458019,100.899083,-24.518,-20.648,0.008,3.87,2.137,0.003,2.14,8.957,-0.02,0.029,1.733,0.406,1.733,0.403,7.271,80.152,131.731
2017-09-23T12:00:00,2458020,100.860388,-22.268,-18.417,-0.002,3.852,2.147,0.004,2.152,9.01,-0.036,0.035,1.722,0.429,1.722,0.425,7.252,82.887,142.653
2017-09-24T12:00:00,2458021,100.9747495,-20.614,-16.729,0.037,3.885,2.163,0.005,2.168,8.965,0.009,0.028,1.734,0.434,1.734,0.43,7.185,83.242,144.532
2017-09-25T12:00:00,2458022,101.066394,-24.721,-20.746,0.039,3.974,2.297,0.009,2.306,9.196,-0.016,0.055,1.756,0.551,1.756,0.541,7.219,87.999,154.035
2017-09-26T12:00:00,2458023,101.535288,-24.397,-19.965,0.048,4.432,2.578,0.017,2.596,9.667,-0.068,0.116,1.8,0.796,1.8,0.778,7.261,96.132,163.025
2017-09-27T12:00:00,2458024,102.4981965,-22.455,-17.152,0.099,5.303,2.885,0.02,2.905,10.124,-0.045,0.145,1.904,1.001,1.904,0.981,7.293,100.399,163.649
2017-09-28T12:00:00,2458025,103.7129085,-21.768,-15.543,0.246,6.225,3.146,0.023,3.169,10.568,0.1,0.146,1.955,1.214,1.955,1.191,7.25,106.011,165.859
2017-09-29T12:00:00,2458026,104.4756895,-21.388,-14.485,0.292,6.903,3.295,0.024,3.319,10.971,0.186,0.106,1.925,1.394,1.925,1.37,7.307,109.976,164.625
2017-09-30T12:00:00,2458027,104.315697,-24.774,-17.82,0.192,6.954,3.358,0.023,3.382,11.138,0.145,0.047,1.954,1.428,1.954,1.404,7.362,110.318,163.42
2017-10-06T12:00:00,2458033,100.3483085,-20.933,-17.63,0.011,3.303,2.2,0.005,2.206,8.917,0.064,-0.054,1.89,0.316,1.89,0.311,7.211,79.936,147.076
2017-10-07T12:00:00,2458034,100.380956,-20.901,-17.661,0.056,3.24,1.936,0,1.936,8.55,0.056,0,1.789,0.147,1.789,0.147,7.185,72.55,118.172
2017-10-10T12:00:00,2458037,100.157523,-20.086,-16.927,-0.012,3.158,1.836,0,1.836,8.413,-0.012,0,1.736,0.1,1.736,0.1,7.157,70.874,123.282
2017-10-11T12:00:00,2458038,100.1875115,-18.544,-15.379,-0.001,3.165,1.856,0,1.856,8.433,-0.001,0,1.751,0.105,1.751,0.105,7.139,71.877,135.391
2017-10-15T12:00:00,2458042,100.187589,-20.216,-16.944,-0.051,3.272,2.02,0,2.02,8.707,-0.051,0,1.836,0.184,1.836,0.184,7.268,73.112,118.973
2017-10-16T12:00:00,2458043,100.416434,-18.808,-15.41,-0.001,3.398,2.01,0,2.01,8.712,-0.001,0,1.809,0.201,1.809,0.201,7.281,73.258,119.861
2017-10-17T12:00:00,2458044,100.616817,-19.385,-15.875,0.042,3.51,2.012,0,2.012,8.879,0.042,0,1.829,0.183,1.829,0.183,7.445,73.261,121.525
2017-10-18T12:00:00,2458045,100.5234045,-21.422,-17.975,0.027,3.447,1.978,0,1.978,8.914,0.027,0,1.793,0.185,1.793,0.185,7.513,72.795,121.464
2017-10-19T12:00:00,2458046,100.3602065,-19.642,-16.205,-0.046,3.437,1.921,0,1.921,8.542,-0.046,0,1.746,0.174,1.746,0.174,7.17,73.069,124.868
2017-10-22T12:00:00,2458049,100.525719,-19.789,-16.237,-0.021,3.552,2.049,0.001,2.051,8.67,-0.033,0.012,1.808,0.243,1.808,0.241,7.171,75.345,130.057
2017-10-23T12:00:00,2458050,100.492272,-20.335,-16.63,-0.108,3.704,2.148,0.002,2.15,8.836,-0.125,0.017,1.813,0.336,1.813,0.335,7.184,79.193,136.986
2017-10-24T12:00:00,2458051,100.8491025,-20.156,-15.999,-0.15,4.157,2.377,0.002,2.38,9.138,-0.169,0.019,1.845,0.535,1.845,0.533,7.182,84.413,138.148
2017-10-25T12:00:00,2458052,101.6274065,-22.99,-18.167,-0.091,4.823,2.619,0.003,2.622,9.484,-0.109,0.018,1.951,0.671,1.951,0.668,7.213,87.911,138.96
2017-10-26T12:00:00,2458053,102.5474155,-20.884,-15.347,0.013,5.537,2.76,0.002,2.762,9.694,0.004,0.009,1.991,0.771,1.991,0.769,7.183,91.111,140.966
2017-11-03T12:00:00,2458061,100.160937,-22.11,-19.064,0.042,3.046,1.818,0,1.818,8.327,0.042,0,1.773,0.045,1.773,0.045,7.117,69.068,107.616
2017-11-04T12:00:00,2458062,99.933907,-22.329,-19.343,-0.038,2.986,1.743,0,1.743,8.24,-0.038,0,1.702,0.041,1.702,0.041,7.095,68.083,110.722
2017-11-06T12:00:00,2458064,100.155966,-22.281,-19.131,-0.009,3.15,1.801,0,1.801,8.3,-0.009,0,1.734,0.067,1.734,0.067,7.095,69.145,127.467
2017-11-07T12:00:00,2458065,100.4484485,-20.442,-17.005,-0.004,3.437,1.851,0,1.851,8.357,-0.004,0,1.75,0.101,1.75,0.101,7.088,70.477,115.342
2017-11-09T12:00:00,2458067,100.274743,-21.405,-18.118,-0.017,3.288,1.831,0,1.831,8.447,-0.017,0,1.7,0.131,1.7,0.131,7.181,70.602,117.424
2017-11-10T12:00:00,2458068,100.314648,-22.258,-18.907,-0.027,3.35,1.882,0,1.882,8.457,-0.027,0,1.78,0.102,1.78,0.102,7.149,71.293,124.721
2017-11-11T12:00:00,2458069,100.3351445,-21.881,-18.509,-0.028,3.373,1.922,0,1.922,8.584,-0.028,0,1.807,0.115,1.807,0.115,7.275,70.231,117.034
2017-11-12T12:00:00,2458070,100.286139,-22.252,-19.007,0.009,3.244,1.885,0,1.885,8.568,0.009,0,1.793,0.092,1.793,0.092,7.29,70.015,118.247
2017-11-13T12:00:00,2458071,100.2448435,-22.53,-19.342,0.016,3.187,1.862,0,1.862,8.52,0.016,0,1.795,0.067,1.795,0.067,7.265,69.524,114.169
2017-11-14T12:00:00,2458072,100.0952175,-22.078,-18.976,-0.015,3.101,1.814,0,1.814,8.381,-0.015,0,1.74,0.074,1.74,0.074,7.135,70.713,124.226
2017-11-15T12:00:00,2458073,100.152266,-22.41,-19.082,-0.094,3.328,1.954,0.001,1.955,8.557,-0.101,0.007,1.772,0.184,1.772,0.183,7.172,73.489,139.142
2017-11-16T12:00:00,2458074,100.57619,-21.798,-18.154,-0.04,3.644,2.041,0.001,2.042,8.698,-0.047,0.007,1.775,0.267,1.775,0.266,7.15,77.9,151.809
2017-11-17T12:00:00,2458075,100.987644,-22.384,-18.426,0.009,3.958,2.09,0,2.09,8.817,0.007,0.002,1.745,0.345,1.745,0.345,7.142,81.374,153.88
2017-11-18T12:00:00,2458076,101.148971,-21.228,-17.079,-0.004,4.15,2.135,0,2.135,8.893,-0.007,0.002,1.753,0.382,1.753,0.381,7.117,83.763,150.987
2017-11-19T12:00:00,2458077,101.0731545,-24.047,-19.848,-0.063,4.199,2.208,0,2.208,8.977,-0.063,0,1.769,0.439,1.769,0.439,7.137,83.821,143.891
2017-11-20T12:00:00,2458078,101.1799915,-23.158,-18.769,-0.101,4.389,2.321,0,2.321,9.153,-0.101,0,1.836,0.486,1.836,0.486,7.157,86.488,148.504
2017-11-21T12:00:00,2458079,101.36975,-19.587,-15.007,-0.1,4.58,2.419,0,2.419,9.185,-0.1,0,1.894,0.525,1.894,0.525,7.106,86.318,140.728
2017-11-22T12:00:00,2458080,101.6917355,-20.018,-15.244,-0.037,4.773,2.504,0,2.504,9.338,-0.037,0,1.93,0.574,1.93,0.574,7.189,86.318,136.073
2017-11-23T12:00:00,2458081,101.903348,-22.75,-17.922,0.038,4.828,2.534,0,2.534,9.343,0.038,0,1.985,0.549,1.985,0.549,7.233,83.944,129.637
2017-11-24T12:00:00,2458082,101.7474165,-24.417,-19.814,0.069,4.603,2.433,0,2.433,9.133,0.069,0,1.965,0.469,1.965,0.469,7.144,82.339,128.149
2017-11-25T12:00:00,2458083,101.565082,-23.533,-18.983,0.007,4.55,2.416,0.001,2.417,9.145,0.008,0,1.952,0.466,1.952,0.465,7.122,83.748,135.888
2017-11-26T12:00:00,2458084,101.0862435,-24.131,-19.97,-0.039,4.161,2.342,0.005,2.346,9.119,-0.021,-0.018,1.938,0.408,1.938,0.404,7.112,85.929,155.699
2017-11-27T12:00:00,2458085,100.477546,-23.121,-19.633,-0.014,3.488,2.178,0.003,2.181,8.84,0.006,-0.02,1.857,0.324,1.857,0.321,7.106,81.068,147.584
2017-11-28T12:00:00,2458086,100.1525775,-22.247,-19.248,0.06,2.999,1.978,0.001,1.979,8.593,0.069,-0.01,1.767,0.213,1.767,0.211,7.131,76.383,150.327
2017-11-29T12:00:00,2458087,100.0348135,-24.938,-22.061,0.061,2.877,1.822,0.001,1.823,8.373,0.068,-0.006,1.724,0.099,1.724,0.098,7.114,71.834,143.015
2017-11-30T12:00:00,2458088,100.056248,-20.654,-17.706,0.038,2.948,1.723,0,1.723,8.215,0.039,-0.001,1.685,0.038,1.685,0.038,7.09,68.041,134.896
2017-12-01T12:00:00,2458089,99.831877,-23.366,-20.548,-0.008,2.818,1.637,0,1.637,8.123,-0.008,0,1.614,0.023,1.614,0.023,7.078,66.412,117.761
2017-12-02T12:00:00,2458090,99.8737775,-22.846,-19.949,-0.025,2.897,1.693,0,1.693,8.176,-0.025,0,1.668,0.025,1.668,0.025,7.089,66.714,129.771
2017-12-03T12:00:00,2458091,99.854641,-20.808,-17.954,-0.014,2.854,1.615,0,1.615,8.084,-0.014,0,1.584,0.031,1.584,0.031,7.037,67.121,139.352
2017-12-04T12:00:00,2458092,99.982638,-23.381,-20.401,-0.012,2.98,1.68,0,1.68,8.141,-0.012,0,1.594,0.086,1.594,0.086,7.037,67.688,113.19
2017-12-06T12:00:00,2458094,100.1324775,-22.632,-19.461,-0.03,3.171,1.774,0,1.775,8.276,-0.03,0,1.699,0.076,1.699,0.075,7.08,69.158,136.834
2017-12-09T12:00:00,2458097,100.2827835,-22.952,-19.705,0.006,3.247,1.805,0,1.805,8.273,0.006,0,1.782,0.023,1.782,0.023,7.072,68.658,120.29
2017-12-09T12:00:00,2458097,100.2827835,-22.952,-19.705,0.006,3.247,1.805,0,1.805,8.273,0.006,0,1.782,0.023,1.782,0.023,7.072,68.658,120.29
2017-12-10T12:00:00,2458098,100.183959,-21.921,-18.782,0.009,3.14,1.742,0,1.742,8.225,0.009,0,1.709,0.033,1.709,0.033,7.057,69.131,121.743
2017-12-11T12:00:00,2458099,100.102972,-21.65,-18.524,-0.023,3.126,1.783,0,1.783,8.286,-0.023,0,1.705,0.078,1.705,0.078,7.074,69.898,134.718
2017-12-12T12:00:00,2458100,100.163587,-23.685,-20.369,-0.083,3.316,1.835,0,1.835,8.382,-0.083,0,1.712,0.123,1.712,0.123,7.105,71.557,128.441
2017-12-13T12:00:00,2458101,100.426972,-24.166,-20.614,-0.068,3.552,1.887,0,1.887,8.408,-0.068,0,1.727,0.16,1.727,0.16,7.069,72.911,125.108
2017-12-14T12:00:00,2458102,100.7098545,-23.558,-19.825,-0.018,3.733,1.912,0,1.912,8.454,-0.018,0,1.744,0.167,1.744,0.167,7.087,73.106,128.109
2017-12-15T12:00:00,2458103,100.6371495,-23.726,-20.067,-0.018,3.659,1.902,0,1.902,8.443,-0.018,0,1.726,0.176,1.726,0.176,7.082,73.04,121.582
2017-12-16T12:00:00,2458104,100.60234,-22.999,-19.307,-0.05,3.692,1.943,0,1.943,8.467,-0.05,0,1.801,0.142,1.801,0.142,7.077,73.04,121.225
2017-12-17T12:00:00,2458105,100.570825,-23.822,-20.13,-0.065,3.692,1.958,0,1.958,8.477,-0.065,0,1.777,0.181,1.777,0.181,7.071,73.406,115.858
2017-12-20T12:00:00,2458108,100.929299,-24.836,-20.916,-0.001,3.92,2.18,0.001,2.181,8.794,-0.009,0.008,1.829,0.352,1.829,0.351,7.083,79.664,128.947
2017-12-21T12:00:00,2458109,101.2816975,-24.858,-20.667,0.04,4.191,2.254,0.001,2.256,8.965,0.033,0.008,1.903,0.353,1.903,0.351,7.1,83.543,155.511
2017-12-23T12:00:00,2458111,101.359723,-25.095,-20.831,0.043,4.264,2.283,0.004,2.287,9.13,0.035,0.008,1.858,0.429,1.858,0.425,7.094,89.219,175.885
2017-12-25T12:00:00,2458113,100.599315,-23.354,-19.772,0,3.582,2.078,0.002,2.081,8.832,0.007,-0.007,1.755,0.325,1.755,0.323,7.076,85.437,177.523
2017-12-26T12:00:00,2458114,100.255243,-21.994,-18.791,0.013,3.204,1.916,0,1.916,8.565,0.015,-0.002,1.669,0.248,1.669,0.247,7.071,79.645,164.722
2017-12-27T12:00:00,2458115,99.8573445,-20.907,-18.169,0.042,2.737,1.774,0,1.774,8.326,0.042,0,1.593,0.18,1.593,0.18,7.072,73.236,150.155
2017-12-28T12:00:00,2458116,99.8439365,-22.603,-19.916,0.059,2.687,1.708,0,1.708,8.212,0.059,0,1.612,0.096,1.612,0.096,7.082,69.061,144.691
2017-12-29T12:00:00,2458117,99.9128945,-20.073,-17.226,0.017,2.847,1.642,0,1.642,8.155,0.017,0,1.601,0.041,1.601,0.041,7.097,67.086,139.344
2017-12-30T12:00:00,2458118,99.808963,-21.558,-18.711,-0.032,2.846,1.624,0,1.624,8.108,-0.032,0,1.57,0.054,1.57,0.054,7.058,67.023,114.817
2017-12-31T12:00:00,2458119,100.0580795,-21.673,-18.582,-0.028,3.091,1.73,0,1.73,8.219,-0.028,0,1.658,0.072,1.658,0.072,7.057,69.034,149.622
2018-01-01T12:00:00,2458120,99.999296,-21.508,-18.464,-0.034,3.044,1.701,0,1.701,8.176,-0.034,0,1.621,0.08,1.621,0.08,7.036,68.878,126.422
2018-01-02T12:00:00,2458121,100.09091,-22.722,-19.604,-0.025,3.118,1.737,0,1.737,8.221,-0.025,0,1.641,0.096,1.641,0.096,7.058,68.959,125.711
2018-01-03T12:00:00,2458122,100.071518,-20.766,-17.611,-0.052,3.156,1.773,0,1.773,8.277,-0.052,0,1.683,0.089,1.683,0.089,7.082,69.574,125.154
2018-01-04T12:00:00,2458123,100.029376,-22.874,-19.778,-0.044,3.096,1.778,0.001,1.779,8.293,-0.039,-0.005,1.685,0.094,1.685,0.094,7.065,71.253,154.291
2018-01-05T12:00:00,2458124,100.171822,-21.754,-18.591,-0.008,3.164,1.759,0,1.76,8.25,-0.006,-0.002,1.668,0.091,1.668,0.091,7.066,69.482,126.784
2018-01-06T12:00:00,2458125,100.122425,-21.35,-18.232,-0.01,3.118,1.776,0,1.776,8.257,-0.009,-0.001,1.705,0.071,1.705,0.071,7.063,69.302,121.209
2018-01-07T12:00:00,2458126,100.2293065,-24.153,-20.892,-0.026,3.261,1.742,0,1.742,8.234,-0.026,0,1.677,0.066,1.677,0.066,7.063,69.115,120.928
2018-01-08T12:00:00,2458127,100.233811,-23.746,-20.474,-0.029,3.272,1.814,0.001,1.815,8.342,-0.03,0,1.733,0.082,1.733,0.081,7.083,71.208,148.452
2018-01-09T12:00:00,2458128,100.2723255,-22.9,-19.561,-0.042,3.339,1.81,0,1.81,8.35,-0.041,-0.001,1.676,0.134,1.676,0.134,7.072,72.361,140.134
2018-01-10T12:00:00,2458129,100.2102005,-21.947,-18.713,-0.022,3.233,1.811,0,1.811,8.338,-0.021,-0.001,1.686,0.125,1.686,0.125,7.068,72.02,137.642
2018-01-11T12:00:00,2458130,100.2616375,-21.859,-18.61,-0.005,3.249,1.806,0,1.806,8.32,-0.005,0,1.707,0.099,1.707,0.099,7.08,70.623,136.825
2018-01-12T12:00:00,2458131,100.313921,-22.853,-19.586,0.011,3.268,1.772,0,1.772,8.266,0.011,0,1.704,0.068,1.704,0.068,7.078,69.075,114.446
2018-01-13T12:00:00,2458132,100.2386625,-21.502,-18.255,-0.015,3.247,1.793,0,1.793,8.282,-0.015,0,1.746,0.046,1.746,0.046,7.069,69.694,121.904
2018-01-14T12:00:00,2458133,100.4712125,-22.841,-19.368,-0.01,3.473,1.881,0,1.881,8.374,-0.01,0,1.788,0.093,1.788,0.093,7.084,70.397,117.15
2018-01-15T12:00:00,2458134,100.6589755,-23.852,-20.205,-0.002,3.647,1.94,0,1.94,8.469,-0.003,0.001,1.803,0.137,1.803,0.137,7.095,72.409,125.657
2018-01-16T12:00:00,2458135,101.0192645,-23.752,-19.812,0.032,3.941,2.058,0.002,2.06,8.707,0.024,0.008,1.85,0.21,1.85,0.208,7.095,79.312,162.175
2018-01-17T12:00:00,2458136,100.965349,-23.781,-19.835,0.004,3.946,2.072,0.001,2.072,8.514,0.004,0.001,1.847,0.225,1.847,0.224,6.878,79.359,160.353
2018-01-18T12:00:00,2458137,100.91704,-23.919,-20.035,0.01,3.884,2.052,0.001,2.052,8.69,0.011,-0.001,1.815,0.238,1.815,0.237,7.106,77.958,140.236
2018-01-19T12:00:00,2458138,100.608202,-20.392,-16.848,0.022,3.544,1.984,0,1.984,8.554,0.022,0,1.809,0.175,1.809,0.175,7.09,75.085,139.887
2018-01-20T12:00:00,2458139,100.3590995,-23.248,-20.01,0.047,3.237,1.862,0,1.862,8.403,0.047,0,1.708,0.154,1.708,0.154,7.088,72.509,132.426
2018-01-21T12:00:00,2458140,100.0772275,-21.43,-18.497,0.055,2.933,1.726,0,1.726,8.229,0.055,0,1.628,0.098,1.628,0.098,7.059,69.959,126.621
2018-01-22T12:00:00,2458141,99.9341155,-20.424,-17.612,0.043,2.813,1.668,0,1.668,8.144,0.043,0,1.614,0.055,1.614,0.055,7.068,67.044,122.627
2018-01-23T12:00:00,2458142,99.874441,-22.414,-19.604,0.016,2.81,1.648,0,1.648,8.114,0.016,0,1.613,0.036,1.613,0.036,7.083,65.249,117.512
2018-01-24T12:00:00,2458143,99.7985165,-21.016,-18.28,0.014,2.737,1.592,0,1.592,8.069,0.014,0,1.557,0.035,1.557,0.035,7.059,65.9,117.884
2018-01-26T12:00:00,2458145,99.8033235,-21.907,-19.148,0.006,2.759,1.574,0,1.574,8.075,0.006,0,1.56,0.014,1.56,0.014,7.083,65.373,148.011
2018-01-27T12:00:00,2458146,99.9978585,-21.96,-19.003,0.006,2.957,1.61,0,1.61,8.09,0.006,0,1.583,0.027,1.583,0.027,7.065,65.826,121.318
2018-01-28T12:00:00,2458147,99.811486,-22.079,-19.301,0.001,2.778,1.585,0,1.585,8.055,0.001,0,1.555,0.03,1.555,0.03,7.055,65.344,112.713
2018-01-29T12:00:00,2458148,99.7090645,-20.795,-18.102,-0.008,2.693,1.595,0,1.595,8.057,-0.008,0,1.574,0.021,1.574,0.021,7.054,65.241,123.192
2018-01-30T12:00:00,2458149,99.8148415,-19.129,-16.353,0.004,2.775,1.636,0,1.636,8.145,0.003,0,1.597,0.038,1.597,0.038,7.107,65.999,136.353
2018-01-31T12:00:00,2458150,100.009543,-22.262,-19.276,-0.002,2.986,1.673,0,1.673,8.181,-0.002,0,1.62,0.053,1.62,0.053,7.083,67.952,151.192
2018-02-01T12:00:00,2458151,100.0849985,-22.306,-19.271,0.011,3.035,1.708,0,1.708,8.206,0.011,0,1.651,0.057,1.651,0.057,7.086,67.791,140.655
2018-02-02T12:00:00,2458152,100.1377815,-22.426,-19.332,0.009,3.093,1.714,0,1.714,8.221,0.009,0,1.668,0.046,1.668,0.046,7.077,68.767,176.357
2018-02-03T12:00:00,2458153,100.0974545,-21.871,-18.773,-0.013,3.099,1.699,0,1.699,8.21,-0.013,0,1.654,0.045,1.654,0.045,7.073,68.945,183.545
2018-02-04T12:00:00,2458154,99.916977,-20.813,-17.887,-0.018,2.926,1.695,0,1.695,8.191,-0.018,0,1.626,0.069,1.626,0.069,7.063,68.598,137.436
2018-02-05T12:00:00,2458155,99.9151925,-20.711,-17.836,0.005,2.875,1.721,0.002,1.723,8.246,-0.007,0.013,1.618,0.104,1.618,0.103,7.084,70.13,160.803
2018-02-06T12:00:00,2458156,100.23473,-18.946,-15.842,0.05,3.104,1.827,0.004,1.83,8.41,0.02,0.03,1.657,0.174,1.657,0.17,7.083,75.3,178.656
2018-02-07T12:00:00,2458157,100.7499795,-22.203,-18.782,0.147,3.421,1.939,0.007,1.946,8.604,0.089,0.058,1.682,0.264,1.682,0.257,7.097,79.629,177.573
2018-02-08T12:00:00,2458158,101.1731625,-21.778,-18.061,0.21,3.717,1.948,0.009,1.957,8.774,0.145,0.064,1.645,0.312,1.645,0.303,7.108,86.425,200.102
2018-02-09T12:00:00,2458159,101.5154525,-23.196,-19.013,0.155,4.183,2.018,0.01,2.028,8.93,0.109,0.046,1.67,0.359,1.67,0.349,7.082,91.491,210.213
2018-02-10T12:00:00,2458160,101.6179235,-24.593,-20.093,0.056,4.499,2.13,0.013,2.144,9.207,0.034,0.021,1.752,0.392,1.752,0.379,7.11,97.556,230.997
2018-02-11T12:00:00,2458161,101.3434335,-24.869,-20.35,-0.084,4.519,2.212,0.013,2.224,9.324,-0.061,-0.023,1.782,0.443,1.782,0.43,7.114,98.723,218.394
2018-02-12T12:00:00,2458162,100.854334,-20.661,-16.411,-0.191,4.25,2.246,0.01,2.256,9.254,-0.143,-0.048,1.79,0.466,1.79,0.455,7.112,94.779,197.372
2018-02-13T12:00:00,2458163,100.280296,-20.735,-17.127,-0.164,3.608,2.171,0.006,2.176,9.023,-0.124,-0.04,1.788,0.389,1.788,0.383,7.096,89.315,185.416
2018-02-14T12:00:00,2458164,100.2476575,-20.222,-16.891,-0.05,3.331,2.048,0.003,2.051,8.744,-0.028,-0.022,1.729,0.322,1.729,0.32,7.101,81.999,166.419
2018-02-15T12:00:00,2458165,100.1746755,-19.516,-16.533,0.078,2.983,1.921,0.001,1.922,8.488,0.089,-0.011,1.743,0.18,1.743,0.178,7.105,74.647,151.303
2018-02-16T12:00:00,2458166,99.955367,-19.066,-16.272,0.062,2.794,1.702,0,1.702,8.212,0.062,0,1.676,0.025,1.676,0.025,7.113,67.119,125.65
2018-02-17T12:00:00,2458167,99.838738,-19.836,-17.087,0.028,2.748,1.623,0,1.623,8.07,0.028,0,1.604,0.018,1.604,0.018,7.048,65.488,104.07
2018-02-18T12:00:00,2458168,99.715412,-20.502,-17.857,0.017,2.646,1.552,0,1.552,8.004,0.017,0,1.544,0.009,1.544,0.009,7.034,65.033,126.565
2018-02-19T12:00:00,2458169,99.581853,-19.779,-17.239,0.003,2.54,1.483,0,1.483,7.966,0.003,0,1.479,0.004,1.479,0.004,7.051,64.265,148.032
2018-02-20T12:00:00,2458170,99.594792,-22.397,-19.83,-0.003,2.566,1.54,0,1.54,7.976,-0.003,0,1.531,0.009,1.531,0.009,7.026,64.272,96.371
2018-02-21T12:00:00,2458171,99.710591,-19.87,-17.183,-0.004,2.686,1.521,0,1.521,7.955,-0.004,0,1.516,0.005,1.516,0.005,7.021,63.974,95.035
2018-02-22T12:00:00,2458172,99.86705,-19.57,-16.744,0.005,2.826,1.557,0,1.557,8.007,0.005,0,1.545,0.012,1.545,0.012,7.025,65.31,119.802
2018-02-23T12:00:00,2458173,99.6848795,-20.503,-17.856,0.002,2.647,1.537,0,1.537,7.999,0.002,0,1.524,0.013,1.524,0.013,7.037,64.823,98.868
2018-02-24T12:00:00,2458174,99.7100775,-20.776,-18.067,-0.015,2.709,1.546,0,1.546,7.995,-0.015,0,1.536,0.009,1.536,0.009,7.035,64.528,113.9
2018-02-25T12:00:00,2458175,99.8112445,-19.353,-16.556,-0.008,2.797,1.562,0,1.562,7.997,-0.008,0,1.544,0.018,1.544,0.018,7.016,65.068,130.965
2018-02-26T12:00:00,2458176,99.949233,-20.323,-17.377,-0.012,2.946,1.672,0.001,1.672,8.178,-0.011,-0.001,1.603,0.069,1.603,0.068,7.031,70.477,211.45
2018-02-27T12:00:00,2458177,99.874699,-18.393,-15.526,-0.011,2.868,1.638,0,1.638,8.165,-0.01,-0.001,1.552,0.087,1.552,0.086,7.042,70.477,168.804
2018-02-28T12:00:00,2458178,99.7563605,-19.118,-16.379,-0.007,2.739,1.598,0,1.599,8.084,-0.005,-0.002,1.522,0.076,1.522,0.076,7.037,67.75,141.835
2018-03-01T12:00:00,2458179,99.7179515,-18.116,-15.461,0.014,2.655,1.591,0,1.591,8.025,0.014,0,1.535,0.057,1.535,0.057,7.012,66.079,134.539
2018-03-02T12:00:00,2458180,99.6392155,-19.729,-17.152,0.013,2.577,1.537,0,1.537,7.975,0.013,0,1.516,0.022,1.516,0.022,7.014,65.067,131.193
2018-03-03T12:00:00,2458181,99.7094725,-19.155,-16.468,-0.005,2.687,1.539,0,1.539,7.964,-0.005,0,1.535,0.005,1.535,0.005,7.012,64.352,120.14
2018-03-04T12:00:00,2458182,99.63503,-19.084,-16.43,-0.025,2.654,1.561,0,1.561,7.98,-0.025,0,1.551,0.009,1.551,0.009,7.016,64.323,104.859
2018-03-05T12:00:00,2458183,99.6391125,-19.522,-16.789,-0.06,2.733,1.621,0,1.621,8.029,-0.06,0,1.591,0.03,1.591,0.03,7.016,65.154,128.356
2018-03-06T12:00:00,2458184,99.810581,-18.578,-15.694,-0.049,2.884,1.672,0,1.672,8.11,-0.049,0,1.592,0.08,1.592,0.08,7.01,68.117,131.693
2018-03-08T12:00:00,2458186,100.41846,-19.849,-16.419,-0.015,3.43,1.788,0,1.788,8.292,-0.015,0,1.609,0.179,1.609,0.179,7.017,72.647,128.422
2018-03-09T12:00:00,2458187,100.5230435,-20.216,-16.67,-0.019,3.545,1.833,0,1.833,8.332,-0.019,0,1.648,0.185,1.648,0.185,7.009,73.185,129.275
2018-03-10T12:00:00,2458188,100.45965,-21.619,-18.116,-0.03,3.504,1.872,0,1.872,8.369,-0.03,0,1.697,0.175,1.697,0.175,7.024,72.925,125.036
2018-03-11T12:00:00,2458189,100.4102225,-19.447,-16.004,-0.025,3.443,1.836,0,1.836,8.291,-0.025,0,1.701,0.135,1.701,0.135,7,71.613,118.545
2018-03-12T12:00:00,2458190,100.2999245,-19.484,-16.211,0.002,3.273,1.817,0,1.817,8.27,0.002,0,1.703,0.114,1.703,0.114,7.019,70.529,119.644
2018-03-13T12:00:00,2458191,100.1020175,-18.62,-15.619,0.035,3.001,1.772,0,1.772,8.184,0.035,0,1.687,0.085,1.687,0.085,7.004,68.75,119.942
2018-03-14T12:00:00,2458192,99.906228,-17.84,-15.034,0.033,2.806,1.683,0,1.683,8.078,0.033,0,1.664,0.02,1.664,0.02,6.983,67.354,124.308
2018-03-15T12:00:00,2458193,99.8042755,-21.017,-18.272,0.013,2.745,1.616,0,1.616,8.02,0.013,0,1.602,0.014,1.602,0.014,6.99,66.041,127.055
2018-03-16T12:00:00,2458194,99.5749755,-18.649,-16.116,0.003,2.533,1.515,0,1.515,7.879,0.003,0,1.502,0.014,1.502,0.014,6.945,64.101,113.268
2018-03-17T12:00:00,2458195,99.526969,-18.344,-15.862,0.004,2.482,1.513,0,1.513,7.91,0.005,-0.001,1.481,0.032,1.481,0.032,6.954,65.658,171.42
2018-03-18T12:00:00,2458196,99.5814145,-20.514,-17.983,0.007,2.531,1.495,0,1.495,7.893,0.007,0,1.474,0.021,1.474,0.021,6.974,64.199,162.731
2018-03-19T12:00:00,2458197,99.6552685,-17.723,-15.104,0.001,2.619,1.52,0,1.52,7.896,0.001,0,1.516,0.004,1.516,0.004,6.967,63.765,129.651
2018-03-20T12:00:00,2458198,99.691818,-18.481,-15.798,-0.012,2.684,1.537,0,1.537,7.928,-0.012,0,1.532,0.005,1.532,0.005,6.988,63.769,115.941
2018-03-21T12:00:00,2458199,99.784445,-19.356,-16.582,-0.01,2.774,1.57,0,1.57,7.948,-0.01,0,1.57,0,1.57,0,6.971,64.516,
2018-03-22T12:00:00,2458200,99.8240475,-19.242,-16.417,-0.015,2.825,1.582,0,1.582,7.954,-0.015,0,1.567,0.014,1.567,0.014,6.962,64.814,104.593
2018-03-23T12:00:00,2458201,99.810262,-19.041,-16.245,-0.008,2.796,1.59,0,1.59,7.97,-0.008,0,1.568,0.022,1.568,0.022,6.962,65.464,109.026
2018-03-24T12:00:00,2458202,99.6240255,-17.306,-14.69,-0.012,2.615,1.566,0,1.566,7.928,-0.012,0,1.557,0.01,1.557,0.01,6.941,65.13,107.582
2018-03-25T12:00:00,2458203,99.7371185,-19.84,-17.127,-0.004,2.713,1.581,0,1.581,7.952,-0.004,0,1.576,0.005,1.576,0.005,6.961,64.891,114.802
2018-03-26T12:00:00,2458204,99.6750545,-17.28,-14.642,0.002,2.637,1.543,0,1.543,7.904,0.002,0,1.53,0.013,1.53,0.013,6.953,64.045,87.575
2018-03-27T12:00:00,2458205,99.644733,-18.48,-15.876,0.003,2.604,1.512,0,1.512,7.881,0.003,0,1.509,0.003,1.509,0.003,6.939,64.589,98.572
2018-03-28T12:00:00,2458206,99.5961215,-19.152,-16.621,0.014,2.531,1.473,0,1.473,7.818,0.014,0,1.469,0.004,1.469,0.004,6.917,63.532,134.945
2018-03-29T12:00:00,2458207,99.183699,-25.317,-23.162,-0.006,2.154,1.452,0,1.452,7.774,-0.006,0,1.447,0.004,1.447,0.004,6.895,62.966,64.543
2018-03-30T12:00:00,2458208,98.967066,-23.501,-21.529,-0.024,1.972,1.454,0,1.454,7.762,-0.024,0,1.428,0.026,1.428,0.026,6.874,63.724,141.89
2018-03-31T12:00:00,2458209,98.718177,-24.891,-23.121,-0.048,1.77,1.569,0,1.569,7.91,-0.048,0,1.51,0.059,1.51,0.059,6.916,65.932,127.009
2018-04-01T12:00:00,2458210,98.582592,-23.395,-21.763,-0.048,1.632,1.586,0,1.586,7.912,-0.048,0,1.508,0.079,1.508,0.079,6.896,66.437,122.148
2018-04-02T12:00:00,2458211,98.92627,-24.009,-22.055,-0.035,1.954,1.683,0,1.683,8.013,-0.035,0,1.571,0.112,1.571,0.112,6.871,69.717,133.454
2018-04-03T12:00:00,2458212,99.2008705,-26.025,-23.829,-0.017,2.195,1.696,0,1.696,8.051,-0.017,0,1.576,0.12,1.576,0.12,6.883,70.412,126.881
2018-04-04T12:00:00,2458213,99.507108,-25.945,-23.449,-0.012,2.496,1.735,0,1.735,8.08,-0.012,0,1.626,0.109,1.626,0.109,6.889,70.021,126.353
2018-04-05T12:00:00,2458214,100.380989,-18.917,-15.523,-0.016,3.394,1.739,0,1.739,8.085,-0.016,0,1.618,0.121,1.618,0.121,6.882,70.506,120.673
2018-04-06T12:00:00,2458215,100.3726155,-19.232,-15.823,-0.027,3.409,1.765,0,1.765,8.093,-0.027,0,1.651,0.113,1.651,0.113,6.889,69.597,118.738
2018-04-07T12:00:00,2458216,100.263633,-20.309,-17.043,-0.012,3.266,1.765,0,1.765,8.065,-0.012,0,1.681,0.084,1.681,0.084,6.896,67.989,112.834
2018-04-08T12:00:00,2458217,100.0535585,-19.946,-16.944,0.011,3.003,1.709,0,1.709,7.998,0.011,0,1.676,0.033,1.676,0.033,6.873,67.743,121.192
2018-04-09T12:00:00,2458218,100.056914,-21.857,-18.857,0.014,3,1.688,0,1.688,8.014,0.014,0,1.664,0.025,1.664,0.025,6.91,67.515,136.402
2018-04-10T12:00:00,2458219,99.897749,-22.264,-19.426,0.014,2.838,1.611,0,1.611,7.925,0.014,0,1.589,0.022,1.589,0.022,6.893,66.208,124.192
2018-04-11T12:00:00,2458220,99.762089,-21.535,-18.802,-0.001,2.732,1.569,0,1.569,7.857,-0.001,0,1.558,0.011,1.558,0.011,6.871,64.984,112.781
2018-04-12T12:00:00,2458221,99.744601,-18.414,-15.672,-0.014,2.742,1.566,0,1.566,7.862,-0.015,0.001,1.531,0.035,1.531,0.035,6.859,66.389,161.304
2018-04-13T12:00:00,2458222,99.681449,-22.998,-20.316,-0.016,2.682,1.546,0,1.547,7.887,-0.016,0.001,1.484,0.063,1.484,0.063,6.869,68.065,158.686
2018-04-14T12:00:00,2458223,99.9300965,-20.739,-17.836,-0.001,2.903,1.595,0,1.595,7.941,-0.001,0,1.503,0.092,1.503,0.092,6.877,68.693,146.871
2018-04-15T12:00:00,2458224,99.968958,-20.914,-17.981,0.003,2.934,1.635,0,1.635,7.969,0.003,0,1.538,0.097,1.538,0.097,6.856,69.671,153.55
2018-04-16T12:00:00,2458225,100.1482115,-21.473,-18.347,-0.001,3.125,1.65,0,1.65,7.983,-0.001,0,1.55,0.101,1.55,0.101,6.852,70.094,142.337
2018-04-17T12:00:00,2458226,99.987037,-21.855,-18.847,-0.023,3.008,1.583,0,1.583,7.925,-0.023,0,1.5,0.083,1.5,0.083,6.858,69.101,144.167
2018-04-18T12:00:00,2458227,99.899503,-20.911,-18.037,-0.002,2.874,1.613,0,1.613,7.932,-0.002,0,1.522,0.091,1.522,0.091,6.847,68.924,143.881
2018-04-19T12:00:00,2458228,101.0650645,-21.755,-17.746,0.022,4.009,2.462,0,2.462,10.644,0.022,0,2.379,0.083,2.379,0.083,9.365,57.033,122.263
2018-04-20T12:00:00,2458229,99.743152,-19.883,-17.027,-0.068,2.856,1.67,0,1.67,7.981,-0.071,0.004,1.504,0.166,1.504,0.165,6.826,71.748,143.787
2018-04-21T12:00:00,2458230,100.0706105,-21.988,-18.865,-0.037,3.123,1.82,0.002,1.822,8.268,-0.056,0.019,1.546,0.275,1.546,0.273,6.864,79.201,162.628
2018-04-22T12:00:00,2458231,100.682614,-21.971,-18.409,0.049,3.562,1.926,0.003,1.93,8.479,0.026,0.023,1.534,0.395,1.534,0.392,6.856,85.07,168.431
2018-04-23T12:00:00,2458232,101.229442,-23.547,-19.499,0.082,4.048,1.983,0.003,1.986,8.676,0.07,0.012,1.515,0.471,1.515,0.468,6.859,91.129,175.371
2018-04-24T12:00:00,2458233,101.3823205,-24.478,-20.191,0.043,4.287,1.994,0.002,1.996,8.695,0.041,0.003,1.512,0.484,1.512,0.483,6.837,91.889,173.79
2018-04-25T12:00:00,2458234,101.275547,-24.264,-19.998,0.002,4.266,1.942,0.001,1.944,8.627,0.004,-0.002,1.483,0.461,1.483,0.459,6.839,90.537,170.854
2018-04-26T12:00:00,2458235,100.572532,-22.41,-18.774,-0.038,3.636,1.894,0.001,1.895,8.485,-0.033,-0.004,1.498,0.397,1.498,0.396,6.848,85.859,164.418
2018-04-27T12:00:00,2458236,100.119236,-19.66,-16.526,-0.019,3.134,1.807,0,1.807,8.26,-0.019,0,1.492,0.316,1.492,0.315,6.831,79.746,155.876
2018-04-28T12:00:00,2458237,99.909009,-20.475,-17.679,0.039,2.796,1.734,0,1.734,8.084,0.039,0,1.519,0.215,1.519,0.215,6.829,74.223,150.597
2018-04-29T12:00:00,2458238,100.0358405,-20.203,-17.372,0.083,2.831,1.696,0,1.696,7.988,0.083,0,1.561,0.134,1.561,0.134,6.862,68.932,130.709
2018-04-30T12:00:00,2458239,99.9122895,-21.104,-18.28,0.027,2.825,1.607,0,1.607,7.864,0.027,0,1.554,0.053,1.554,0.053,6.839,65.981,111.028
2018-05-01T12:00:00,2458240,99.9132135,-20.689,-17.753,-0.024,2.935,1.58,0,1.58,7.808,-0.024,0,1.544,0.037,1.544,0.037,6.792,65.998,118.72
2018-05-02T12:00:00,2458241,99.8905855,-19.722,-16.825,-0.017,2.897,1.574,0,1.574,7.814,-0.017,0,1.55,0.024,1.55,0.024,6.798,66.13,123.928
2018-05-03T12:00:00,2458242,99.8838745,-18.933,-16.03,-0.023,2.903,1.613,0,1.613,7.835,-0.023,0,1.59,0.023,1.59,0.023,6.791,66.356,105.576
2018-05-04T12:00:00,2458243,99.8954535,-18.607,-15.658,-0.039,2.949,1.624,0,1.624,7.874,-0.039,0,1.595,0.029,1.595,0.029,6.817,66.991,158.393
2018-05-05T12:00:00,2458244,99.999507,-20.116,-17.106,-0.018,3.01,1.649,0,1.649,7.904,-0.019,0.001,1.592,0.057,1.592,0.056,6.809,68.332,163.688
2018-05-06T12:00:00,2458245,99.883028,-18.843,-15.944,-0.022,2.9,1.621,0,1.621,7.91,-0.022,0,1.544,0.077,1.544,0.077,6.82,69.277,153.175
2018-05-07T12:00:00,2458246,100.0748875,-18.797,-15.707,-0.02,3.091,1.653,0.001,1.654,7.951,-0.022,0.003,1.51,0.144,1.51,0.143,6.805,70.917,140.784
2018-05-08T12:00:00,2458247,100.2263285,-20.573,-17.33,-0.019,3.243,1.693,0,1.693,8.053,-0.019,0,1.521,0.172,1.521,0.172,6.84,72.816,144.884
2018-05-09T12:00:00,2458248,100.094132,-19.557,-16.301,-0.088,3.256,1.755,0,1.755,8.155,-0.088,0.001,1.528,0.226,1.528,0.226,6.891,73.753,138.066
2018-05-10T12:00:00,2458249,100.1432405,-22.113,-18.884,-0.052,3.229,1.816,0.001,1.816,8.237,-0.059,0.007,1.539,0.277,1.539,0.277,6.873,76.448,144.026
2018-05-11T12:00:00,2458250,100.479722,-22.628,-19.171,0.002,3.456,1.869,0.001,1.87,8.269,-0.001,0.004,1.539,0.331,1.539,0.33,6.846,77.029,134.344
2018-05-12T12:00:00,2458251,100.7399625,-22.191,-18.529,0.03,3.661,1.879,0,1.88,8.323,0.029,0.001,1.569,0.311,1.569,0.31,6.844,79.148,145.976
2018-05-13T12:00:00,2458252,100.6582485,-22.883,-19.318,0.036,3.565,1.833,0,1.833,8.288,0.036,0,1.517,0.315,1.517,0.315,6.853,78.488,143.237
2018-05-14T12:00:00,2458253,100.56213,-23.95,-20.47,0.03,3.48,1.809,0,1.809,8.246,0.03,0,1.553,0.256,1.553,0.256,6.881,75.957,137.557
2018-05-15T12:00:00,2458254,100.185319,-21.701,-18.581,0.019,3.12,1.723,0,1.723,8.153,0.019,0,1.488,0.235,1.488,0.235,6.905,73.393,132.631
2018-05-16T12:00:00,2458255,99.9575455,-20.097,-17.196,0.013,2.901,1.668,0,1.668,7.993,0.013,0,1.526,0.142,1.526,0.142,6.853,69.817,134.884
2018-05-17T12:00:00,2458256,99.840492,-21.507,-18.723,0.012,2.784,1.655,0,1.655,7.934,0.012,0,1.566,0.089,1.566,0.089,6.848,67.954,129.964
2018-05-18T12:00:00,2458257,99.875393,-21.961,-19.164,0.023,2.796,1.64,0,1.64,7.901,0.023,0,1.569,0.071,1.569,0.071,6.836,67.241,123.584
2018-05-19T12:00:00,2458258,100.0277415,-19.822,-16.841,0.009,2.981,1.619,0,1.619,7.904,0.009,0,1.544,0.075,1.544,0.075,6.827,68.203,124.656
2018-05-20T12:00:00,2458259,100.279972,-20.285,-17.043,0.007,3.242,1.66,0,1.66,7.924,0.007,0,1.575,0.085,1.575,0.085,6.811,68.395,121.859
2018-05-21T12:00:00,2458260,100.181994,-20.707,-17.569,0.009,3.138,1.668,0,1.668,7.972,0.009,0,1.54,0.128,1.54,0.128,6.82,70.27,117.142
2018-05-22T12:00:00,2458261,100.0856645,-23.815,-20.727,-0.013,3.087,1.74,0,1.74,8.083,-0.014,0.001,1.576,0.163,1.576,0.163,6.876,70.646,121.017
2018-05-23T12:00:00,2458262,100.150057,-22.225,-19.019,-0.038,3.206,1.79,0.002,1.792,8.232,-0.031,-0.008,1.578,0.214,1.578,0.212,6.883,76.315,156.317
2018-05-24T12:00:00,2458263,99.9739175,-22.303,-19.272,-0.04,3.031,1.814,0.001,1.815,8.256,-0.034,-0.005,1.537,0.278,1.537,0.278,6.855,78.304,153.533
2018-05-25T12:00:00,2458264,99.924884,-22.349,-19.322,-0.061,3.026,1.911,0.001,1.911,8.35,-0.056,-0.005,1.562,0.35,1.562,0.349,6.873,79.595,148.931
2018-05-26T12:00:00,2458265,99.968278,-20.67,-17.726,-0.002,2.944,1.928,0,1.929,8.366,-0.003,0.001,1.526,0.403,1.526,0.402,6.857,80.58,143.394
2018-05-27T12:00:00,2458266,100.670055,-21.687,-18.032,0,3.654,1.977,0,1.977,8.446,-0.002,0.002,1.529,0.448,1.529,0.447,6.834,82.368,146.068
2018-05-28T12:00:00,2458267,101.3430955,-21.181,-16.966,0.058,4.215,2.066,0.002,2.068,8.669,0.047,0.011,1.516,0.552,1.516,0.55,6.832,88.478,155.337
2018-05-29T12:00:00,2458268,101.40844,-24.436,-20.116,0.04,4.32,2.131,0.002,2.133,8.873,0.036,0.004,1.55,0.583,1.55,0.581,6.858,93.051,164.28
2018-05-30T12:00:00,2458269,101.434848,-26.146,-21.72,0.003,4.426,2.126,0.001,2.126,8.82,0.003,0,1.552,0.574,1.552,0.573,6.832,91.874,161.26
2018-05-31T12:00:00,2458270,100.8592555,-23.935,-20.019,-0.032,3.915,2.102,0.001,2.103,8.859,-0.029,-0.003,1.552,0.551,1.552,0.55,6.853,94.128,173.967
2018-06-01T12:00:00,2458271,100.564686,-22.153,-18.587,-0.009,3.566,2.056,0.001,2.057,8.719,-0.002,-0.007,1.57,0.487,1.57,0.486,6.881,89.61,171.861
2018-06-02T12:00:00,2458272,100.043942,-21.688,-18.868,0.092,2.82,1.923,0,1.923,8.496,0.093,-0.001,1.541,0.382,1.541,0.382,6.986,80.655,153.239
2018-06-03T12:00:00,2458273,100.02039,-21.385,-18.713,0.15,2.672,1.793,0,1.793,8.246,0.15,0,1.574,0.22,1.574,0.22,6.983,73.427,140.76
2018-06-04T12:00:00,2458274,99.961126,-23.561,-20.759,0.061,2.802,1.661,0,1.661,8.073,0.061,0,1.569,0.093,1.569,0.093,7,67.43,131.534
2018-06-05T12:00:00,2458275,99.891765,-23.414,-20.488,-0.03,2.926,1.681,0,1.681,8.069,-0.03,0,1.617,0.064,1.617,0.064,6.982,66.872,126.42
2018-06-05T12:00:00,2458275,99.891765,-23.414,-20.488,-0.03,2.926,1.681,0,1.681,8.069,-0.03,0,1.617,0.064,1.617,0.064,6.982,66.872,126.42
2018-06-06T12:00:00,2458276,100.093283,-20.592,-17.479,-0.022,3.114,1.684,0,1.684,8.114,-0.022,0,1.581,0.102,1.581,0.102,6.976,69.395,125.005
2018-06-07T12:00:00,2458277,100.19649,-21.602,-18.43,0,3.172,1.767,0,1.767,8.083,0,0,1.622,0.145,1.622,0.145,6.871,70.063,118.476
2018-06-08T12:00:00,2458278,100.2051965,-22.847,-19.664,-0.001,3.183,1.695,0,1.695,8.014,-0.001,0,1.556,0.139,1.556,0.139,6.843,70.292,116.181
2018-06-09T12:00:00,2458279,100.186937,-20.288,-17.129,0.002,3.158,1.699,0,1.699,7.975,0.002,0,1.598,0.101,1.598,0.101,6.817,69.335,122.979
2018-06-13T12:00:00,2458283,99.6527175,-20.929,-18.118,-0.09,2.811,1.705,0,1.706,8.03,-0.09,0,1.585,0.121,1.585,0.121,6.864,71.089,149.55
2018-06-14T12:00:00,2458284,99.8344495,-20.837,-17.856,-0.083,2.981,1.803,0,1.803,8.154,-0.083,0,1.589,0.215,1.589,0.215,6.838,75.009,150.071
2018-06-15T12:00:00,2458285,100.4141525,-20.702,-17.255,-0.025,3.447,1.876,0,1.876,8.352,-0.025,0,1.552,0.325,1.552,0.325,6.862,80.195,151.492
2018-06-16T12:00:00,2458286,101.113948,-20.315,-16.237,0.013,4.078,1.932,0,1.932,8.463,0.013,0,1.542,0.391,1.542,0.391,6.836,83.73,154.77
2018-06-17T12:00:00,2458287,101.114825,-21.989,-17.892,0.005,4.096,1.91,0,1.91,8.505,0.005,0,1.504,0.406,1.504,0.406,6.836,86.013,161.672
2018-06-14T12:00:00,2458284,99.8344495,-20.837,-17.856,-0.083,2.981,1.803,0,1.803,8.154,-0.083,0,1.589,0.215,1.589,0.215,6.838,75.009,150.071
2018-06-15T12:00:00,2458285,100.4141525,-20.702,-17.255,-0.025,3.447,1.876,0,1.876,8.352,-0.025,0,1.552,0.325,1.552,0.325,6.862,80.195,151.492
2018-06-16T12:00:00,2458286,101.113948,-20.315,-16.237,0.013,4.078,1.932,0,1.932,8.463,0.013,0,1.542,0.391,1.542,0.391,6.836,83.73,154.77
2018-06-17T12:00:00,2458287,101.114825,-21.989,-17.892,0.005,4.096,1.91,0,1.91,8.505,0.005,0,1.504,0.406,1.504,0.406,6.836,86.013,161.672
2018-06-18T12:00:00,2458288,100.9882045,-23.357,-19.33,-0.023,4.027,1.991,0,1.991,8.628,-0.022,-0.001,1.537,0.454,1.537,0.454,6.84,88.498,163.928
2018-06-19T12:00:00,2458289,100.577944,-22.6,-18.92,-0.056,3.68,1.997,0.002,1.999,8.685,-0.039,-0.017,1.549,0.45,1.549,0.448,6.891,89.478,174.766
2018-06-20T12:00:00,2458290,100.7951185,-20.92,-17.205,0.031,3.715,2.12,0.01,2.13,8.996,0.021,0.01,1.574,0.555,1.574,0.546,6.908,98.695,199.339
2018-06-21T12:00:00,2458291,100.7608085,-21.01,-17.223,-0.019,3.787,2.172,0.009,2.181,9.065,-0.008,-0.012,1.624,0.557,1.624,0.548,6.929,99.346,202.092
2018-06-22T12:00:00,2458292,100.689011,-22.95,-19.204,-0.034,3.746,2.18,0.007,2.187,9.055,-0.018,-0.017,1.588,0.599,1.588,0.592,6.924,99.164,190.359
2018-06-23T12:00:00,2458293,100.904209,-20.099,-16.12,-0.041,3.98,2.105,0.004,2.109,8.866,-0.03,-0.011,1.599,0.51,1.599,0.506,6.889,94.324,182.928
2018-06-24T12:00:00,2458294,101.067698,-19.377,-15.176,-0.067,4.202,2.117,0.002,2.12,8.746,-0.054,-0.013,1.619,0.501,1.619,0.499,6.866,88.104,156.129
2018-06-25T12:00:00,2458295,101.151799,-21.006,-16.774,-0.041,4.232,2.168,0.002,2.17,8.788,-0.029,-0.012,1.684,0.486,1.684,0.484,6.92,85.614,147.984
2018-06-26T12:00:00,2458296,100.931611,-24.484,-20.598,0.016,3.886,2.143,0,2.143,8.646,0.016,0,1.682,0.461,1.682,0.461,6.881,82.303,137.788
2018-06-27T12:00:00,2458297,100.6103335,-23.268,-19.709,0.016,3.559,2.084,0,2.084,8.575,0.016,0,1.694,0.39,1.694,0.39,6.947,78.775,127.674
2018-06-28T12:00:00,2458298,100.2308915,-21.472,-18.328,0.029,3.145,1.896,0,1.896,8.335,0.029,0,1.63,0.266,1.63,0.266,6.946,74.714,125.81
2018-06-29T12:00:00,2458299,100.0191075,-19.771,-16.972,0.09,2.799,1.744,0,1.744,8.113,0.09,0,1.568,0.176,1.568,0.176,6.922,70.582,121.712
2018-06-30T12:00:00,2458300,99.7738155,-20.412,-17.838,0.078,2.575,1.607,0,1.607,7.961,0.078,0,1.527,0.08,1.527,0.08,6.931,66.781,116.888
2018-07-01T12:00:00,2458301,99.659651,-21.033,-18.463,0.026,2.57,1.511,0,1.511,7.849,0.026,0,1.479,0.032,1.479,0.032,6.924,63.742,100.592
2018-07-02T12:00:00,2458302,99.721232,-22.636,-19.952,0.002,2.684,1.509,0,1.509,7.857,0.002,0,1.489,0.02,1.489,0.02,6.913,64.724,127.288
2018-07-03T12:00:00,2458303,99.872673,-21.561,-18.725,0.003,2.836,1.565,0,1.565,7.902,0.003,0,1.534,0.031,1.534,0.031,6.912,65.349,111.601
2018-07-04T12:00:00,2458304,99.809188,-19.941,-17.191,0.013,2.75,1.575,0,1.575,7.892,0.013,0,1.543,0.032,1.543,0.032,6.885,65.909,114.342
2018-07-05T12:00:00,2458305,100.019579,-20.796,-17.834,0.014,2.962,1.613,0,1.613,7.887,0.014,0,1.597,0.016,1.597,0.016,6.867,65.065,107.754
2018-07-06T12:00:00,2458306,99.840492,-19.256,-16.473,0.012,2.784,1.582,0,1.582,7.875,0.012,0,1.577,0.005,1.577,0.005,6.862,65.81,127.139
2018-07-07T12:00:00,2458307,99.9525275,-20.547,-17.634,0.005,2.913,1.6,0,1.6,7.881,0.005,0,1.581,0.019,1.581,0.019,6.858,65.786,114.472
2018-07-08T12:00:00,2458308,99.700222,-18.228,-15.544,-0.008,2.684,1.57,0,1.57,7.877,-0.008,0,1.56,0.011,1.56,0.011,6.878,65.766,107.898
2018-07-09T12:00:00,2458309,99.5530465,-21.045,-18.344,-0.086,2.701,1.624,0,1.624,7.96,-0.086,0,1.553,0.071,1.553,0.071,6.918,67.003,122.803
2018-07-10T12:00:00,2458310,99.5190555,-19.91,-17.048,-0.177,2.861,1.787,0,1.787,8.179,-0.177,0,1.556,0.232,1.556,0.232,6.922,73.136,129.424
2018-07-11T12:00:00,2458311,100.489022,-19.635,-15.945,-0.103,3.69,1.999,0,1.999,8.481,-0.103,0,1.605,0.394,1.605,0.394,6.913,80.047,138.104
2018-07-12T12:00:00,2458312,101.2700295,-21.378,-17.139,0.012,4.239,2.101,0,2.101,8.737,0.012,0,1.598,0.503,1.598,0.503,6.911,86.825,151.278
2018-07-13T12:00:00,2458313,101.8783775,-20.855,-16.045,0.035,4.809,2.194,0,2.194,8.943,0.035,0,1.582,0.612,1.582,0.612,6.905,91.197,153.633
2018-07-14T12:00:00,2458314,101.760494,-23.583,-18.817,-0.001,4.766,2.221,0,2.221,9.041,-0.001,0,1.594,0.627,1.594,0.627,6.936,92.449,154.551
2018-07-15T12:00:00,2458315,101.3594535,-22.807,-18.401,-0.024,4.407,2.188,0,2.188,8.948,-0.024,0,1.568,0.62,1.568,0.62,6.922,90.793,148.584
2018-07-16T12:00:00,2458316,100.7654185,-20.868,-17.087,-0.014,3.781,2.154,0,2.154,8.794,-0.014,0,1.602,0.552,1.602,0.552,6.934,85.986,143.905
2018-07-17T12:00:00,2458317,100.326935,-21.905,-18.643,0.02,3.262,2.033,0,2.033,8.617,0.02,0,1.623,0.41,1.623,0.41,6.978,81.894,142.735
2018-07-18T12:00:00,2458318,100.161631,-20.943,-17.969,0.076,2.974,1.965,0,1.965,8.415,0.076,0,1.664,0.3,1.664,0.3,6.956,76.642,133.128
2018-07-19T12:00:00,2458319,100.328051,-21.924,-18.801,0.086,3.122,1.909,0,1.909,8.33,0.086,0,1.708,0.201,1.708,0.201,6.989,72.924,120.678
2018-07-20T12:00:00,2458320,100.2394925,-20.62,-17.446,0.02,3.173,1.872,0,1.872,8.27,0.02,0,1.7,0.172,1.7,0.172,6.963,71.617,120.853
2018-07-21T12:00:00,2458321,100.601416,-19.217,-15.635,0.001,3.582,1.906,0,1.906,8.329,0.001,0,1.725,0.182,1.725,0.182,6.956,73.1,121.173
2018-07-22T12:00:00,2458322,100.507171,-19.632,-16.178,0.016,3.454,1.877,0,1.877,8.3,0.016,0,1.71,0.167,1.71,0.167,6.954,72.633,116.508
2018-07-23T12:00:00,2458323,100.351589,-21.575,-18.243,-0.001,3.332,1.841,0,1.841,8.265,-0.001,0,1.63,0.211,1.63,0.211,6.957,71.99,115.958
2018-07-24T12:00:00,2458324,100.0141835,-19.357,-16.363,-0.004,2.995,1.765,0,1.765,8.181,-0.004,0,1.611,0.153,1.611,0.153,6.952,70.987,113.009
2018-07-25T12:00:00,2458325,99.885354,-20.305,-17.501,0.024,2.804,1.724,0,1.724,8.131,0.024,0,1.64,0.084,1.64,0.084,6.976,68.957,117.982
2018-07-26T12:00:00,2458326,99.8282775,-17.797,-15.096,0.045,2.701,1.644,0,1.644,8.051,0.045,0,1.592,0.052,1.592,0.052,6.985,67.31,120.301
2018-07-27T12:00:00,2458327,99.6304175,-18.325,-15.804,0.035,2.521,1.586,0,1.586,7.961,0.035,0,1.568,0.018,1.568,0.018,6.979,64.553,114.87
2018-07-28T12:00:00,2458328,99.5937485,-18.481,-15.946,0.011,2.535,1.505,0,1.505,7.903,0.011,0,1.498,0.007,1.498,0.007,6.981,63.833,138.713
2018-07-31T12:00:00,2458331,99.7169715,-22.472,-19.679,-0.051,2.793,1.628,0,1.628,8.061,-0.051,0,1.545,0.083,1.545,0.083,7.003,67.37,131.314
2018-08-01T12:00:00,2458332,99.9624135,-21.178,-18.225,-0.009,2.953,1.65,0,1.65,8.134,-0.01,0.001,1.529,0.121,1.529,0.121,6.998,70.811,153.249
2018-08-05T12:00:00,2458336,99.678565,-18.786,-15.938,-0.095,2.848,1.715,0,1.715,8.244,-0.095,0,1.528,0.187,1.528,0.187,7.031,72.78,139.168
2018-08-07T12:00:00,2458338,100.329008,-18.899,-15.513,-0.037,3.386,1.862,0,1.862,8.412,-0.037,0,1.623,0.238,1.623,0.238,7.045,75.326,138.221
2018-08-08T12:00:00,2458339,100.790675,-20.863,-17.129,0.02,3.734,1.949,0,1.949,8.538,0.02,0,1.663,0.285,1.663,0.285,7.051,77.446,135.748
2018-08-08T12:00:00,2458339,100.790675,-20.863,-17.129,0.02,3.734,1.949,0,1.949,8.538,0.02,0,1.663,0.285,1.663,0.285,7.051,77.446,135.748
2018-08-09T12:00:00,2458340,101.0792885,-22.14,-18.093,0.011,4.047,1.993,0,1.993,8.633,0.011,0,1.644,0.349,1.644,0.349,7.053,79.394,135.662
2018-08-10T12:00:00,2458341,100.8696995,-22.622,-18.737,-0.013,3.885,2.025,0,2.025,8.655,-0.013,0,1.627,0.398,1.627,0.398,7.064,78.482,125.844
2018-08-11T12:00:00,2458342,100.4834715,-20.94,-17.431,-0.021,3.509,1.943,0,1.943,8.562,-0.021,0,1.611,0.333,1.611,0.333,7.054,77.821,127.81
2018-08-12T12:00:00,2458343,100.3188195,-21.585,-18.25,-0.018,3.335,1.912,0,1.912,8.514,-0.018,0,1.665,0.247,1.665,0.247,7.107,74.81,129.358
2018-08-13T12:00:00,2458344,99.921662,-18.418,-15.53,0.002,2.888,1.832,0,1.832,8.375,0.002,0,1.682,0.15,1.682,0.15,7.106,71.448,123.709
2018-08-14T12:00:00,2458345,99.8481245,-19.907,-17.158,0.032,2.749,1.75,0,1.751,8.307,0.032,0,1.634,0.117,1.634,0.117,7.117,70.888,130.76
2018-08-15T12:00:00,2458346,100.0578355,-18.84,-15.869,0.028,2.971,1.752,0,1.753,8.28,0.025,0.003,1.671,0.081,1.671,0.081,7.09,70.482,148.467
2018-08-16T12:00:00,2458347,100.0912265,-18.356,-15.289,-0.001,3.067,1.717,0.001,1.717,8.248,-0.006,0.006,1.63,0.088,1.63,0.087,7.08,70.2,150.122
2018-08-17T12:00:00,2458348,100.006021,-18.848,-15.873,0.001,2.976,1.71,0.001,1.711,8.278,-0.004,0.004,1.593,0.118,1.593,0.117,7.079,71.511,142.65
2018-08-18T12:00:00,2458349,100.105209,-18.666,-15.542,-0.021,3.124,1.725,0,1.725,8.298,-0.021,0,1.606,0.119,1.606,0.119,7.107,70.536,123.578
2018-08-19T12:00:00,2458350,100.012718,-20.713,-17.681,-0.022,3.032,1.761,0,1.761,8.361,-0.023,0,1.614,0.147,1.614,0.147,7.141,70.925,122.217
2018-08-20T12:00:00,2458351,100.0319295,-20.721,-17.677,-0.018,3.043,1.779,0,1.78,8.362,-0.019,0.001,1.67,0.109,1.67,0.109,7.113,71.943,146.482
2018-08-21T12:00:00,2458352,100.0105255,-19.392,-16.404,-0.002,2.987,1.75,0,1.75,8.409,-0.003,0.001,1.607,0.143,1.607,0.143,7.148,73.756,156.312
2018-08-22T12:00:00,2458353,99.8143725,-18.552,-15.801,0.015,2.751,1.727,0,1.727,8.319,0.015,0,1.58,0.147,1.58,0.147,7.135,70.4,133.8
2018-08-23T12:00:00,2458354,100.0559925,-20.942,-17.913,0,3.029,1.727,0.001,1.729,8.392,0.001,0,1.556,0.173,1.556,0.172,7.125,74.781,162.469
2018-08-24T12:00:00,2458355,99.9238405,-20.962,-17.967,-0.047,2.995,1.752,0.001,1.753,8.471,-0.042,-0.005,1.543,0.21,1.543,0.209,7.125,78.036,175.569
2018-08-25T12:00:00,2458356,99.7318335,-18.82,-15.813,-0.144,3.007,1.776,0.005,1.781,8.569,-0.11,-0.034,1.516,0.266,1.516,0.26,7.146,81.518,186.774
2018-08-26T12:00:00,2458357,99.526064,-19.998,-17.41,-0.046,2.588,1.635,0.001,1.636,8.312,-0.037,-0.008,1.455,0.181,1.455,0.18,7.144,74.124,166.959
2018-08-27T12:00:00,2458358,99.596771,-18.904,-16.398,0.026,2.506,1.619,0,1.619,8.231,0.028,-0.002,1.503,0.116,1.503,0.115,7.171,68.596,150.107
2018-08-28T12:00:00,2458359,99.695279,-18.63,-15.966,-0.001,2.664,1.568,0,1.568,8.151,-0.001,0,1.535,0.033,1.535,0.033,7.17,65.211,121.833
2018-08-29T12:00:00,2458360,99.716275,-20.882,-18.156,-0.02,2.726,1.582,0,1.582,8.197,-0.02,0,1.558,0.024,1.558,0.024,7.208,64.851,114.517
2018-08-30T12:00:00,2458361,99.7339905,-20.242,-17.483,-0.027,2.759,1.584,0,1.584,8.251,-0.027,0,1.553,0.031,1.553,0.031,7.243,65.889,123.029
2018-09-01T12:00:00,2458363,99.6731225,-20.09,-17.301,-0.07,2.789,1.647,0,1.647,8.226,-0.07,0,1.59,0.057,1.59,0.057,7.164,66.997,115.295
2018-09-02T12:00:00,2458364,99.5978335,-17.824,-15.072,-0.089,2.753,1.705,0,1.705,8.307,-0.089,0,1.626,0.08,1.626,0.08,7.192,68.09,119.055
2018-09-03T12:00:00,2458365,100.127218,-17.904,-14.702,-0.047,3.202,1.77,0,1.77,8.344,-0.047,0,1.639,0.13,1.639,0.13,7.161,69.266,115.239
2018-09-04T12:00:00,2458366,100.2871075,-19.364,-16.057,-0.02,3.307,1.793,0,1.793,8.426,-0.02,0,1.649,0.144,1.649,0.144,7.157,72.405,124.726
2018-09-05T12:00:00,2458367,100.4521675,-19.834,-16.359,-0.02,3.475,1.832,0,1.832,8.466,-0.02,0,1.661,0.171,1.661,0.171,7.146,72.991,127.926
2018-09-06T12:00:00,2458368,100.3848135,-19.611,-16.196,-0.024,3.415,1.855,0,1.855,8.535,-0.024,0,1.653,0.202,1.653,0.202,7.163,74.649,130.81
2018-09-07T12:00:00,2458369,100.25529,-21.65,-18.354,-0.03,3.296,1.844,0,1.844,8.508,-0.03,0,1.656,0.188,1.656,0.188,7.191,72.618,123.29
2018-09-08T12:00:00,2458370,100.0826725,-20.569,-17.438,-0.035,3.131,1.829,0,1.829,8.496,-0.035,0,1.636,0.193,1.636,0.193,7.178,73.461,131.351
2018-09-09T12:00:00,2458371,99.956338,-18.501,-15.505,-0.032,2.996,1.763,0,1.764,8.414,-0.031,0,1.62,0.144,1.62,0.144,7.174,72.396,143.525
2018-09-10T12:00:00,2458372,99.815083,-18.531,-15.775,0.013,2.756,1.703,0,1.703,8.299,0.013,0,1.616,0.088,1.616,0.088,7.165,69.213,129.809
2018-09-11T12:00:00,2458373,99.9607955,-21.052,-18.136,0.008,2.915,1.693,0.001,1.694,8.308,0.005,0.003,1.602,0.091,1.602,0.091,7.183,69.023,147.267
2018-09-12T12:00:00,2458374,99.919758,-20.602,-17.686,-0.012,2.916,1.692,0,1.692,8.342,-0.012,0,1.624,0.069,1.624,0.069,7.217,68.775,139.763
2018-09-13T12:00:00,2458375,99.9041905,-19.827,-16.853,-0.047,2.975,1.738,0,1.738,8.381,-0.047,0,1.689,0.05,1.689,0.05,7.228,68.511,126.883
2018-09-14T12:00:00,2458376,99.8577105,-18.894,-15.977,-0.042,2.917,1.781,0,1.781,8.412,-0.042,0,1.713,0.068,1.713,0.068,7.226,68.758,116.181
2018-09-15T12:00:00,2458377,99.9928265,-18.493,-15.462,-0.031,3.031,1.814,0,1.814,8.454,-0.031,0,1.725,0.09,1.725,0.09,7.248,68.658,117.011
2018-09-16T12:00:00,2458378,100.195205,-19.817,-16.657,0.005,3.16,1.82,0,1.82,8.476,0.005,0,1.715,0.105,1.715,0.105,7.245,69.795,117.184
2018-09-17T12:00:00,2458379,100.1762045,-20.078,-16.963,0.017,3.115,1.791,0,1.791,8.429,0.017,0,1.688,0.104,1.688,0.104,7.207,70.158,131.366
2018-09-18T12:00:00,2458380,100.06491,-21.879,-18.872,0.015,3.006,1.745,0,1.745,8.393,0.015,0,1.65,0.094,1.65,0.094,7.23,68.666,122.11
2018-09-19T12:00:00,2458381,99.9571985,-20.944,-18.008,-0.004,2.937,1.655,0,1.655,8.283,-0.004,0,1.581,0.075,1.581,0.075,7.207,67.112,121.842
2018-09-20T12:00:00,2458382,99.892928,-19.779,-16.9,-0.007,2.878,1.677,0,1.677,8.334,-0.007,0,1.625,0.052,1.625,0.052,7.249,66.942,123.463
2018-09-21T12:00:00,2458383,99.7415925,-18.502,-15.793,0,2.709,1.599,0,1.599,8.219,0,0,1.569,0.031,1.569,0.031,7.211,65.493,105.977
2018-09-23T12:00:00,2458385,99.688568,-19.848,-17.178,-0.007,2.67,1.543,0,1.543,8.145,-0.007,0,1.535,0.008,1.535,0.008,7.194,64.519,100.717
2018-09-24T12:00:00,2458386,99.6875855,-20.566,-17.898,-0.007,2.669,1.53,0,1.53,8.111,-0.007,0,1.526,0.004,1.526,0.004,7.179,63.581,74.135
2018-09-25T12:00:00,2458387,99.70388,-19.5,-16.807,-0.01,2.692,1.541,0,1.541,8.145,-0.01,0,1.541,0,1.541,0,7.199,63.983,
2018-09-27T12:00:00,2458389,99.633201,-19.881,-17.231,-0.024,2.65,1.567,0,1.567,8.181,-0.024,0,1.554,0.014,1.554,0.014,7.197,65.286,91.617
2018-09-28T12:00:00,2458390,99.65007,-20.146,-17.465,-0.03,2.68,1.606,0,1.606,8.198,-0.03,0,1.582,0.024,1.582,0.024,7.197,64.961,123.844
2018-09-30T12:00:00,2458392,100.126477,-21.498,-18.316,-0.038,3.182,1.767,0.002,1.769,8.446,-0.035,-0.003,1.647,0.122,1.647,0.12,7.199,72.554,165.994
2018-10-01T12:00:00,2458393,100.2596585,-21.313,-18.004,-0.034,3.309,1.828,0.002,1.83,8.514,-0.026,-0.008,1.686,0.144,1.686,0.142,7.183,74.34,163.738
2018-10-02T12:00:00,2458394,100.3043845,-20.283,-16.953,-0.023,3.331,1.844,0.001,1.845,8.497,-0.017,-0.006,1.698,0.147,1.698,0.146,7.204,71.704,130.183
2018-10-03T12:00:00,2458395,100.137479,-21.74,-18.658,0.014,3.082,1.793,0,1.793,8.416,0.014,0,1.645,0.148,1.645,0.148,7.178,70.741,116.059
2018-10-04T12:00:00,2458396,100.1034245,-23.118,-20.045,0.002,3.073,1.736,0,1.736,8.369,0.002,0,1.664,0.072,1.664,0.072,7.195,69.444,124.294
2018-10-05T12:00:00,2458397,99.9064415,-20.437,-17.527,-0.016,2.911,1.695,0,1.695,8.288,-0.016,0,1.656,0.038,1.656,0.038,7.178,67.639,106.318
2018-10-06T12:00:00,2458398,99.8206615,-22.161,-19.348,-0.011,2.813,1.665,0,1.665,8.24,-0.011,0,1.636,0.029,1.636,0.029,7.18,66.313,112.739
2018-10-07T12:00:00,2458399,99.832693,-20.299,-17.493,-0.002,2.806,1.667,0,1.667,8.226,-0.002,0,1.661,0.006,1.661,0.006,7.167,66.193,108.828
2018-10-08T12:00:00,2458400,99.8990645,-21.772,-18.907,0.002,2.865,1.653,0,1.653,8.232,0.002,0,1.642,0.01,1.642,0.01,7.187,65.873,132.278
2018-10-09T12:00:00,2458401,99.8689095,-20.78,-17.935,-0.003,2.845,1.649,0,1.649,8.306,-0.003,0,1.623,0.027,1.623,0.027,7.26,65.999,126.194
2018-10-10T12:00:00,2458402,99.9474345,-20.346,-17.389,-0.018,2.957,1.673,0,1.673,8.397,-0.018,0,1.636,0.037,1.636,0.037,7.344,65.384,119.649
2018-10-11T12:00:00,2458403,99.864799,-19.798,-16.909,-0.026,2.89,1.692,0,1.692,8.366,-0.026,0,1.663,0.029,1.663,0.029,7.294,65.752,111.227
2018-10-12T12:00:00,2458404,99.82216,-20.302,-17.372,-0.065,2.93,1.75,0,1.75,8.52,-0.066,0.001,1.704,0.046,1.704,0.046,7.387,67.505,124.675
2018-10-13T12:00:00,2458405,99.9472705,-19.487,-16.404,-0.077,3.083,1.783,0,1.783,7.999,-0.078,0.001,1.713,0.069,1.713,0.069,6.798,69.577,130.27
2018-10-14T12:00:00,2458406,100.066983,-22.065,-18.935,-0.042,3.13,1.812,0,1.812,8.428,-0.042,0,1.708,0.105,1.708,0.105,7.196,70.409,134.134
2018-10-15T12:00:00,2458407,100.3843445,-21.234,-17.843,-0.013,3.391,1.843,0,1.843,8.464,-0.014,0,1.671,0.172,1.671,0.172,7.175,71.783,128.285
2018-10-17T12:00:00,2458409,100.3480975,-23.293,-19.956,-0.005,3.337,1.804,0,1.804,8.502,-0.005,0,1.632,0.172,1.632,0.172,7.225,72.187,133.113
2018-10-18T12:00:00,2458410,100.067133,-22.916,-19.85,-0.012,3.066,1.731,0,1.731,8.434,-0.012,0,1.613,0.118,1.613,0.118,7.249,70.289,136.951
2018-10-20T12:00:00,2458412,99.692165,-22.355,-19.707,0.005,2.648,1.61,0,1.61,8.285,0.005,0,1.525,0.086,1.525,0.086,7.237,67.704,124.796
2018-10-21T12:00:00,2458413,99.7181625,-22.145,-19.524,0.03,2.621,1.578,0,1.578,8.2,0.03,0,1.515,0.063,1.515,0.063,7.189,66.882,141.454
2018-10-22T12:00:00,2458414,99.7559665,-23.837,-21.154,0.019,2.683,1.525,0,1.525,8.094,0.019,0,1.503,0.022,1.503,0.022,7.164,63.828,116.381
2018-10-23T12:00:00,2458415,99.7053315,-24.012,-21.295,-0.021,2.717,1.527,0,1.527,8.075,-0.021,0,1.522,0.006,1.522,0.006,7.133,64.242,135.737
2018-10-24T12:00:00,2458416,99.758961,-23.228,-20.451,-0.024,2.778,1.58,0,1.58,8.17,-0.024,0,1.569,0.011,1.569,0.011,7.174,65.477,139.379
2018-10-25T12:00:00,2458417,99.784839,-21.879,-19.049,-0.036,2.83,1.592,0,1.592,8.145,-0.036,0,1.581,0.011,1.581,0.011,7.167,64.022,90.594
2018-10-26T12:00:00,2458418,99.842973,-23.137,-20.235,-0.042,2.902,1.641,0,1.641,8.187,-0.042,0,1.605,0.036,1.605,0.036,7.167,64.8,105.122
2018-10-27T12:00:00,2458419,99.9416005,-24.12,-21.139,-0.032,2.981,1.651,0,1.651,8.214,-0.032,0,1.632,0.019,1.632,0.019,7.155,66.483,105.317
2018-10-28T12:00:00,2458420,100.147154,-21.533,-18.376,-0.016,3.156,1.709,0,1.709,8.281,-0.016,0,1.692,0.017,1.692,0.017,7.166,67.418,118.018
2018-10-29T12:00:00,2458421,100.1837785,-21.63,-18.441,-0.014,3.189,1.698,0,1.698,8.259,-0.014,0,1.663,0.035,1.663,0.035,7.152,67.148,109.419
2018-10-30T12:00:00,2458422,100.08509,-23.595,-20.515,-0.01,3.08,1.701,0,1.701,8.239,-0.01,0,1.68,0.021,1.68,0.021,7.15,66.042,92.535
2018-11-01T12:00:00,2458424,99.959799,-22.338,-19.362,-0.021,2.976,1.675,0,1.675,8.253,-0.021,0,1.663,0.011,1.663,0.011,7.171,66.924,113.598
2018-11-02T12:00:00,2458425,99.691274,-22.146,-19.454,-0.016,2.692,1.627,0,1.627,8.176,-0.016,0,1.622,0.006,1.622,0.006,7.146,65.959,105.002
2018-11-03T12:00:00,2458426,99.9078015,-23.416,-20.525,-0.006,2.891,1.606,0,1.606,8.159,-0.006,0,1.593,0.012,1.593,0.012,7.154,65.326,107.287
2018-11-04T12:00:00,2458427,99.8255435,-22.819,-20.016,-0.004,2.803,1.564,0,1.564,8.121,-0.004,0,1.538,0.026,1.538,0.026,7.139,65.324,115.435
2018-11-05T12:00:00,2458428,99.850575,-21.514,-18.662,-0.015,2.852,1.581,0,1.581,8.184,-0.015,0,1.556,0.025,1.556,0.025,7.186,65.533,123.757
2018-11-06T12:00:00,2458429,100.0565225,-22.07,-18.987,-0.025,3.083,1.638,0,1.638,8.259,-0.025,0,1.638,0,1.638,0,7.23,65.206,
2018-11-07T12:00:00,2458430,99.810323,-22.695,-19.869,-0.022,2.826,1.61,0,1.61,8.219,-0.022,0,1.596,0.014,1.596,0.014,7.23,64.084,113.389
2018-11-08T12:00:00,2458431,99.8993225,-23.024,-20.101,-0.025,2.923,1.626,0,1.626,8.237,-0.025,0,1.611,0.015,1.611,0.015,7.218,65.311,148.044
2018-11-09T12:00:00,2458432,99.7919885,-22.118,-19.285,-0.034,2.833,1.603,0,1.603,8.188,-0.034,0,1.583,0.02,1.583,0.02,7.185,65.25,148.422
2018-11-10T12:00:00,2458433,99.9367935,-22.014,-19.055,-0.024,2.959,1.619,0,1.619,8.175,-0.024,0,1.595,0.024,1.595,0.024,7.159,65.391,119.923
2018-11-11T12:00:00,2458434,99.9888355,-21.821,-18.824,-0.017,2.997,1.639,0,1.639,8.239,-0.017,0,1.613,0.026,1.613,0.026,7.207,65.44,108.058
2018-11-12T12:00:00,2458435,100.1879805,-24.108,-20.919,-0.012,3.189,1.647,0,1.647,8.294,-0.012,0,1.548,0.099,1.548,0.099,7.192,68.79,140.769
2018-11-13T12:00:00,2458436,100.0696725,-24.427,-21.352,-0.015,3.075,1.631,0,1.631,8.281,-0.014,0,1.549,0.082,1.549,0.082,7.198,68.3,136.051
2018-11-14T12:00:00,2458437,99.9553555,-22.617,-19.622,-0.032,2.995,1.602,0,1.602,8.24,-0.031,-0.001,1.546,0.056,1.546,0.056,7.188,67.727,133.908
2018-11-15T12:00:00,2458438,99.9886245,-23.759,-20.728,-0.033,3.031,1.669,0.001,1.67,8.305,-0.03,-0.003,1.581,0.089,1.581,0.088,7.168,70.119,162.498
2018-11-16T12:00:00,2458439,99.8785235,-22.402,-19.513,-0.019,2.889,1.667,0,1.667,8.304,-0.018,0,1.593,0.074,1.593,0.074,7.202,68.543,168.766
2018-11-17T12:00:00,2458440,99.8844795,-22.712,-19.787,-0.033,2.925,1.653,0.002,1.655,8.314,-0.022,-0.01,1.559,0.096,1.559,0.094,7.191,70.326,183.513
2018-11-18T12:00:00,2458441,99.983651,-24.916,-21.92,-0.019,2.996,1.669,0.001,1.67,8.275,-0.013,-0.006,1.595,0.075,1.595,0.074,7.186,67.865,174.932
2018-11-19T12:00:00,2458442,99.774226,-21.086,-18.378,0.016,2.708,1.575,0,1.575,8.125,0.016,0,1.541,0.034,1.541,0.034,7.149,64.674,145.79
2018-11-20T12:00:00,2458443,99.770479,-22.947,-20.153,-0.026,2.794,1.53,0,1.53,8.078,-0.026,0,1.517,0.014,1.517,0.014,7.144,63.665,104.284
2018-11-22T12:00:00,2458445,99.8012695,-20.701,-17.851,-0.038,2.851,1.592,0,1.592,8.134,-0.038,0,1.584,0.008,1.584,0.008,7.147,64.664,102.085
2018-11-24T12:00:00,2458447,100.19377,-21.057,-17.845,-0.02,3.212,1.646,0,1.646,8.251,-0.02,0,1.564,0.081,1.564,0.081,7.127,70.094,163.159
2018-11-25T12:00:00,2458448,100.2406885,-21.249,-17.97,-0.029,3.279,1.715,0,1.715,8.328,-0.029,0,1.61,0.104,1.61,0.104,7.148,70.418,149.682
2018-11-26T12:00:00,2458449,100.2128455,-22.818,-19.593,-0.017,3.225,1.661,0,1.661,8.267,-0.017,0,1.606,0.055,1.606,0.055,7.155,68.741,150.751
2018-11-27T12:00:00,2458450,100.092406,-22.755,-19.66,-0.014,3.096,1.647,0,1.647,8.226,-0.014,0,1.601,0.046,1.601,0.046,7.156,67.06,134.412
2018-11-28T12:00:00,2458451,99.8817125,-24.116,-21.243,-0.01,2.873,1.619,0,1.619,8.184,-0.01,0,1.58,0.038,1.58,0.038,7.168,65.203,103.801
2018-11-29T12:00:00,2458452,99.8981735,-22.34,-19.431,-0.019,2.909,1.58,0,1.58,8.126,-0.019,0,1.566,0.013,1.566,0.013,7.145,64.624,128.544
2018-11-30T12:00:00,2458453,99.7291835,-22.717,-19.98,-0.019,2.737,1.549,0,1.549,8.126,-0.019,0,1.545,0.004,1.545,0.004,7.183,63.676,158.508
2018-12-01T12:00:00,2458454,99.927482,-21.703,-18.776,-0.013,2.926,1.514,0,1.514,8.042,-0.013,0,1.514,0,1.514,0,7.125,63.371,
2018-12-02T12:00:00,2458455,99.7586585,-21.693,-18.925,-0.019,2.767,1.519,0,1.519,8.062,-0.019,0,1.519,0,1.519,0,7.136,63.465,
2018-12-03T12:00:00,2458456,99.856803,-21.407,-18.522,-0.027,2.884,1.527,0,1.527,8.097,-0.027,0,1.523,0.005,1.523,0.005,7.159,63.872,98.29
2018-12-04T12:00:00,2458457,99.8676105,-22.259,-19.365,-0.027,2.895,1.559,0,1.559,8.117,-0.027,0,1.549,0.01,1.549,0.01,7.158,64.021,105.343
2018-12-05T12:00:00,2458458,99.900896,-20.953,-17.945,-0.064,3.008,1.676,0.002,1.677,8.299,-0.054,-0.01,1.581,0.096,1.581,0.095,7.146,70.866,192.965
2018-12-07T12:00:00,2458460,99.9083455,-22.09,-19.207,-0.002,2.883,1.639,0,1.639,8.25,-0.001,-0.002,1.578,0.061,1.578,0.06,7.196,67.326,168.976
2018-12-08T12:00:00,2458461,100.045654,-22.015,-18.973,-0.011,3.042,1.657,0,1.657,8.231,-0.011,0,1.633,0.023,1.633,0.023,7.175,66.14,153.097
2018-12-10T12:00:00,2458463,100.011358,-22.509,-19.457,-0.032,3.052,1.623,0,1.623,8.198,-0.032,0,1.594,0.029,1.594,0.029,7.177,65.411,113.911
2018-12-11T12:00:00,2458464,100.0618735,-22.588,-19.49,-0.029,3.097,1.637,0,1.637,8.23,-0.029,0,1.573,0.065,1.573,0.065,7.167,67.229,138.786
2018-12-12T12:00:00,2458465,100.1834315,-22.862,-19.637,-0.031,3.225,1.662,0,1.662,8.25,-0.031,0,1.587,0.075,1.587,0.075,7.145,68.529,136.043
2018-12-16T12:00:00,2458469,99.8943045,-22.156,-19.221,-0.033,2.935,1.64,0,1.64,8.222,-0.033,0,1.576,0.064,1.576,0.064,7.164,66.996,137.846
2018-12-17T12:00:00,2458470,100.0267145,-22.882,-19.854,-0.013,3.027,1.605,0,1.605,8.186,-0.013,0,1.528,0.077,1.528,0.077,7.147,67.066,134.908
2018-12-18T12:00:00,2458471,99.9251395,-22.514,-19.569,-0.023,2.945,1.6,0,1.6,8.182,-0.023,0,1.534,0.065,1.534,0.065,7.152,66.742,142.955
2018-12-19T12:00:00,2458472,99.8980985,-22.511,-19.57,-0.034,2.941,1.607,0,1.607,8.174,-0.034,0,1.547,0.06,1.547,0.06,7.138,66.736,136.358
2018-12-20T12:00:00,2458473,99.9529825,-22.485,-19.486,-0.035,2.999,1.604,0,1.604,8.18,-0.035,0,1.565,0.038,1.565,0.038,7.168,65.613,141.737
2018-12-21T12:00:00,2458474,99.960404,-21.207,-18.209,-0.031,2.998,1.605,0,1.605,8.145,-0.031,0,1.581,0.024,1.581,0.024,7.143,64.912,133.905
2018-12-22T12:00:00,2458475,99.8938355,-20.743,-17.832,-0.022,2.911,1.613,0,1.613,8.166,-0.022,0,1.608,0.005,1.608,0.005,7.151,65.271,107.275
2018-12-23T12:00:00,2458476,99.9071825,-19.797,-16.866,-0.025,2.931,1.584,0,1.584,8.164,-0.025,0,1.579,0.004,1.579,0.004,7.169,65.238,114.146
2018-12-24T12:00:00,2458477,99.90484,-21.701,-18.751,-0.035,2.95,1.564,0,1.564,8.123,-0.035,0,1.564,0,1.564,0,7.148,64.782,
2018-12-25T12:00:00,2458478,99.764223,-22.378,-19.493,-0.072,2.886,1.593,0,1.593,8.149,-0.072,0,1.577,0.016,1.577,0.016,7.156,65.099,110.479
2018-12-26T12:00:00,2458479,99.8591925,-22.342,-19.385,-0.06,2.957,1.648,0,1.648,8.201,-0.06,0,1.591,0.057,1.591,0.057,7.163,65.799,106.289
2018-12-26T12:00:00,2458479,99.8591925,-22.342,-19.385,-0.06,2.957,1.648,0,1.648,8.201,-0.06,0,1.591,0.057,1.591,0.057,7.163,65.799,106.289
2018-12-27T12:00:00,2458480,100.045715,-20.872,-17.8,-0.025,3.072,1.628,0,1.628,8.217,-0.025,0,1.552,0.076,1.552,0.076,7.145,68.193,137.72
2018-12-31T12:00:00,2458484,100.369185,-22.535,-19.091,-0.045,3.444,1.747,0,1.747,8.36,-0.045,0,1.635,0.111,1.635,0.111,7.183,69.222,125.228