date_obs,date_jd,rv_sun,rv_model_ref,f_ref,v_phot_ref,v_conv_ref,v_quiet,v_disc,v_phot,v_conv,f_bright,f_spot,f,Bobs,vphot_bright,vphot_spot,f_small,f_large,f_network,f_plage,f_nonconv,quiet_flux,ar_flux,conv_flux,pol_flux,pol_conv_flux,vconv_quiet,vconv_large,vconv_small,rv_model_mil,rv_model,rv_model_ref2
2015-07-20T09:43:24.70,2457223.905,102.922,118.04948,3.4351,0.168,5.803,-27.648,-21.132,0.115,6.517,3.633,0.004,3.638,10.76,0.119,-0.004,2.214,1.423,2.214,1.419,0,6.841,105.542,151.202,0.75,21.038,2.974,3.032,3.032,108.82841,103.7245675,108.28311
2015-07-29T10:30:39.20,2457232.938,104.131,124.22455,4.2842,-0.307,7.949,-24.968,-16.767,-0.249,8.201,4.354,0.003,4.356,11.804,-0.249,0,2.31,2.047,2.31,2.044,0,6.988,109.935,149.693,-1.288,-39.984,4.337,4.425,4.425,109.57917,104.6143335,109.21489
2015-07-29T22:43:24.00,2457233.447,104.602,125.56892,4.4055,-0.214,8.386,-27.505,-19.029,-0.072,8.476,4.482,0.002,4.484,12.147,-0.074,0.003,2.302,2.182,2.302,2.18,0,7.092,111.541,149.068,-1.271,-33.578,4.497,4.594,4.594,110.2314,105.256398,109.82962
2015-07-30T23:14:09.00,2457234.468,104.754,127.99626,4.6341,-0.002,9.135,-28.905,-19.491,0.149,9.414,4.857,0.005,4.861,12.776,0.112,0.036,2.335,2.527,2.335,2.522,0,7.175,113.305,146.692,-1.005,-17.471,5.278,5.395,5.395,111.59878,106.642304,111.00107
2015-07-31T23:09:38.90,2457235.465,105.195,128.86315,4.6726,0.093,9.407,-29.6,-19.678,0.203,9.921,4.99,0.003,4.993,12.883,0.17,0.032,2.359,2.634,2.359,2.63,0,7.167,111.97,142.628,-0.472,-4.938,5.709,5.835,5.835,112.19125,107.2538855,111.46683
2015-08-02T00:50:08.90,2457236.535,105.606,127.89132,4.4613,0.175,9.084,-25.636,-16.515,0.264,9.12,4.939,0.005,4.944,12.855,0.222,0.042,2.378,2.566,2.378,2.561,0,7.232,110.762,141.709,0.208,9.598,4.994,5.114,5.114,111.58296,106.595064,111.35012
2015-08-02T23:23:53.80,2457237.475,105.808,125.23343,4.4919,0.289,8.23,-29.727,-20.786,0.39,8.941,4.88,0.006,4.886,12.616,0.35,0.04,2.478,2.408,2.478,2.402,0,7.169,109.021,141.586,0.733,17.583,4.753,4.866,4.866,111.69873,106.6839225,110.81126
2015-08-03T13:41:53.80,2457238.071,105.224,123.22311,4.5592,0.299,7.575,-26.537,-18.434,0.208,8.103,4.833,0.006,4.839,12.537,0.175,0.033,2.531,2.308,2.531,2.302,0,7.185,109.332,145.525,0.918,23.787,4.093,4.197,4.197,110.51171,105.4782055,110.22451
2015-08-05T01:00:38.70,2457239.542,103.588,120.02458,4.4946,0.424,6.473,-23.754,-16.705,0.494,7.049,4.418,0.014,4.432,12.08,0.441,0.053,2.439,1.993,2.439,1.979,0,7.236,109.195,150.064,1.007,27.534,3.227,3.309,3.309,110.17213,105.0435365,109.47965
2015-08-05T12:17:08.80,2457240.012,104.507,119.37635,4.4312,0.492,6.238,-25.03,-18.09,0.371,6.94,4.438,0.017,4.455,12.052,0.31,0.06,2.589,1.866,2.589,1.849,0,7.16,110.223,158.149,0.931,21.311,3.178,3.255,3.255,109.79524,104.678021,109.41342
2015-08-07T11:14:08.60,2457241.968,103.439,120.43228,4.2614,0.246,6.611,-26.145,-18.953,0.177,7.192,4.151,0.035,4.187,12.026,0.158,0.019,2.446,1.741,2.446,1.705,0,7.077,118.993,180.38,0.298,-3.865,3.542,3.612,3.612,109.59504,104.518017,109.20927
2015-08-07T17:11:08.40,2457242.216,103.975,120.57661,4.2326,0.133,6.68,-28.623,-21.428,0.1,7.196,4.129,0.037,4.166,12.065,0.1,0,2.46,1.706,2.46,1.669,0,7.1,119.882,185.281,0.275,-1.674,3.358,3.429,3.429,109.42628,104.36017,109.02032
2015-08-10T11:17:53.40,2457244.971,100.788,120.11948,4.0362,-0.554,6.757,-26.431,-20.071,-0.597,6.36,3.984,0.026,4.01,11.469,-0.421,-0.176,2.446,1.564,2.446,1.539,0,7.052,111.628,169.321,0.353,-0.483,2.631,2.694,2.694,107.08752,102.074403,107.55305
2015-08-10T12:05:53.40,2457245.004,101.162,120.08461,4.0345,-0.553,6.746,-23.65,-17.335,-0.611,6.316,3.996,0.025,4.021,11.525,-0.437,-0.174,2.409,1.613,2.409,1.587,0,7.115,111.256,166.15,0.332,2.207,2.695,2.759,2.759,107.01524,102.001759,107.54506
2015-08-17T10:11:52.80,2457251.925,103.184,114.12844,2.9419,0.111,4.574,-26.564,-21.635,0.066,4.929,3.038,0,3.038,9.744,0.067,-0.001,2.209,0.83,2.209,0.829,0,6.943,91.836,140.103,0.587,22.784,1.383,1.415,1.415,107.24181,102.0614085,107.01246
2015-08-18T00:08:52.60,2457252.506,102.178,113.53874,2.9204,0.083,4.378,-23.241,-18.61,0.149,4.631,2.838,0,2.838,9.666,0.149,0,2.112,0.726,2.112,0.726,0,7.083,90.94,142.609,0.586,27.882,1.292,1.319,1.319,107.15059,101.9430065,106.76746
2015-08-19T08:25:22.70,2457253.851,101.838,112.80639,3.0471,0.017,4.137,-24.216,-19.716,0.01,4.5,2.87,0.001,2.871,9.459,0.007,0.003,2.134,0.738,2.134,0.737,0,6.795,94.164,158.658,0.693,15.201,1.057,1.083,1.083,106.7174,101.52226,106.39549
2015-08-20T06:24:37.60,2457254.767,99.889,112.85074,3.1491,0.15,4.124,-26.256,-21.751,0.212,4.506,2.918,0.002,2.92,9.718,0.201,0.011,2.133,0.787,2.133,0.785,0,6.811,101.094,181.34,0.487,0.558,0.883,0.911,0.911,107.17546,101.952557,106.68132
2015-08-21T06:15:37.50,2457255.761,102.153,114.86828,3.3316,0.313,4.705,-26.241,-20.941,0.392,5.3,3.1,0.011,3.112,10.177,0.318,0.073,2.102,1.01,2.102,0.999,0,6.868,107.819,185.435,0.221,-14.231,1.659,1.697,1.697,108.31708,103.110842,107.58677
2015-08-21T18:01:22.20,2457256.251,103.12,116.44361,3.4566,0.341,5.182,-23.05,-17.313,0.436,5.737,3.358,0.022,3.379,11.333,0.316,0.12,2.152,1.228,2.152,1.206,0,7.642,111.357,185.138,0.031,-18.653,2.241,2.286,2.286,108.82205,103.6326385,108.0931
2015-08-22T13:53:52.20,2457257.079,104.932,119.56629,3.5726,0.238,6.219,-24.102,-17.316,0.246,6.786,3.582,0.03,3.611,11.465,0.138,0.108,2.145,1.466,2.145,1.437,0,7.196,118.911,189.049,-0.273,-23.66,3.739,3.79,3.79,109.37202,104.264091,108.82679
2015-08-25T04:41:07.00,2457259.695,105.65,125.54987,4.0811,-0.798,8.446,-28.023,-19.881,-0.67,8.142,4.332,0.049,4.381,12.653,-0.458,-0.212,2.178,2.203,2.178,2.154,0,7.025,127.752,182.145,-1.265,-36.29,4.358,4.446,4.446,108.58126,103.671845,108.57726
2015-08-26T00:57:36.80,2457260.54,104.555,123.99128,4.1714,-0.899,7.969,-19.842,-13.112,-0.759,6.73,4.307,0.043,4.351,12.535,-0.465,-0.294,2.178,2.173,2.178,2.129,0,7.197,122.398,170.856,-1.229,-38.528,2.917,3.001,3.001,107.06874,102.097566,107.90741
2015-08-26T23:51:36.70,2457261.494,102.762,121.3661,4.3636,-0.722,7.135,-22.428,-15.867,-0.579,6.561,4.368,0.03,4.398,12.243,-0.318,-0.261,2.267,2.131,2.267,2.1,0,7.189,115.374,160.03,-0.983,-25.469,2.651,2.735,2.735,107.31477,102.3097035,107.52827
2015-08-28T00:15:36.60,2457262.511,101.493,118.57861,4.5589,-0.363,6.17,-24.27,-18.012,-0.245,6.258,4.201,0.018,4.219,11.661,-0.084,-0.161,2.389,1.83,2.389,1.812,0,7.226,106.479,147.539,-0.607,-16.415,2.177,2.253,2.253,107.78114,102.71374,107.43498
2015-08-28T22:52:21.40,2457263.453,101.741,117.19101,4.1788,0.017,5.607,-26.198,-19.886,0.107,6.312,3.971,0.003,3.974,11.048,0.121,-0.014,2.437,1.537,2.437,1.534,0,7.122,99.047,134.959,-0.198,-5.589,2.334,2.4,2.4,108.61984,103.506347,107.76259
2015-08-29T22:30:36.30,2457264.438,102.048,118.06669,3.7728,0.039,5.978,-26.687,-20.28,0.145,6.408,3.788,0,3.788,10.679,0.144,0.001,2.418,1.37,2.418,1.37,0,7.071,94.97,128.181,0.594,26.221,2.393,2.454,2.454,108.79424,103.680505,108.1569
2015-08-30T21:30:36.20,2457265.396,102.305,117.60633,3.8609,0.037,5.814,-25.807,-19.462,0.148,6.345,3.729,0,3.73,10.617,0.149,-0.001,2.428,1.301,2.428,1.301,0,7.007,97.018,134.731,0.855,27.747,2.172,2.231,2.231,108.74237,103.6249105,107.9999
2015-08-31T22:02:06.10,2457266.418,102.659,117.44125,3.8451,0.09,5.732,-27.633,-21.376,0.186,6.257,3.68,0,3.68,10.662,0.187,-0.001,2.392,1.288,2.392,1.288,0,7.09,97.456,137.033,0.94,28.608,2.428,2.482,2.482,108.74565,103.6182885,108.04236
2015-09-01T23:32:51.00,2457267.481,103.054,117.21539,3.6925,0.106,5.632,-23.649,-17.691,0.186,5.958,3.523,0.001,3.524,10.598,0.182,0.003,2.368,1.155,2.368,1.155,0,7.171,97.568,140.5,0.716,23.175,2.143,2.191,2.191,108.46758,103.324521,107.9852
2015-09-02T23:25:20.90,2457268.476,101.979,117.54282,3.4612,0.109,5.757,-23.162,-17.054,0.19,6.108,3.451,0.001,3.452,10.42,0.184,0.005,2.343,1.109,2.343,1.108,0,7.11,95.805,140.158,0.478,20.017,2.234,2.281,2.281,108.61604,103.4803,108.10817
2015-09-03T13:49:20.80,2457269.076,102.422,117.47346,3.4042,0.091,5.736,-23.136,-17.256,0.053,5.88,3.464,0.001,3.466,10.556,0.046,0.007,2.347,1.118,2.347,1.117,0,7.25,95.533,138.889,0.42,12.785,2.206,2.251,2.251,108.09712,102.968453,108.04832
2015-09-09T20:09:35.00,2457275.34,101.946,114.88838,2.9203,0.098,4.846,-27.554,-21.99,0.13,5.564,2.955,0.002,2.957,9.554,0.127,0.003,2.245,0.712,2.245,0.71,0,6.844,91.419,144.399,0.514,3.93,1.631,1.662,1.662,107.97572,102.81976,107.2363
2015-09-10T20:56:49.80,2457276.373,101.471,115.83337,2.8179,0.063,5.162,-30.177,-24.391,0.118,5.786,2.967,0.001,2.968,9.648,0.121,-0.003,2.189,0.779,2.189,0.778,0,6.853,93.111,144.766,0.535,12.738,1.91,1.945,1.945,108.1553,103.012663,107.45178
2015-09-12T10:29:04.80,2457277.937,101.189,115.58846,3.0084,-0.177,5.122,-24.34,-19.261,-0.211,5.079,3.101,0.016,3.117,10.249,-0.126,-0.085,2.163,0.955,2.163,0.938,0,7.099,101.685,167.646,0.513,10.321,1.829,1.863,1.863,106.76083,101.6268065,106.87698
2015-09-12T13:52:19.70,2457278.078,100.818,115.26715,3.0278,-0.186,5.018,-24.754,-19.805,-0.215,4.949,3.102,0.015,3.116,10.367,-0.135,-0.08,2.143,0.974,2.143,0.959,0,7.266,100.54,164.966,0.565,7.457,1.735,1.768,1.768,106.63097,101.4906775,106.7601
2015-09-13T23:55:19.50,2457279.497,101.734,112.31603,3.098,-0.067,4.036,-22.919,-18.908,0.045,4.011,2.837,0.012,2.849,9.733,0.107,-0.062,2.106,0.743,2.106,0.731,0,7.076,95.248,165.226,0.589,12.73,0.464,0.49,0.49,106.34103,101.1153525,106.1134
2015-09-15T02:53:04.50,2457280.62,102.861,112.96212,3.506,0.08,4.143,-23.182,-18.866,0.191,4.317,2.904,0.016,2.92,9.799,0.139,0.052,2.077,0.843,2.077,0.827,0,7.028,98.588,168.364,0.617,9.813,0.957,0.984,0.984,106.95265,101.7227435,106.54219
2015-09-16T02:17:04.30,2457281.595,103.85,115.14964,3.4839,0.178,4.814,-23.771,-18.879,0.314,4.893,3.043,0.018,3.061,10.218,0.203,0.112,2.019,1.042,2.019,1.024,0,7.061,105.967,175.728,0.59,4.631,1.588,1.622,1.622,107.76385,102.5470865,107.38574
2015-09-16T17:48:34.10,2457282.242,104.032,117.25629,3.4572,0.153,5.49,-25.691,-19.946,0.237,5.745,3.23,0.023,3.253,10.466,0.118,0.119,2.041,1.212,2.041,1.189,0,6.925,110.541,178.927,0.565,14.044,2.453,2.495,2.495,108.38373,103.2223995,107.95842
2015-09-20T10:10:33,2457285.924,102.188,122.46845,3.972,-0.314,7.405,-28.627,-21.481,-0.216,7.147,4.167,0.016,4.183,11.786,-0.137,-0.079,2.278,1.905,2.278,1.889,0,7.143,110.541,154.358,-1.05,-30.803,3.426,3.505,3.505,108.67287,103.6481115,108.69329
2015-09-20T21:59:02,2457286.416,102.93,121.97177,4.1057,-0.271,7.258,-29.192,-21.73,-0.102,7.461,4.144,0.014,4.159,11.597,-0.024,-0.078,2.277,1.881,2.277,1.867,0,7.042,109.129,151.067,-1.165,-35.505,3.439,3.52,3.52,109.22025,104.1961305,108.6529
2015-09-21T12:14:23,2457287.01,102.921,121.50032,4.3265,-0.198,7.126,-26.602,-19.48,-0.18,7.122,4.289,0.013,4.302,11.976,-0.121,-0.059,2.358,1.944,2.358,1.931,0,7.367,108.137,149.328,-1.228,-35.811,3.434,3.512,3.512,108.73026,103.699185,108.69366
2015-09-23T09:38:52,2457288.902,113.159,120.48686,4.3078,0.292,6.691,-27.349,-19.896,0.314,7.453,4.43,0.014,4.444,11.894,0.28,0.034,2.421,2.023,2.421,2.009,0,7.129,107.645,146.975,-1.047,-29.258,3.427,3.516,3.516,110.14465,105.0622865,109.38671
2015-09-25T08:45:36,2457290.865,105.832,123.71133,4.0375,0.39,7.641,-30.118,-21.735,0.408,8.383,4.272,0.025,4.297,12.269,0.317,0.091,2.422,1.876,2.422,1.851,0,7.015,120.403,176.988,0.04,3.635,4.598,4.678,4.678,111.22011,106.1735055,110.48973
2015-09-26T05:16:48,2457291.72,104.621,124.56913,4.0277,0.223,7.916,-33.334,-24.212,0.315,9.122,4.343,0.035,4.377,12.642,0.257,0.058,2.309,2.068,2.309,2.034,0,6.907,128.444,187.569,0.561,17.049,4.968,5.063,5.063,111.69906,106.70418,110.3714
2015-09-27T10:23:31,2457292.933,105.811,122.78119,4.2378,-0.17,7.484,-29.893,-22.471,-0.194,7.421,4.425,0.041,4.466,12.857,-0.116,-0.078,2.392,2.074,2.392,2.033,0,7.235,125.365,184.615,1.069,29.294,3.922,4.004,4.004,108.97697,103.9635385,109.08932
2015-09-28T02:21:07,2457293.598,104.548,121.23265,4.3142,-0.357,7.031,-27.521,-21.062,-0.225,6.458,4.303,0.042,4.346,12.489,-0.072,-0.153,2.343,2.003,2.343,1.96,0,7.074,124.847,185.084,1.133,32.474,2.614,2.693,2.693,108.01194,102.95226,108.24915
2015-09-29T04:59:31,2457294.708,104.53,119.10185,4.2029,-0.466,6.382,-25.397,-19.334,-0.346,6.063,4.179,0.048,4.227,12.119,-0.084,-0.261,2.264,1.963,2.264,1.916,0,6.88,125.215,186.96,1.165,39.556,2.125,2.204,2.204,107.37355,102.3099515,107.40142
2015-09-30T10:52:19,2457295.953,103.48,117.17134,4.1278,-0.217,5.729,-23.648,-17.873,-0.261,5.774,3.846,0.035,3.881,11.702,-0.062,-0.199,2.335,1.546,2.335,1.511,0,7.273,117.222,186.896,0.909,35.188,2.326,2.382,2.382,107.29518,102.204594,107.35189
2015-09-30T14:05:16,2457296.087,103.489,117.00942,4.1185,-0.159,5.67,-22.011,-16.231,-0.224,5.78,3.807,0.033,3.84,11.573,-0.031,-0.193,2.336,1.504,2.336,1.471,0,7.243,115.741,185.485,0.888,32.642,2.182,2.238,2.238,107.38364,102.288226,107.42694
2015-10-02T11:28:19,2457297.978,101.898,115.40346,3.2789,-0.126,5.154,-26.181,-21.008,-0.122,5.172,3.157,0.008,3.165,10.383,-0.087,-0.034,2.375,0.79,2.375,0.782,0,7.233,100.01,176.882,0.422,7.876,1.305,1.337,1.337,107.04668,101.905168,107.02098
2015-10-03T12:59:02,2457299.041,100.592,115.07606,3.1013,-0.185,5.056,-23.695,-18.648,-0.196,5.047,3.133,0.004,3.137,10.232,-0.173,-0.023,2.356,0.781,2.356,0.777,0,7.225,96.65,163.632,0.495,10.123,1.266,1.298,1.298,106.76467,101.6268815,106.79768
2015-10-05T11:29:45,2457300.979,101.391,113.95064,2.9439,0.035,4.576,-23.286,-18.526,0.024,4.76,2.97,0.003,2.972,9.855,0.046,-0.022,2.235,0.737,2.235,0.735,0,7.203,90.587,143.924,0.552,21.955,1.198,1.226,1.226,106.99056,101.807124,106.84408
2015-10-06T01:22:04,2457301.557,101.095,113.96409,2.8778,0.081,4.56,-20.247,-15.26,0.166,4.987,2.796,0.002,2.799,9.509,0.184,-0.018,2.139,0.66,2.139,0.658,0,6.986,90.737,148.169,0.564,24.678,1.273,1.299,1.299,107.51975,102.3284935,106.93224
2015-10-06T22:27:50,2457302.436,100.797,114.0337,2.7832,0.095,4.589,-25.912,-20.634,0.14,5.278,2.721,0.002,2.723,9.36,0.147,-0.007,2.127,0.596,2.127,0.595,0,6.929,89.372,146.394,0.44,9.13,1.44,1.465,1.465,107.73214,102.559775,106.99057
2015-10-07T15:43:11,2457303.155,101.432,113.85196,2.5329,0.041,4.517,-25.289,-20.34,0.048,4.949,2.689,0,2.689,9.284,0.047,0.001,2.109,0.58,2.109,0.58,0,6.925,87.304,139.357,0.486,11.144,1.382,1.405,1.405,107.22009,102.0432405,106.80265
2015-10-08T13:46:33,2457304.074,100.331,113.26078,2.4958,-0.001,4.322,-22.177,-17.869,0.029,4.307,2.67,0,2.67,9.693,0.029,0,2.127,0.542,2.127,0.542,0,7.385,86.82,145.492,0.475,6.632,0.985,1.005,1.005,106.58047,101.3725565,106.52722
2015-10-10T08:48:28,2457305.867,100.968,111.56148,2.6086,-0.012,3.717,-23.366,-19.524,0.009,3.842,2.5,0,2.5,8.976,0.009,0,2.005,0.494,2.005,0.494,0,6.903,84.323,139.753,0.545,12.249,0.59,0.607,0.607,106.10322,100.873674,105.93993
2015-10-10T23:44:09,2457306.489,101.86,111.26017,2.6656,-0.021,3.602,-20.876,-17.104,0.096,3.773,2.428,0,2.428,8.91,0.095,0.001,1.935,0.493,1.935,0.493,0,6.934,83.292,132.801,0.549,17.664,0.718,0.733,0.733,106.23393,100.9886685,105.81282
2015-10-11T18:17:16,2457307.262,102.051,111.72738,2.8382,0.016,3.762,-21.502,-17.435,0.079,4.067,2.545,0,2.545,8.863,0.076,0.003,2.034,0.511,2.034,0.51,0,6.77,84.39,137.69,0.688,19.085,0.685,0.702,0.702,106.46927,101.2418065,106.0445
2015-10-12T14:31:11,2457308.105,100.181,112.61497,2.8993,0.001,4.064,-21.674,-17.505,-0.02,4.169,2.672,0.003,2.675,9.452,-0.027,0.006,2.08,0.595,2.08,0.592,0,7.203,86.71,140.845,0.734,26.875,0.914,0.934,0.934,106.34237,101.1340225,106.29176
2015-10-19T03:15:50,2457314.636,106.037,125.91036,5.0799,-0.216,8.565,-28.992,-20.161,0.071,8.831,4.716,0.016,4.732,12.567,-0.008,0.079,2.401,2.331,2.401,2.315,0,7.062,116.798,159.684,-0.747,-8.56,4.523,4.629,4.629,110.88187,105.9056285,109.99161
2015-10-19T12:31:40,2457315.022,106.557,126.98127,5.2157,-0.164,8.904,-28.696,-19.67,-0.083,9.026,5.041,0.017,5.058,13.281,-0.162,0.08,2.501,2.557,2.501,2.54,0,7.395,117.189,157.658,-0.742,-7.346,5.092,5.204,5.204,110.71826,105.773662,110.42336
2015-10-21T09:35:59,2457316.9,108.846,132.54296,5.1568,0.103,10.591,-27.006,-16.226,0.224,10.78,5.589,0.021,5.61,14.277,0.15,0.074,2.557,3.053,2.557,3.032,0,7.193,124.43,162.933,-0.361,1.356,6.627,6.77,6.77,113.03716,108.141974,112.59035
2015-10-25T10:16:19,2457320.928,103.712,122.34779,4.4371,0.06,7.249,-28.197,-20.661,0.034,7.535,4.684,0.009,4.692,12.623,0.087,-0.053,2.401,2.292,2.401,2.283,0,7.231,113.815,153.891,0.406,8.881,3.865,3.959,3.959,109.59371,104.5545715,109.38597
2015-10-26T10:33:35,2457321.94,103.896,116.94918,4.1485,0.155,5.487,-24.146,-18.461,0.185,5.685,4.215,0.006,4.221,11.763,0.23,-0.045,2.352,1.869,2.352,1.862,0,7.215,108.505,152.257,0.313,4.291,2.009,2.084,2.084,108.21145,103.0541975,107.96011
2015-10-26T14:00:57,2457322.084,103.058,116.17613,4.1224,0.21,5.227,-23.846,-18.283,0.223,5.564,4.122,0.007,4.129,11.634,0.265,-0.042,2.293,1.836,2.293,1.829,0,7.22,107.855,151.541,0.337,5.376,2.088,2.157,2.157,108.18404,103.015153,107.84151
2015-10-28T10:33:35,2457323.94,101.904,111.56838,3.7042,0.552,3.696,-24.23,-20.041,0.43,4.189,3.192,0.005,3.197,10.136,0.442,-0.011,2.3,0.897,2.3,0.892,0,7.219,94.147,151.509,0.168,-19.219,0.674,0.706,0.706,107.36897,102.0991225,107.18376
2015-10-29T01:11:59,2457324.55,100.728,111.52264,3.3654,0.459,3.698,-25.813,-21.197,0.437,4.616,2.846,0.006,2.852,9.538,0.425,0.012,2.153,0.698,2.153,0.692,0,6.941,92.838,155.91,0.191,-11.216,0.874,0.901,0.901,107.78176,102.533357,106.9773
2015-10-29T23:00:57,2457325.459,99.768,112.64638,3.2665,0.142,4.154,-24.263,-19.652,0.235,4.611,2.786,0.008,2.794,9.481,0.178,0.058,2.17,0.624,2.17,0.616,0,6.938,92.947,166.215,0.279,-6.859,0.881,0.905,0.905,107.32463,102.1040425,106.6913
2015-10-30T13:13:26,2457326.051,99.592,113.3112,3.3127,0.147,4.347,-24.477,-19.66,0.13,4.817,2.972,0.012,2.984,9.96,0.025,0.105,2.209,0.775,2.209,0.763,0,7.137,97.433,172.351,0.564,12.142,1.389,1.415,1.415,107.28101,102.0858325,106.88199
2015-11-01T10:35:02,2457327.941,103.001,116.92147,3.3588,0.489,5.348,-25.211,-18.75,0.596,6.461,3.478,0.028,3.506,11.123,0.4,0.196,2.103,1.403,2.103,1.375,0,7.085,116.131,183.891,0.579,8.687,3.105,3.156,3.156,109.85377,104.6801285,108.579
2015-11-01T23:21:07,2457328.473,103.423,119.35179,3.3971,0.428,6.144,-23.286,-16.733,0.579,6.553,3.561,0.034,3.595,11.386,0.453,0.126,2.032,1.563,2.032,1.529,0,6.899,124.444,194.297,0.538,7.453,2.882,2.941,2.941,109.90125,104.7348015,109.18264
2015-11-02T23:34:04,2457329.482,103.919,122.70736,3.3964,0.233,7.253,-23.913,-16.307,0.378,7.606,3.644,0.036,3.68,11.78,0.352,0.025,1.969,1.71,1.969,1.675,0,6.905,130.26,197.902,0.606,10.53,4.037,4.101,4.101,110.4303,105.347073,109.77721
2015-11-03T22:00:28,2457330.417,103.76,123.96571,3.3014,0.075,7.679,-31.52,-23.35,0.164,8.17,3.608,0.027,3.635,11.758,0.195,-0.031,1.941,1.694,1.941,1.667,0,6.87,130.584,197.315,0.586,11.816,4.574,4.641,4.641,110.47546,105.451589,109.81947
2015-11-04T21:33:07,2457331.398,102.175,122.71589,3.204,-0.185,7.366,-33.48,-25.741,-0.055,7.739,3.472,0.017,3.489,11.274,-0.01,-0.045,1.945,1.544,1.945,1.527,0,6.864,121.613,183.264,0.542,15.327,4.236,4.298,4.298,109.58407,104.5680125,108.94598
2015-11-06T11:29:45,2457332.979,102.569,117.25311,3.5353,-0.232,5.604,-24.101,-18.447,-0.307,5.654,3.629,0.012,3.641,11.341,-0.25,-0.057,2.079,1.562,2.079,1.55,0,7.254,112.559,168.772,0.638,15.435,2.363,2.419,2.419,107.08054,101.990048,107.20204
2015-11-06T22:40:47,2457333.445,102.6,115.85372,3.5987,-0.116,5.125,-24.43,-19.404,0.018,5.026,3.511,0.011,3.522,10.719,0.068,-0.05,2.018,1.503,2.018,1.493,0,6.887,109.368,161.375,0.701,16.032,1.589,1.643,1.643,107.2245,102.055863,107.01641
2015-11-07T22:24:57,2457334.434,102.519,114.53453,3.9314,0.137,4.627,-21.193,-16.267,0.3,4.926,3.476,0.011,3.487,10.615,0.317,-0.017,2.04,1.447,2.04,1.436,0,6.92,108.462,162.77,0.721,15.825,1.377,1.429,1.429,107.76318,102.550095,107.11999
2015-11-08T13:53:45,2457335.079,102.797,115.23139,3.9569,0.292,4.826,-21.753,-16.224,0.235,5.529,3.516,0.01,3.526,10.801,0.229,0.006,2.123,1.403,2.123,1.393,0,7.198,105.252,157.533,0.837,17.936,2.041,2.091,2.091,108.17837,103.0059775,107.65226
2015-11-09T22:22:04,2457336.432,102.092,119.19516,3.5778,0.165,6.165,-26.189,-19.267,0.197,6.922,3.285,0.005,3.29,10.421,0.173,0.024,2.011,1.279,2.011,1.274,0,6.888,107.017,160.277,0.95,23.262,3.137,3.189,3.189,109.38874,104.294762,108.61305
2015-11-10T12:28:48,2457337.02,100.073,120.7297,3.4503,-0.043,6.728,-26.879,-20.046,-0.066,6.832,3.496,0.005,3.501,11.148,-0.081,0.015,2.123,1.377,2.123,1.372,0,7.452,104.977,155.213,0.805,22.152,3.248,3.303,3.303,108.71592,103.653774,108.67072
2015-11-12T09:41:45,2457338.904,104.189,122.16096,3.6231,-0.19,7.308,-26.635,-19.378,-0.194,7.257,3.874,0.002,3.876,11.153,-0.192,-0.002,2.3,1.576,2.3,1.575,0,7.077,104.02,146.23,0.349,24.739,3.338,3.407,3.407,108.82445,103.8024085,108.88084
2015-11-15T06:31:40,2457341.772,103.042,123.42121,4.6412,-0.197,7.832,-31.07,-22.991,-0.1,8.079,4.419,0.002,4.421,11.672,-0.111,0.011,2.495,1.926,2.495,1.925,0,6.998,105.826,141.939,-0.501,4.564,3.502,3.598,3.598,109.79947,104.8075175,109.35248
2015-11-15T14:31:11,2457342.105,102.876,124.04452,4.6766,-0.16,8.021,-29.203,-21.249,-0.158,7.954,4.578,0.001,4.579,12.051,-0.163,0.005,2.538,2.041,2.538,2.04,0,7.22,105.788,141.677,-0.543,1.187,3.693,3.788,3.788,109.5533,104.562847,109.61113
2015-11-16T15:15:50,2457343.136,103.992,125.70481,4.659,-0.031,8.516,-26.939,-18.017,-0.017,8.922,4.738,0.001,4.739,12.193,-0.019,0.001,2.604,2.135,2.604,2.135,0,7.113,106.676,141.284,-0.463,-0.3,4.364,4.471,4.471,110.76938,105.810148,110.36044
2015-11-18T10:45:07,2457344.948,105.507,127.77384,4.4,0.115,9.093,-29.434,-20.009,0.067,9.425,4.816,0.002,4.818,12.601,0.064,0.003,2.624,2.193,2.624,2.191,0,7.186,110.221,147.656,-0.08,7.149,4.994,5.105,5.105,111.42533,106.4808295,111.22409
2015-11-18T16:58:04,2457345.207,105.585,127.79984,4.3449,0.126,9.088,-31.069,-21.665,0.117,9.405,4.746,0.002,4.749,12.409,0.116,0.001,2.475,2.274,2.475,2.272,0,6.986,111.489,147.823,0.045,9.815,5.089,5.2,5.2,111.51873,106.5662295,111.24408
2015-11-20T10:45:07,2457346.948,103.584,124.20544,4.4754,0.066,7.955,-31.073,-23.104,0.032,7.969,4.641,0.001,4.642,12.306,0.031,0.001,2.469,2.173,2.469,2.172,0,7.207,108.472,143.629,0.123,11.342,4.109,4.204,4.204,109.99285,104.9767745,110.05599
2015-11-20T21:35:59,2457347.4,102.851,122.74061,4.6078,0.001,7.48,-31.682,-23.586,0.108,8.097,4.559,0.003,4.561,11.982,0.097,0.011,2.505,2.056,2.505,2.054,0,6.99,108.491,145.781,0.131,9.748,3.752,3.85,3.85,110.28213,105.2622105,109.46864
2015-11-21T14:08:09,2457348.089,102.949,119.36061,4.5673,-0.005,6.363,-29.212,-22.596,-0.123,6.617,4.519,0.006,4.525,12.059,-0.119,-0.004,2.456,2.069,2.456,2.063,0,7.179,108.381,146.638,0.144,4.653,2.807,2.893,2.893,108.38829,103.3227795,108.41639
2015-11-23T05:15:21,2457349.719,103.531,115.61283,4.4303,0.473,4.983,-27.193,-21.216,0.531,5.977,4.146,0.007,4.153,11.22,0.495,0.036,2.33,1.823,2.33,1.816,0,6.916,105.469,146.104,-0.042,-10.775,2.146,2.218,2.218,109.25805,104.0680335,108.20371
2015-11-24T18:37:26,2457351.276,103.747,117.16085,3.7746,0.327,5.464,-27.465,-21.247,0.306,6.218,3.536,0.006,3.543,10.625,0.266,0.039,2.18,1.363,2.18,1.356,0,6.888,105.485,156.294,-0.035,-15.934,2.682,2.734,2.734,108.97818,103.832091,108.324
2015-11-26T04:56:38,2457352.706,105.189,119.17523,3.7487,0.006,6.208,-30.733,-24.065,0.08,6.668,3.64,0.007,3.647,10.856,0.052,0.027,2.167,1.48,2.167,1.473,0,6.885,107.867,157.81,0.091,-9.933,3.007,3.067,3.067,108.89044,103.79939,108.29688
2015-11-26T16:27:50,2457353.186,104.434,119.77422,3.6742,-0.074,6.426,-28.335,-21.5,-0.033,6.835,3.71,0.008,3.717,11.085,-0.057,0.024,2.155,1.562,2.155,1.554,0,6.999,108.837,157.7,0.172,-5.29,3.241,3.304,3.304,108.79263,103.7260545,108.32042
2015-11-28T03:20:09,2457354.639,103.677,120.16319,3.4904,-0.032,6.571,-29.455,-22.451,0.048,7.004,3.754,0.007,3.761,10.936,0.047,0.001,2.14,1.62,2.14,1.613,0,6.879,106.118,148.288,0.413,-0.27,3.16,3.229,3.229,109.13124,104.062278,108.54935
2015-11-29T15:08:38,2457356.131,104.47,119.67984,3.4532,0.154,6.393,-28.355,-21.333,0.132,7.022,3.75,0.005,3.756,11.004,0.151,-0.019,2.183,1.573,2.183,1.568,0,7.059,103.628,144.46,0.43,4.805,3.182,3.25,3.25,109.33614,104.256447,108.80045
2015-12-02T10:09:07,2457358.923,101.666,114.45804,3.1318,0.082,4.668,-28.875,-23.716,0.057,5.16,3.182,0.001,3.183,10.061,0.063,-0.006,2.113,1.071,2.113,1.07,0,7.063,94.193,136.504,0.429,6.699,1.709,1.749,1.749,107.43648,102.269457,107.03492
2015-12-02T20:00:57,2457359.334,100.68,113.5901,3.1626,0.089,4.381,-28.812,-23.992,0.132,4.82,3.063,0,3.063,9.665,0.132,0,2.102,0.962,2.102,0.962,0,6.862,91.818,133.204,0.44,9.686,1.344,1.38,1.38,107.28828,102.092982,106.78369
2015-12-04T01:32:09,2457360.564,101.17,112.1108,3.0998,0.075,3.934,-24.424,-20.171,0.159,4.253,2.762,0.001,2.763,9.268,0.154,0.005,2.101,0.661,2.101,0.661,0,6.936,86.172,128.429,0.608,18.586,0.802,0.825,0.825,106.82145,101.5926315,106.33662
2015-12-11T20:09:35,2457368.34,104.147,122.79797,4.2087,-0.158,7.582,-29.699,-21.917,-0.052,7.782,4.23,0.004,4.234,11.501,-0.057,0.005,2.389,1.845,2.389,1.841,0,6.925,107.201,146.69,-0.517,-18.047,3.556,3.642,3.642,109.63078,104.616563,109.20734
2015-12-12T14:38:23,2457369.11,103.88,122.53795,4.2681,-0.067,7.49,-26.782,-19.136,-0.069,7.647,4.327,0.003,4.33,11.723,-0.07,0.001,2.525,1.805,2.525,1.802,0,7.163,105.082,144.714,-0.546,-15.883,3.366,3.451,3.451,109.46715,104.4482085,109.32562
2015-12-14T11:03:50,2457370.961,103.077,122.55193,4.7487,0.24,7.424,-30.197,-22.233,0.281,7.963,4.622,0.013,4.635,12.208,0.162,0.119,2.631,2.004,2.631,1.992,0,7.283,107.449,147.358,-0.333,-0.011,3.553,3.648,3.648,110.54503,105.4940285,109.95192
2015-12-15T10:17:45,2457371.929,105.459,123.16303,4.6601,0.49,7.505,-29.756,-21.49,0.495,8.266,4.639,0.021,4.66,12.257,0.306,0.189,2.528,2.132,2.528,2.111,0,7.12,110.546,150.03,-0.092,7.221,4.3,4.394,4.394,111.30618,106.24134,110.58725
2015-12-15T13:06:14,2457372.046,105.74,123.21498,4.6086,0.515,7.512,-28.489,-20.168,0.483,8.321,4.647,0.02,4.667,12.358,0.302,0.18,2.507,2.16,2.507,2.141,0,7.216,110.534,150.027,-0.128,8.425,4.417,4.511,4.511,111.33045,106.2701655,110.64976
2015-12-21T11:32:38,2457377.981,101.921,117.12652,3.8605,-0.258,5.66,-28.297,-22.228,-0.289,6.069,3.739,0.021,3.759,11.116,-0.123,-0.167,2.335,1.424,2.335,1.404,0,7.142,106.449,158.663,-0.008,-7.731,2.29,2.349,2.349,107.50681,102.4356035,107.19588
2015-12-21T21:07:11,2457378.38,102.356,116.75427,3.8441,-0.308,5.559,-27.523,-21.798,-0.209,5.725,3.681,0.019,3.7,10.745,-0.04,-0.168,2.279,1.421,2.279,1.402,0,6.892,104.566,152.896,-0.091,-13.117,1.873,1.931,1.931,107.36609,102.2657035,106.98995
2015-12-22T21:12:57,2457379.384,101.274,115.90452,4.5533,-0.224,5.244,-28.027,-22.556,-0.038,5.471,3.823,0.024,3.847,11.02,0.03,-0.068,2.254,1.593,2.254,1.569,0,6.943,109.342,160.591,-0.247,-17.388,1.732,1.791,1.791,107.51291,102.3754195,106.88516
2015-12-23T20:44:09,2457380.364,101.341,116.52473,4.802,0.106,5.371,-29.27,-23.42,0.229,5.851,4.07,0.031,4.101,11.332,0.158,0.071,2.307,1.794,2.307,1.763,0,6.98,110.138,159.117,-0.015,-12.958,1.985,2.054,2.054,108.46439,103.3097365,107.74247
2015-12-25T02:18:14,2457381.596,105.59,120.66449,4.2347,0.473,6.598,-24.413,-17.474,0.61,6.939,4.195,0.026,4.22,11.843,0.439,0.171,2.248,1.972,2.248,1.947,0,6.985,115.517,163.86,0.081,-15.914,3.183,3.261,3.261,110.32967,105.1791775,109.70566
2015-12-25T14:12:28,2457382.092,106.93,122.98192,4.0215,0.452,7.349,-25.913,-17.806,0.496,8.107,4.358,0.025,4.383,12.267,0.359,0.137,2.323,2.059,2.323,2.035,0,7.151,116.111,163.682,0.063,-18.394,4.407,4.492,4.492,111.16055,106.0872235,110.35705
2015-12-27T11:49:55,2457383.993,105.992,127.04015,3.8778,0.153,8.731,-35.52,-26.232,0.161,9.288,4.356,0.018,4.374,12.725,0.165,-0.004,2.192,2.181,2.192,2.163,0,7.134,123.356,170.691,0.2,-10.792,5.629,5.722,5.722,111.50848,106.543721,110.97255
2015-12-28T04:06:14,2457384.671,106.827,126.77339,3.8959,0.001,8.68,-34.933,-25.8,0.031,9.133,4.12,0.022,4.142,12.253,0.082,-0.051,2.096,2.046,2.096,2.024,0,6.908,123.85,172.745,0.213,-11.361,5.332,5.42,5.42,111.07313,106.1183035,110.58464
2015-12-28T21:48:57,2457385.409,106.499,123.51452,3.5817,-0.134,7.615,-33.793,-25.911,-0.091,7.881,4.026,0.017,4.043,11.975,-0.005,-0.086,2.098,1.945,2.098,1.928,0,6.93,120.576,168.978,0.129,-8.648,4.306,4.384,4.384,109.63549,104.6318915,109.29179
2015-12-29T20:16:48,2457386.345,103.516,118.52032,3.5593,-0.127,5.975,-29.999,-23.476,-0.073,6.523,3.764,0.013,3.776,11.205,0.023,-0.096,2.051,1.725,2.051,1.712,0,6.862,113.053,160.322,0.234,-5.169,2.886,2.956,2.956,108.41287,103.3354745,107.78227
2015-12-30T21:10:04,2457387.382,101.37,113.18406,3.5549,0.08,4.218,-27.18,-22.486,0.159,4.694,3.387,0.007,3.394,10.292,0.226,-0.066,2.123,1.271,2.123,1.264,0,6.855,102.49,154.299,0.409,-7.214,1.327,1.372,1.372,107.23158,102.025914,106.61194
2015-12-31T14:41:16,2457388.112,101.538,110.38722,3.5477,0.346,3.27,-22.916,-19.041,0.241,3.875,3.172,0.004,3.177,10.014,0.281,-0.04,2.17,1.007,2.17,1.002,0,7.111,94.589,145.665,0.556,3.695,0.546,0.579,0.579,106.65359,101.3935285,106.32614
2016-01-03T10:19:12,2457390.93,100.491,114.92515,3.1111,-0.091,4.955,-26.79,-21.502,-0.024,5.288,2.908,0.004,2.912,9.642,-0.061,0.036,2.133,0.779,2.133,0.775,0,7.02,91.227,140.179,0.863,26.305,1.473,1.504,1.504,107.37408,102.225036,106.91431
2016-01-03T16:20:38,2457391.181,101.103,115.7184,3.1507,-0.129,5.229,-25.805,-20.285,-0.076,5.52,3.027,0.005,3.032,9.845,-0.116,0.04,2.147,0.885,2.147,0.88,0,7.031,93.793,143.751,0.892,26.065,1.717,1.753,1.753,107.47336,102.343724,107.08401
2016-01-06T11:00:57,2457393.959,105.078,121.02841,3.3882,-0.006,6.89,-27.855,-20.319,0.047,7.537,3.661,0.004,3.665,10.873,0.033,0.014,2.255,1.41,2.255,1.406,0,7.061,102.205,143.008,0.163,-0.171,3.591,3.655,3.655,109.62469,104.5838495,108.90426
2016-01-06T16:19:12,2457394.18,105.285,121.13771,3.4624,-0.022,6.928,-27.77,-20.525,0.045,7.245,3.701,0.004,3.705,10.892,0.034,0.012,2.289,1.416,2.289,1.412,0,7.054,101.804,143.706,0.056,0.019,3.467,3.528,3.528,109.34865,104.2927575,108.90376
2016-01-08T21:02:52,2457396.377,102.57,120.33676,4.0438,0.089,6.668,-29.306,-22.03,0.16,7.276,4.077,0.014,4.09,11.392,0.116,0.044,2.392,1.698,2.392,1.685,0,6.958,107.968,151.147,-0.465,-13.15,3.128,3.205,3.205,109.63508,104.56483,108.9106
2016-01-09T21:53:16,2457397.412,104.121,120.341,4.0324,0.205,6.64,-25.879,-18.783,0.346,7.096,4.125,0.013,4.138,11.44,0.271,0.075,2.399,1.739,2.399,1.725,0,7,106.578,148.549,-0.434,-9.224,2.922,3.002,3.002,109.88432,104.778766,109.1444
2016-01-10T20:45:36,2457398.365,105.316,120.97465,4.1692,0.166,6.866,-25.814,-18.122,0.333,7.693,4.191,0.017,4.208,11.502,0.259,0.074,2.445,1.763,2.445,1.745,0,6.944,107.941,151.256,-0.272,-1.514,3.404,3.486,3.486,110.41041,105.3380055,109.26722
2016-01-11T16:42:14,2457399.196,105.147,121.16522,4.1633,0.14,6.949,-28.657,-20.918,0.165,7.739,4.273,0.017,4.291,11.791,0.138,0.027,2.511,1.779,2.511,1.762,0,7.149,108.034,152.605,-0.082,4.095,3.658,3.738,3.738,110.07687,105.0302325,109.28617
2016-01-12T13:40:47,2457400.07,103.807,120.7171,4.0548,0.082,6.827,-29.177,-21.768,0.026,7.409,4.163,0.016,4.178,11.731,0.05,-0.023,2.499,1.679,2.499,1.664,0,7.214,107.666,153.168,0.142,9.108,3.241,3.318,3.318,109.45861,104.4139685,109.04279
2016-01-13T12:44:38,2457401.031,103.289,119.55636,3.8218,-0.048,6.489,-26.521,-19.796,-0.092,6.725,4.063,0.015,4.078,11.466,-0.021,-0.071,2.54,1.538,2.54,1.523,0,7.155,104.975,150.276,0.283,19.357,2.751,2.819,2.819,108.55817,103.4940205,108.43725
2016-01-16T10:03:21,2457403.919,101.804,114.19167,3.6912,0.137,4.596,-28.19,-22.931,0.093,5.258,3.538,0.006,3.544,10.471,0.147,-0.054,2.308,1.236,2.308,1.23,0,7.059,97.688,141.493,-0.043,-4.408,1.592,1.641,1.641,107.60826,102.441378,107.09116
2016-01-16T15:27:21,2457404.144,100.053,113.75274,3.6573,0.172,4.437,-26.976,-21.934,0.1,5.042,3.501,0.005,3.506,10.474,0.147,-0.047,2.3,1.206,2.3,1.201,0,7.154,96.316,139.906,-0.113,-5.765,1.476,1.522,1.522,107.42306,102.243865,107.02169
2016-01-18T05:39:50,2457405.736,102.158,113.31469,3.4358,0.041,4.295,-28.699,-23.979,0.14,4.72,3.123,0.001,3.123,9.749,0.134,0.006,2.192,0.931,2.192,0.93,0,6.868,93.405,140.296,-0.315,-22.331,1.242,1.277,1.277,107.2132,102.01154,106.59619
2016-01-19T06:33:07,2457406.773,102.547,114.1703,3.6394,-0.056,4.645,-30.336,-25.357,0.082,4.979,3.174,0.001,3.175,9.74,0.072,0.01,2.283,0.892,2.283,0.89,0,6.883,92.007,133.267,-0.353,-20.864,1.183,1.219,1.219,107.32415,102.1441495,106.70441
2016-01-20T02:54:14,2457407.621,100.933,115.38435,3.8037,-0.06,5.067,-24.941,-20.196,0.086,4.744,3.29,0.002,3.292,10.045,0.07,0.016,2.281,1.011,2.281,1.009,0,7.053,93.335,134.682,-0.284,-20.63,1.191,1.228,1.228,107.11456,101.921666,107.08791
2016-01-21T20:34:04,2457409.357,103.275,119.93301,3.5993,0.132,6.489,-28.393,-21.158,0.264,7.235,3.822,0.008,3.83,10.951,0.217,0.047,2.291,1.539,2.291,1.53,0,6.848,106.343,152.592,-0.07,-13.892,3.152,3.22,3.22,109.82991,104.7430515,108.84045
2016-01-23T02:45:36,2457410.615,104.815,123.47877,3.5223,0.177,7.587,-26.569,-18.998,0.295,7.571,3.846,0.006,3.853,11.351,0.27,0.025,2.175,1.677,2.175,1.671,0,7.038,109.066,151.679,0.27,-0.664,4.052,4.118,4.118,110.21183,105.1383025,109.96239
2016-01-23T14:28:19,2457411.103,104.817,124.01277,3.4995,0.175,7.749,-28.124,-19.81,0.213,8.314,4,0.006,4.006,11.723,0.192,0.021,2.234,1.772,2.234,1.766,0,7.141,111.288,156.035,0.296,-0.549,4.538,4.615,4.615,110.71914,105.696018,110.10857
2016-01-24T22:35:02,2457412.441,104.88,121.81347,3.5149,0.024,7.047,-34.478,-27.127,0.128,7.351,3.804,0.009,3.813,11.356,0.132,-0.004,2.133,1.68,2.133,1.671,0,6.954,111.829,157.905,0.454,1.464,3.882,3.948,3.948,109.63315,104.5712855,109.11747
2016-01-25T20:03:50,2457413.336,103.416,118.1618,3.769,-0.16,5.893,-32.157,-25.701,-0.048,6.456,3.818,0.011,3.829,11.258,-0.027,-0.021,2.147,1.681,2.147,1.671,0,6.931,111.652,159.671,0.538,12.572,2.935,3,3,108.40656,103.322172,107.63209
2016-01-27T01:13:26,2457414.551,101.043,115.3654,3.8738,0.006,4.907,-21.458,-17.133,0.213,4.325,3.596,0.014,3.61,11.027,0.21,0.003,2.105,1.505,2.105,1.491,0,7.125,109.569,161.707,0.743,22.675,1.298,1.345,1.345,107.00937,101.7768255,107.08695
2016-01-27T14:12:28,2457415.092,100.373,114.66604,3.8878,0.22,4.628,-23.145,-17.834,0.19,5.311,3.731,0.019,3.75,11.275,0.168,0.022,2.229,1.521,2.229,1.502,0,7.169,111.791,170.113,0.869,28.803,2.025,2.078,2.078,107.87483,102.6972475,107.30684
2016-01-29T10:50:52,2457416.952,102.929,117.24327,3.7615,0.26,5.49,-28.687,-22.359,0.202,6.328,3.467,0.018,3.485,10.876,0.201,0.001,2.173,1.312,2.173,1.294,0,7.073,110.1,172.706,0.988,32.39,2.684,2.735,2.735,108.84752,103.721662,108.1981
2016-01-30T05:44:09,2457417.739,105.101,118.50868,3.4658,0.007,6.008,-32.265,-25.884,0.074,6.382,3.296,0.014,3.31,10.521,0.102,-0.029,2.05,1.26,2.05,1.246,0,6.876,108.997,165.316,0.991,35.294,2.813,2.862,2.862,108.61102,103.505789,108.11312
2016-01-30T21:00:00,2457418.375,105.364,119.26686,3.1561,-0.209,6.339,-33.552,-26.789,-0.153,6.763,3.3,0.013,3.313,10.492,-0.095,-0.057,2.066,1.248,2.066,1.234,0,6.826,108.266,164.138,0.953,32.891,3.064,3.115,3.115,108.45687,103.4031945,107.93711
2016-01-31T14:15:21,2457419.094,102.113,119.25209,3.1817,-0.285,6.376,-27.139,-20.597,-0.26,6.542,3.484,0.013,3.497,10.848,-0.177,-0.083,2.22,1.277,2.22,1.265,0,7.109,105.218,158.076,0.843,31.154,2.589,2.646,2.646,108.01166,102.961255,107.80128
2016-02-03T13:19:12,2457422.055,103.386,116.79578,3.9626,-0.018,5.563,-24.115,-18.084,-0.005,6.031,3.782,0.012,3.794,11.068,0.042,-0.047,2.373,1.42,2.373,1.408,0,7.217,102.992,151.638,-0.075,-0.974,2.08,2.139,2.139,108.10763,102.9949525,107.64327
2016-02-07T10:35:02,2457425.941,103.266,119.56437,4.1833,-0.204,7.218,-26.602,-18.591,-0.191,8.011,4.435,0.016,4.451,12.205,-0.123,-0.069,2.367,2.084,2.367,2.069,0,7.099,114.599,159.916,-0.12,2.948,3.96,4.052,0.003,109.53239,104.5495165,108.76578
2016-02-08T12:04:19,2457427.003,102.534,122.09416,4.2042,-0.074,7.235,-27.138,-19.076,-0.034,8.062,4.464,0.011,4.475,12.315,-0.02,-0.015,2.347,2.129,2.347,2.117,0,7.18,113.628,155.331,0.039,2.952,4.221,4.313,0.004,109.9315,104.929481,109.07279
2016-02-10T14:19:40,2457429.097,104.706,120.2523,4.1282,0.27,6.48,-28.441,-21.158,0.277,7.283,4.345,0.01,4.356,12.188,0.259,0.018,2.34,2.016,2.34,2.005,0,7.215,113.231,157.079,0.261,8.831,3.541,3.625,0,109.90367,104.8175245,109.1412
2016-02-11T21:53:16,2457430.412,104.121,118.05529,3.8908,0.134,5.762,-30.683,-24.451,0.222,6.231,3.849,0.007,3.856,11.263,0.232,-0.01,2.179,1.677,2.179,1.67,0,6.969,110.267,155.593,0.142,8.878,2.804,2.867,0,108.80211,103.6683795,108.16882
2016-02-15T22:43:40,2457434.447,100.874,113.05352,3.8375,0.05,4.222,-25.442,-21.424,0.217,4.017,3.174,0.005,3.179,9.988,0.224,-0.007,2.195,0.984,2.195,0.98,0,7.05,95.595,145.15,-0.485,-29.38,0.846,0.877,0,106.73189,101.4826195,106.54846
2016-02-16T20:58:33,2457435.374,101.99,114.74501,3.506,-0.01,4.804,-28.999,-23.784,0.12,5.215,3.141,0.002,3.143,9.854,0.101,0.019,2.241,0.902,2.241,0.9,0,6.98,92.896,138.904,-0.285,-17.013,1.521,1.556,0.001,107.62875,102.4558575,106.95532
2016-02-21T23:49:55,2457440.493,99.273,113.88407,3.4958,-0.189,4.555,-24.348,-20.147,-0.015,4.201,3.214,0.007,3.221,10.206,0.027,-0.041,2.198,1.023,2.198,1.016,0,7.193,94.56,138.17,0.412,11.402,0.978,1.013,0.002,106.38333,101.1759675,106.32279
2016-02-25T23:22:33,2457444.474,100.779,115.68445,3.1656,0.185,5.054,-24.827,-19.797,0.199,5.029,2.984,0.003,2.987,9.866,0.194,0.006,2.096,0.891,2.096,0.889,0,7.099,92.93,136.812,0.691,20.659,1.814,1.846,0.001,107.63273,102.4390915,107.62462
2016-02-26T22:45:07,2457445.448,101.203,117.1299,3.0222,0.087,5.571,-27.473,-21.864,0.158,5.608,3.071,0.003,3.074,9.992,0.144,0.014,2.059,1.015,2.059,1.012,0,7.03,95.261,139.268,0.692,24.375,2.348,2.385,0,108.07936,102.921818,107.88591
2016-03-01T13:42:14,2457449.071,100.895,115.15224,3.3104,-0.042,4.953,-22.673,-17.019,0.003,5.655,3.373,0.005,3.377,10.302,0.033,-0.03,2.323,1.054,2.323,1.05,0,7.068,95.964,141.651,-0.181,-9.378,1.873,1.917,0.005,107.77587,102.6423405,107.02221
2016-03-05T23:44:09,2457453.489,103.141,116.80235,3.4929,-0.071,5.524,-23.242,-18.604,0.122,4.638,3.478,0.005,3.484,10.652,0.105,0.017,2.195,1.289,2.195,1.284,0,7.2,98.939,141.092,-0.365,-15.364,1.503,1.547,0.004,107.09662,101.893157,107.48828
2016-03-07T01:43:40,2457454.572,104.073,116.28842,3.4866,0.031,5.29,-24.016,-19.489,0.173,4.527,3.528,0.006,3.533,10.774,0.171,0.002,2.205,1.328,2.205,1.322,0,7.247,99.418,141.162,-0.09,-4.837,1.431,1.476,-0.005,107.10763,101.8912505,107.49914
2016-03-15T14:57:07,2457463.123,103.571,115.71662,3.0843,-0.054,5.146,-25.636,-19.872,0.006,5.764,3.196,0.007,3.203,10.192,0.013,-0.008,2.276,0.927,2.276,0.92,0,6.957,100.669,164.392,-0.352,-29.232,2.083,2.121,0.003,107.88396,102.755736,107.17482
2016-03-17T10:48:00,2457464.95,101.508,114.4025,3.2039,-0.041,4.747,-23.242,-17.851,0.031,5.392,3.295,0.007,3.302,10.14,0.04,-0.009,2.292,1.01,2.292,1.003,0,7.013,94.851,143.141,-0.015,-5.44,1.546,1.589,0.003,107.594,102.442771,106.83287
2016-03-22T16:37:55,2457470.193,103.328,113.81897,2.946,0.07,4.462,-26.72,-21.324,0.062,5.396,2.994,0.01,3.004,9.688,0.065,-0.003,2.229,0.776,2.229,0.765,0,6.861,94.708,155.241,0.741,25.145,1.695,1.726,0.003,107.66716,102.511832,106.81646
2016-03-23T23:49:55,2457471.493,102.094,115.39336,2.9026,-0.057,5.054,-26.448,-21.717,-0.103,4.73,2.831,0.008,2.839,9.883,-0.065,-0.038,2.098,0.74,2.098,0.733,0,7.23,93.734,150.39,0.746,32.714,1.437,1.463,-0.001,106.67818,101.510822,107.08254
2016-03-24T20:49:55,2457472.368,102.587,114.44808,2.877,-0.048,4.725,-27.523,-22.643,0.008,4.879,2.884,0.006,2.891,9.63,0.053,-0.045,2.104,0.787,2.104,0.781,0,6.927,93.204,146.158,0.729,39.388,1.222,1.253,0.001,107.06539,101.8904255,106.79673
2016-03-26T10:30:43,2457473.938,102.651,113.2694,3.0354,0.199,4.33,-23.835,-18.778,0.142,5.057,3.025,0.011,3.036,9.748,0.093,0.048,2.265,0.771,2.265,0.76,0,6.975,92.379,148.66,0.519,32.478,1.267,1.298,0.004,107.53109,102.3468445,106.98266
2016-03-28T23:21:07,2457476.473,101.007,113.32036,2.8026,0.236,4.283,-21.022,-17.004,0.327,4.017,2.694,0.013,2.707,9.597,0.256,0.07,2.132,0.575,2.132,0.562,0,7.15,91.13,156.157,-0.317,-9.164,0.913,0.932,-0.003,106.97829,101.7137295,107.02183
2016-03-29T14:54:14,2457477.121,100.408,113.45087,2.8056,0.151,4.345,-21.066,-16.154,0.186,4.911,2.802,0.013,2.815,9.463,0.147,0.04,2.192,0.623,2.192,0.61,0,6.872,92.598,160.379,-0.508,-17.031,1.413,1.436,0.004,107.49387,102.2958435,106.88909
2016-04-04T01:50:52,2457482.577,102.089,112.78537,2.7623,0.032,4.16,-22.187,-18.259,0.076,3.928,2.718,0.005,2.723,9.614,0.115,-0.038,2.048,0.675,2.048,0.669,0,7.195,89.493,139.202,0.012,4.915,0.876,0.898,-0.001,106.33328,101.098936,106.45048
2016-04-04T15:44:38,2457483.156,101.013,112.72908,2.7285,0.086,4.122,-27.773,-22.851,0.049,4.922,2.846,0.004,2.85,9.467,0.077,-0.027,2.175,0.674,2.175,0.67,0,6.917,89.817,141.311,0.137,16.685,1.231,1.258,0.006,107.19722,102.018814,106.5361
2016-04-06T04:11:59,2457484.675,100.145,111.80355,2.6185,0.003,3.774,-28.975,-24.976,0.066,3.999,2.541,0.002,2.543,9.008,0.075,-0.009,2.026,0.517,2.026,0.515,0,6.825,86.305,140.579,0.251,41.251,0.784,0.802,-0.002,106.37691,101.1476835,106.02654
2016-04-10T22:46:33,2457489.449,103.372,113.20794,3.2328,0.773,4.041,-23.154,-19.057,0.932,4.096,3.042,0.041,3.083,10.332,0.53,0.402,1.999,1.083,1.999,1.043,0,7.13,106.461,174.149,-0.038,10.881,1.098,1.13,-0.003,108.40696,103.062452,107.99965
2016-04-14T01:49:26,2457492.576,104.313,116.82955,3.2273,-0.04,5.297,-21.119,-15.846,0.066,5.274,3.413,0.053,3.465,11.264,0.102,-0.036,2.062,1.404,2.062,1.351,0,7.231,115.681,179.941,0.758,39.446,1.841,1.888,-0.001,107.56266,102.400371,107.34661
2016-04-20T01:50:52,2457498.577,102.441,111.63328,2.6689,0.194,3.578,-22.98,-18.635,0.192,4.346,2.588,0,2.589,9.38,0.189,0.002,2.016,0.573,2.016,0.572,0,7.118,87.489,138.474,0.642,11.418,1.156,1.176,0,106.98186,101.753337,106.2721
2016-04-22T09:50:24,2457500.91,99.945,111.00769,2.5226,0.185,3.383,-28.241,-23.606,0.172,4.635,2.594,0.004,2.598,9.028,0.132,0.041,2.104,0.494,2.104,0.49,0,6.772,86.79,143.581,0.472,34.285,1.026,1.045,-0.001,107.20583,101.9952595,106.07059
2016-04-23T03:50:24,2457501.66,102.459,110.1857,2.5264,0.207,3.097,-28.319,-23.994,0.252,4.325,2.549,0.005,2.554,9.097,0.201,0.052,2.095,0.459,2.095,0.454,0,6.94,84.887,142.457,0.299,30.762,0.859,0.876,0.002,107.09673,101.8587645,105.85389
2016-04-24T04:50:52,2457502.702,101.851,109.49655,2.5281,0.149,2.862,-27.822,-23.83,0.204,3.992,2.462,0.008,2.47,8.981,0.17,0.034,2.05,0.42,2.05,0.412,0,6.866,86.642,157.408,0.009,28.021,0.576,0.591,0.003,106.67952,101.430744,105.50542
2016-04-24T20:38:23,2457503.36,101.46,109.38006,2.6713,0.076,2.832,-25.132,-21.198,0.179,3.934,2.48,0.007,2.488,9.072,0.151,0.028,2.008,0.48,2.008,0.473,0,6.963,86.483,155.929,-0.232,15.96,0.619,0.636,0.004,106.56958,101.321234,105.314
2016-04-28T19:52:19,2457507.328,102.318,113.5578,3.1788,-0.013,4.203,-28.857,-23.441,0.009,5.416,3.123,0.011,3.134,10.103,0.041,-0.032,2.021,1.113,2.021,1.102,0,6.934,101.216,156.113,-0.447,-2.635,1.858,1.9,0.002,107.56704,102.420129,106.38967
2016-05-01T14:06:43,2457510.088,100.875,113.04484,3.0031,0.067,3.974,-21.762,-16.279,0.006,5.482,3.206,0.009,3.216,10.139,0.017,-0.011,2.032,1.184,2.032,1.174,0,6.791,103.216,157.092,0.102,6.397,2.208,2.25,-0.001,107.6217,102.478671,106.3559
2016-05-03T09:53:16,2457511.912,105.279,110.8674,3.0429,0.02,3.261,-23.717,-19.131,-0.009,4.587,3.04,0.003,3.043,9.741,0.006,-0.014,1.987,1.056,1.987,1.053,0,6.768,98.056,148.104,0.196,16.192,1.406,1.442,0.004,106.75575,101.5678185,105.58753
2016-05-03T16:19:12,2457512.18,103.688,110.50615,3.047,0.039,3.14,-26.858,-21.938,0.019,4.92,3.055,0.002,3.058,9.827,0.032,-0.014,2.033,1.025,2.033,1.023,0,6.9,96.387,147.39,0.156,13.013,1.534,1.571,0,107.12816,101.953819,105.51756
2016-05-05T09:47:31,2457513.908,100.331,110.19952,3.0425,0.153,3.011,-22.943,-18.436,0.158,4.507,2.819,0.004,2.823,9.358,0.127,0.031,2.002,0.821,2.002,0.817,0,6.748,93.717,149.845,0.014,10.135,1.292,1.32,-0.001,107.05543,101.8400855,105.65295
2016-05-16T00:02:52,2457524.502,101.65,111.72576,3.6151,0.4,3.513,-23.178,-18.713,0.421,4.466,3.124,0.019,3.144,10.267,0.28,0.142,2.11,1.033,2.11,1.014,0,7.133,102.451,168.815,0.677,4.866,1.267,1.301,0,107.60642,102.352366,106.67309
2016-05-16T22:52:19,2457525.453,101.735,113.6625,3.2909,0.447,4.131,-25.888,-20.694,0.463,5.194,3.179,0.025,3.204,10.418,0.262,0.201,2.048,1.155,2.048,1.131,0,7.098,104.989,166.008,0.429,2.349,1.929,1.969,0.001,108.37754,103.155868,107.35311
2016-05-20T06:34:33,2457528.774,102.856,117.41547,3.1904,0.038,5.439,-32.279,-25.455,0.048,6.823,3.319,0.033,3.352,10.682,0.028,0.02,2.074,1.278,2.074,1.245,0,6.848,113.012,178.774,-0.103,-15.695,3.115,3.165,-0.001,108.96291,103.8844455,107.65339
2016-05-26T17:48:28,2457535.242,102.371,110.76194,2.6749,-0.047,3.331,-24.438,-19.935,-0.065,4.503,2.698,0.005,2.703,9.206,-0.029,-0.036,2.083,0.619,2.083,0.615,0,6.795,89.279,151.176,-0.412,-25.638,0.87,0.894,0.005,106.55219,101.3676325,105.50255
2016-06-13T12:41:45,2457553.029,103.266,112.7068,3.0343,0.147,3.941,-22.984,-17.801,0.125,5.183,2.961,0.016,2.977,9.649,0.03,0.094,2.029,0.949,2.029,0.933,0,6.825,96.247,151.249,0.625,15.189,1.844,1.877,-0.003,107.61019,102.4349225,106.50441
2016-06-14T16:45:07,2457554.198,102.869,115.2059,2.997,0.196,4.732,-25.325,-19.232,0.246,6.092,3.149,0.016,3.165,9.955,0.161,0.085,2.069,1.096,2.069,1.08,0,6.778,100.016,155.064,0.547,10.381,2.428,2.472,0.005,108.7266,103.582236,107.3498
2016-06-16T11:08:09,2457555.964,103.274,117.70674,3.0683,-0.082,5.601,-27.102,-20.156,-0.064,6.946,3.343,0.017,3.359,10.378,-0.053,-0.012,2.12,1.239,2.12,1.222,0,6.791,104.98,158.55,0.153,3.6,3.15,3.203,0.002,108.82642,103.769981,107.53525
2016-06-18T03:48:57,2457557.659,102.51,116.08347,3.2165,-0.124,5.13,-28.071,-22.08,-0.061,5.991,3.373,0.014,3.388,10.491,0.028,-0.089,2.148,1.24,2.148,1.225,0,7.062,100.296,146.958,-0.364,-8.238,2.458,2.506,-0.002,107.94499,102.8379965,107.00314
2016-06-20T21:48:57,2457560.409,101.377,111.58318,2.9948,0.139,3.593,-29.141,-24.22,0.179,4.921,2.976,0.007,2.982,9.762,0.238,-0.059,2.2,0.782,2.2,0.775,0,7.055,91.53,144.166,-0.778,-18.219,1.157,1.188,-0.001,107.48749,102.2909615,106.16285
2016-06-21T20:41:16,2457561.362,102.079,110.62599,2.7742,0.243,3.24,-29.196,-24.535,0.258,4.66,2.68,0.001,2.681,9.169,0.255,0.002,2.11,0.571,2.11,0.57,0,6.93,83.927,128.039,-0.68,-18.806,1.025,1.047,0.003,107.42172,102.200508,106.06752
2016-06-22T13:50:52,2457562.077,101.631,110.21381,2.4396,0.146,3.1,-23.024,-18.932,0.086,4.093,2.466,0,2.466,8.799,0.085,0,2.004,0.462,2.004,0.462,0,6.784,81.818,127.291,-0.456,-34.748,0.943,0.959,0.003,106.50913,101.2820585,105.72004
2016-06-27T21:51:50,2457567.411,101.144,109.37898,2.3516,-0.053,2.883,-24.973,-21.165,0.04,3.808,2.227,0,2.227,8.622,0.04,0,1.964,0.263,1.964,0.263,0,6.956,76.21,123.823,-0.028,-32.577,0.404,0.413,-0.001,106.14104,100.9054,105.07247
2016-06-28T15:20:09,2457568.139,101.041,109.8442,2.4723,-0.12,3.05,-22.755,-18.776,-0.064,3.979,2.296,0,2.296,8.565,-0.064,0,1.999,0.296,1.999,0.296,0,6.768,79.344,133.411,-0.156,-55.989,0.571,0.581,0,106.06711,100.8549035,105.0777
2016-06-30T16:35:02,2457570.191,102.01,111.40794,2.5452,-0.07,3.543,-23.924,-19.251,-0.02,4.672,2.623,0,2.623,9.011,-0.02,0,2.048,0.574,2.048,0.574,0,6.759,85.942,132.704,-0.216,-52.852,1.213,1.235,-0.001,106.81016,101.62822,105.64819
2016-07-02T21:27:21,2457572.394,104.404,112.52773,2.5229,0.044,3.947,-28.96,-23.649,0.1,5.312,2.772,0,2.772,9.31,0.1,0,2.161,0.61,2.161,0.61,0,6.898,86.21,131.019,0.193,-25.036,1.42,1.448,0.003,107.67416,102.50914,106.27927
2016-07-07T22:40:47,2457577.445,102.253,109.55857,2.6907,0.106,2.849,-24.475,-20.264,0.173,4.211,2.458,0,2.459,8.925,0.174,-0.001,2.041,0.418,2.041,0.418,0,6.985,80.563,128.365,0.788,43.051,0.754,0.77,-0.002,106.81375,101.5807805,105.39701
2016-07-23T11:08:09,2457592.964,101.645,107.1262,2.2249,0.055,2.006,-20.422,-17.41,0.052,3.012,2.024,0,2.024,8.33,0.054,-0.001,1.797,0.227,1.797,0.227,0,6.783,78.705,160.29,-0.006,-13.65,0.101,0.108,0,105.42764,100.148542,104.49878
2016-07-27T12:43:11,2457597.03,101.541,109.71352,2.3676,-0.092,2.99,-19.997,-16.157,-0.056,3.84,2.256,0,2.256,8.636,-0.056,0,1.951,0.305,1.951,0.305,0,6.882,78.701,128.185,-0.107,-64.616,0.605,0.616,0,105.95576,100.735144,105.08462
2016-07-30T13:32:09,2457600.064,101.834,111.55403,2.3604,0.037,3.553,-20.021,-15.527,0.043,4.494,2.542,0,2.542,9.115,0.043,0,1.972,0.57,1.972,0.57,0,6.946,85.271,131.385,0.369,-1.077,1.17,1.191,0.002,106.78574,101.585698,105.89717
2016-08-01T10:42:14,2457601.946,103.215,110.30925,2.3123,0.049,3.126,-24.181,-20.037,0.06,4.144,2.456,0,2.456,8.872,0.06,0,1.999,0.457,1.999,0.457,0,6.832,83.133,134.19,0.625,27.792,0.878,0.894,0.008,106.49832,101.27754,105.52694
2016-08-07T10:52:19,2457607.953,102.709,112.29463,2.6724,-0.105,3.872,-22.933,-18.173,-0.074,4.76,2.69,0.007,2.698,9.431,-0.05,-0.024,2,0.698,2,0.691,0,6.869,95.556,165.585,0.605,10.25,1.282,1.307,0,106.77104,101.601226,105.87576
2016-08-07T21:41:45,2457608.404,102.034,112.95441,2.7038,-0.097,4.086,-28.641,-23.658,-0.003,4.983,2.744,0.005,2.749,9.574,0.016,-0.019,1.999,0.75,1.999,0.745,0,6.934,95.852,161.314,0.495,18.259,1.386,1.415,0.001,107.13747,101.9694945,106.0927
2016-08-08T21:25:55,2457609.393,102.434,114.49597,3.0211,-0.129,4.643,-28.905,-23.33,0.013,5.576,3.015,0.007,3.022,9.88,-0.01,0.024,2.103,0.919,2.103,0.912,0,6.931,97.891,156.257,0.454,12.205,1.637,1.675,0.004,107.7248,102.585733,106.53903
2016-08-09T13:53:45,2457610.079,101.799,114.67081,3.2531,-0.027,4.643,-24.134,-18.285,0.02,5.848,3.231,0.009,3.24,10.149,-0.044,0.063,2.098,1.142,2.098,1.133,0,6.995,98.211,146.649,0.389,10.443,2.266,2.31,-0.005,107.99344,102.86768,106.76751
2016-08-13T19:22:04,2457614.307,103.548,119.1359,3.1432,0.225,5.965,-31.889,-24.205,0.272,7.684,3.544,0.015,3.558,10.929,0.252,0.02,2.081,1.478,2.081,1.463,0,6.896,110.69,162.726,-0.344,-2.619,3.86,3.923,-0.004,110.2654,105.201002,108.56145
2016-08-16T22:46:33,2457617.449,101.318,111.63269,4.7272,-0.16,3.574,-25.995,-21.764,0.048,4.231,2.817,0.006,2.823,9.696,0.092,-0.045,1.892,0.932,1.892,0.925,0,7.009,95.453,147.379,-0.213,-4.55,1.126,1.157,0.002,106.55235,101.3378055,105.47542
2016-08-18T23:21:07,2457619.473,100.982,108.36107,2.59,0.249,2.38,-21.396,-17.785,0.29,3.61,2.304,0.002,2.306,9.004,0.294,-0.004,1.843,0.463,1.843,0.462,0,7.075,85.875,157.518,-0.16,-12.307,0.664,0.678,-0.001,106.5169,101.236115,105.28116
2016-08-20T18:41:45,2457621.279,101.228,109.58586,1.9917,0.02,2.796,-24.85,-20.504,0.056,4.346,2.059,0,2.059,8.366,0.056,0,1.737,0.322,1.737,0.322,0,6.691,81.12,147.022,-0.207,-28.702,1.037,1.049,0,106.67722,101.467601,105.15508
2016-08-24T21:05:45,2457625.379,101.427,111.75053,2.6405,-0.07,3.61,-26.201,-21.489,0.079,4.713,2.583,0.003,2.586,9.266,0.072,0.006,1.885,0.7,1.885,0.697,0,6.868,93.444,154.684,0.186,-16.077,1.306,1.331,-0.001,107.07005,101.8765015,105.7105
2016-08-25T13:45:07,2457626.073,103.101,112.5085,2.6613,-0.009,3.845,-20.005,-15.311,0.029,4.694,2.734,0.003,2.737,9.598,0.016,0.014,1.955,0.782,1.955,0.779,0,7.053,93.55,149.294,0.282,-11.347,1.487,1.514,0,106.94038,101.752784,106.06569
2016-08-26T14:16:48,2457627.095,104.284,114.34635,2.6616,0.083,4.401,-21.251,-15.942,0.139,5.309,2.937,0.005,2.943,9.912,0.112,0.027,1.908,1.035,1.908,1.029,0,6.997,98.403,151.631,0.397,-2.446,2.192,2.227,0,107.75873,102.5881315,106.78885
2016-08-28T11:44:09,2457628.989,103.804,114.91495,2.7764,0.011,4.61,-24.955,-19.526,0.011,5.429,3.024,0.009,3.033,10.235,0.033,-0.023,1.959,1.074,1.959,1.065,0,7.026,104.593,166.539,0.525,2.196,2.225,2.263,-0.002,107.58361,102.4371035,106.82194
2016-08-30T22:07:40,2457631.422,100.926,109.43213,2.8289,-0.007,2.761,-22.771,-18.719,0.074,4.051,2.629,0.004,2.633,9.488,0.103,-0.028,1.86,0.773,1.86,0.77,0,7.01,95.399,158.563,0.653,11.316,0.829,0.855,-0.001,106.44319,101.2155815,105.06205
2016-08-31T23:13:55,2457632.468,101.138,108.94397,3.1042,0.079,2.656,-21.705,-18.167,0.215,3.539,2.672,0.006,2.679,9.549,0.205,0.01,1.933,0.746,1.933,0.74,0,7.12,94.069,159.062,0.698,10.762,0.477,0.499,-0.003,106.28287,101.0087825,105.15704
2016-09-01T21:35:59,2457633.4,102.039,109.62193,3.2429,0.338,2.771,-25.732,-21.507,0.436,4.225,2.797,0.013,2.81,9.69,0.349,0.088,1.981,0.829,1.981,0.816,0,6.977,100.122,178.272,0.654,16.727,0.722,0.749,0.002,107.41589,102.1470985,105.84415
2016-09-02T19:59:31,2457634.333,102.589,111.79322,2.9424,0.528,3.436,-26.064,-20.833,0.601,5.231,2.842,0.018,2.86,9.76,0.435,0.166,1.971,0.889,1.971,0.871,0,6.81,104.547,181.095,0.755,17.423,1.565,1.598,0,108.72107,103.4821585,106.8882
2016-09-05T21:54:43,2457637.413,104.547,117.64287,3.036,-0.017,5.499,-30.596,-23.764,0.113,6.833,3.245,0.019,3.264,10.608,0.089,0.025,2.022,1.242,2.022,1.223,0,7.003,108.576,167.234,0.223,9.291,3.205,3.254,0,109.11781,104.0308355,107.58599
2016-09-18T01:09:07,2457649.548,100.842,110.562,2.2824,-0.06,3.216,-21.128,-17.455,-0.007,3.674,2.279,0,2.279,8.914,-0.007,0,1.792,0.487,1.792,0.487,0,7.026,83.715,139.596,-0.27,-42.856,0.703,0.718,-0.001,105.91114,100.674998,105.36648
2016-10-30T15:47:31,2457692.158,101.756,110.75068,2.313,-0.077,3.365,-24.263,-20.018,-0.068,4.244,2.407,0,2.407,8.837,-0.068,0,1.995,0.412,1.995,0.412,0,6.871,82.178,131.737,0.165,-9.029,0.739,0.754,-0.001,106.3046,101.106862,105.46697
2016-11-06T09:57:36,2457698.915,101.284,110.46496,2.4329,0.134,3.176,-25.085,-20.7,0.09,4.385,2.511,0.001,2.512,9.032,0.086,0.004,2.01,0.502,2.01,0.501,0,6.957,83.496,131.132,-0.244,-21.319,0.926,0.945,0.003,106.78965,101.5773525,105.76384
2016-11-08T10:13:26,2457700.926,102.594,108.93048,2.2817,0.104,2.667,-25.004,-21.333,0.051,3.671,2.214,0,2.214,8.655,0.051,0,1.91,0.304,1.91,0.304,0,6.942,78.826,132.083,-0.479,-67.221,0.487,0.498,-0.003,106.03827,100.7939085,105.22327
2016-11-13T13:49:26,2457706.076,103.052,110.17596,2.1493,-0.051,3.135,-22.973,-18.967,-0.043,4.005,2.202,0.001,2.203,8.802,-0.047,0.004,1.848,0.355,1.848,0.354,0,7.011,81.975,147.316,0.015,-11.972,0.795,0.808,0.001,106.13833,100.9245695,105.31131
2016-11-17T13:50:52,2457710.077,100.63,110.89162,2.3544,-0.017,3.359,-22.736,-18.43,-0.032,4.305,2.447,0.002,2.449,9.1,-0.025,-0.007,1.924,0.526,1.924,0.523,0,6.972,87.137,146.645,0.41,9.941,0.995,1.014,0,106.44197,101.2424305,105.59579
2016-11-28T13:40:47,2457721.07,102.303,112.49441,2.5144,0.107,3.874,-25.254,-20.153,0.118,5.101,2.616,0.011,2.627,9.47,0.079,0.039,1.99,0.637,1.99,0.626,0,6.997,94.239,166.979,0.194,-10.434,1.567,1.592,0,107.51825,102.3396505,106.3525
2016-12-20T08:24:00,2457742.85,101.854,109.41815,1.9609,0.007,2.827,-27.769,-23.865,0.044,3.904,2.024,0,2.024,8.342,0.044,0,1.77,0.253,1.77,0.253,0,6.766,78.278,142.032,0.443,-0.855,0.659,0.669,-0.001,106.23928,101.008124,105.15479
2017-01-06T12:50:24,2457760.035,103.641,108.23901,1.9106,0.047,2.421,-23.825,-20.418,0.033,3.407,1.976,0,1.976,8.392,0.033,0,1.765,0.211,1.765,0.211,0,6.964,73.685,125.655,-0.126,-6.027,0.381,0.388,0.001,105.75243,100.4967105,104.86681
2017-01-10T19:50:52,2457764.327,100.549,107.1709,1.7961,0.007,2.06,-26.471,-23.364,0.029,3.107,1.766,0,1.766,7.97,0.029,0,1.726,0.039,1.726,0.039,0,6.788,68.793,116.132,0.201,40.504,0.08,0.081,0,105.46447,100.1935565,104.44148
2017-01-12T12:47:31,2457766.033,100.784,107.40725,1.751,0.012,2.146,-21.176,-17.988,0.018,3.187,1.759,0,1.759,8.101,0.018,0,1.713,0.046,1.713,0.046,0,6.935,68.36,115.909,0.226,53.555,0.101,0.102,0,105.51423,100.2490455,104.53266
2017-02-15T14:42:43,2457800.113,102.196,108.18519,2.1592,0.046,2.436,-24.605,-20.993,0.021,3.612,2.125,0,2.125,8.534,0.021,0,1.89,0.235,1.89,0.235,0,6.963,75.576,120.004,0.211,11.16,0.319,0.327,0,105.9162,100.672911,104.87852
2017-02-22T21:21:36,2457807.39,103.132,109.81662,2.5084,0.062,2.904,-25.511,-21.838,0.119,3.673,2.479,0.004,2.482,9.14,0.088,0.031,1.8,0.683,1.8,0.679,0,6.899,91.262,148.586,0.053,1.367,0.673,0.695,-0.002,106.19245,100.9387415,105.3496
2017-02-23T14:11:02,2457808.091,103.2,110.5625,2.498,0.117,3.139,-19.057,-14.378,0.102,4.679,2.629,0.005,2.634,9.369,0.066,0.036,1.911,0.723,1.911,0.717,0,6.961,91.983,150.599,-0.031,-2.705,1.473,1.497,-0.003,107.08995,101.8914195,105.69135
2017-02-25T11:16:48,2457809.97,102.233,111.24167,2.4243,0.053,3.382,-24.605,-19.605,0.016,5.001,2.621,0.006,2.628,9.407,0.019,-0.003,1.834,0.793,1.834,0.787,0,6.931,93.73,148.392,-0.42,-6.873,1.714,1.743,0.002,107.19677,102.0270985,105.77398
2017-02-25T20:08:09,2457810.339,102.395,110.97915,2.4186,0.038,3.303,-29.165,-24.446,0.059,4.719,2.596,0.006,2.602,9.279,0.063,-0.004,1.872,0.73,1.872,0.724,0,6.877,91.699,147.687,-0.455,-6.916,1.324,1.352,0.001,107.03083,101.8403765,105.66691
2017-02-27T17:49:55,2457812.243,103.24,108.68659,2.4325,0.052,2.522,-28.133,-23.965,0.048,4.167,2.506,0.006,2.512,9.101,0.064,-0.016,1.817,0.694,1.817,0.688,0,6.832,91.042,150.333,-0.385,9.329,1.011,1.034,0.001,106.49283,101.2749255,104.97194
2017-03-07T05:44:09,2457819.739,105.606,127.89132,4.4613,0.175,9.084,-26.595,-23.505,0.103,3.09,1.764,0,1.764,8.141,0.103,0,1.587,0.178,1.587,0.178,0,6.901,72.061,128.824,0.04,12.762,0.274,0.279,-0.001,105.61442,100.332328,111.35012
2017-03-12T00:01:26,2457824.501,105.224,123.22311,4.5592,0.299,7.575,-21.334,-18.902,0.059,2.432,1.681,0,1.681,8.344,0.059,0,1.6,0.081,1.6,0.081,0,7.208,69.523,111.439,0.108,21.835,0.116,0.118,0,104.90392,99.593399,110.22451
2017-03-13T12:46:04,2457826.032,104.507,119.37635,4.4312,0.492,6.238,-19.781,-16.672,0.016,3.109,1.802,0,1.802,8.093,0.016,0,1.734,0.068,1.734,0.068,0,6.866,69.83,105.338,0.169,-5.925,0.15,0.152,-0.002,105.43721,100.1682085,109.41342
2017-03-16T13:45:07,2457829.073,103.975,120.57661,4.2326,0.133,6.68,-21.247,-18.224,0.012,3.022,1.828,0,1.828,8.087,0.012,0,1.742,0.086,1.742,0.086,0,6.827,70.722,130.497,0.188,-20.089,0.121,0.124,0,105.34734,100.074327,109.02032
2017-03-23T10:43:40,2457835.947,101.162,120.08461,4.0345,-0.553,6.746,-21.023,-17.215,0.014,3.808,2.12,0.001,2.12,8.39,0.008,0.007,1.934,0.187,1.934,0.186,0,6.798,76.108,126.078,-0.177,-48.668,0.362,0.369,-0.001,106.0828,100.850774,107.54506
2017-03-23T21:50:24,2457836.41,103.184,114.12844,2.9419,0.111,4.574,-23.601,-20.377,0.07,3.224,2.036,0.001,2.037,8.61,0.063,0.008,1.786,0.251,1.786,0.25,0,7.075,76.378,122.502,-0.248,-56.058,0.398,0.405,0.001,105.66512,100.39465,107.01246
2017-03-24T14:08:09,2457837.089,102.178,113.53874,2.9204,0.083,4.378,-21.092,-17.238,0.028,3.854,2.144,0.001,2.145,8.475,0.023,0.005,1.863,0.283,1.863,0.282,0,6.839,77.104,122.392,-0.344,-46.121,0.6,0.61,0.001,106.15694,100.925383,106.76746
2017-03-27T10:43:40,2457839.947,99.889,112.85074,3.1491,0.15,4.124,-23.122,-19.153,0.206,3.968,2.326,0.008,2.334,8.921,0.166,0.041,1.827,0.507,1.827,0.498,0,6.838,90.432,170.061,-0.294,-9.506,0.936,0.952,-0.001,106.66168,101.411366,106.68132
2017-03-27T21:33:07,2457840.398,102.153,114.86828,3.3316,0.313,4.705,-25.05,-21.754,0.324,3.296,2.292,0.013,2.305,9.176,0.261,0.062,1.756,0.549,1.756,0.536,0,7.027,94.438,177.653,-0.29,-7.786,0.574,0.589,0.001,106.30104,100.999044,107.58677
2017-03-28T13:48:00,2457841.075,103.12,116.44361,3.4566,0.341,5.182,-19.413,-15.128,0.267,4.285,2.365,0.018,2.383,9.143,0.203,0.064,1.772,0.61,1.772,0.592,0,6.845,97.623,183.623,-0.201,-0.313,1.301,1.32,0,107.09313,101.8509795,108.0931
2017-03-30T16:23:31,2457843.183,105.65,125.54987,4.0811,-0.798,8.446,-23.758,-19.14,0.128,4.618,2.433,0.023,2.456,9.655,0.135,-0.007,1.725,0.731,1.725,0.708,0,7.021,106.886,204.375,0.076,6.841,1.538,1.561,-0.002,107.09146,101.886113,108.57726
2017-04-01T22:43:40,2457845.447,102.762,121.3661,4.3636,-0.722,7.135,-25.905,-22.534,-0.188,3.372,2.443,0.029,2.472,10.197,-0.088,-0.099,1.505,0.967,1.505,0.938,0,7.183,122.147,214.704,-0.08,-4.24,0.93,0.953,-0.002,105.22484,99.998002,107.52827
2017-04-02T17:15:21,2457846.219,101.493,118.57861,4.5589,-0.363,6.17,-28.459,-24.352,-0.583,4.107,2.597,0.034,2.631,10.551,-0.392,-0.19,1.65,0.981,1.65,0.947,0,7.362,124.156,235.979,-0.032,-4.034,1.165,1.193,0.001,105.02359,99.8902445,107.43498
2017-04-05T21:54:43,2457849.413,102.305,117.60633,3.8609,0.037,5.814,-23.564,-20.518,0.063,3.046,1.995,0.006,2.001,8.813,0.103,-0.04,1.543,0.458,1.543,0.452,0,7.039,91.18,185.798,0.012,3.38,0.387,0.399,-0.001,105.4839,100.205058,107.9999
2017-04-06T21:59:02,2457850.416,102.659,117.44125,3.8451,0.09,5.732,-24.826,-21.523,0.072,3.302,1.857,0,1.857,8.565,0.072,0,1.55,0.308,1.55,0.307,0,7.042,82.403,163.218,0.02,-10.646,0.736,0.745,0,105.74214,100.475487,108.04236
2017-04-09T13:49:26,2457853.076,102.422,117.47346,3.4042,0.091,5.736,-21.77,-18.53,0.016,3.24,1.844,0,1.844,8.101,0.016,0,1.635,0.209,1.635,0.209,0,6.739,74.568,138.554,0.068,-10.086,0.4,0.406,0,105.55904,100.296916,108.04832
2017-04-16T13:27:50,2457860.061,101.734,112.31603,3.098,-0.067,4.036,-25.646,-22.047,-0.008,3.599,2.003,0,2.003,8.286,-0.008,0,1.759,0.244,1.759,0.244,0,6.753,77.253,139.265,0.173,12.254,0.484,0.493,0.001,105.83915,100.5992095,106.1134
2017-04-18T15:08:38,2457862.131,103.85,115.14964,3.4839,0.178,4.814,-25.401,-21.962,0.035,3.439,1.983,0,1.983,8.245,0.035,0,1.73,0.253,1.73,0.253,0,6.771,75.981,127.521,-0.029,-8.883,0.279,0.287,0.001,105.78667,100.5323525,107.38574
2017-04-21T10:22:04,2457864.932,104.032,117.25629,3.4572,0.153,5.49,-20.286,-16.181,-0.018,4.106,2.493,0.005,2.498,9.016,-0.057,0.039,1.877,0.621,1.877,0.616,0,6.845,88.33,146.396,-0.524,-37.892,0.931,0.952,0.001,106.28826,101.076327,107.95842
2017-04-30T09:41:45,2457873.904,102.921,121.50032,4.3265,-0.198,7.126,-23.646,-20.162,0.063,3.484,2.115,0.001,2.116,8.492,0.07,-0.007,1.655,0.461,1.655,0.46,0,6.796,81.489,135.528,0.03,-4.899,0.714,0.728,0.002,105.89124,100.635393,108.69366
2017-05-07T07:30:43,2457880.813,103.48,117.17134,4.1278,-0.217,5.729,-23.337,-20.152,0.036,3.186,1.821,0.001,1.821,8.091,0.042,-0.006,1.632,0.189,1.632,0.189,0,6.78,73.398,137.779,0.011,16.253,0.379,0.384,-0.001,105.55362,100.285881,107.35189
2017-05-17T10:50:52,2457890.952,101.432,113.85196,2.5329,0.041,4.517,-20.165,-16.752,-0.087,3.413,1.998,0,1.998,8.266,-0.089,0.002,1.742,0.257,1.742,0.256,0,6.77,76.397,132.807,-0.466,-75.373,0.469,0.476,0.001,105.48921,100.2504855,106.80265
2017-05-18T22:49:26,2457892.451,100.968,111.56148,2.6086,-0.012,3.717,-22.841,-19.124,0.006,3.717,2.248,0.001,2.249,8.932,-0.003,0.008,1.826,0.423,1.826,0.422,0,7.145,80.64,134.785,-0.543,-37.022,0.674,0.688,-0.001,105.98025,100.7445585,105.93993
2017-05-24T06:44:38,2457897.781,106.557,126.98127,5.2157,-0.164,8.904,-30.01,-24.99,0.114,5.019,2.603,0.001,2.604,9.295,0.117,-0.003,1.826,0.779,1.826,0.777,0,6.886,91.239,136.838,0.315,21.518,1.672,1.701,0.002,107.43303,102.2506815,110.42336
2017-06-02T21:51:50,2457907.411,103.423,119.35179,3.3971,0.428,6.144,-24.614,-21.594,0.083,3.02,1.954,0.002,1.956,8.59,0.065,0.018,1.613,0.343,1.613,0.341,0,7.025,82.079,161.601,0.102,19.669,0.345,0.355,0.001,105.50452,100.221533,109.18264
2017-06-04T21:54:43,2457909.413,103.76,123.96571,3.3014,0.075,7.679,-27.165,-23.461,0.124,3.705,2.177,0.001,2.178,8.977,0.115,0.009,1.634,0.544,1.634,0.543,0,7.063,88.909,159.111,-0.037,-1.01,0.939,0.955,0,106.23341,100.9806865,109.81947
2017-06-06T13:46:33,2457911.074,102.569,117.25311,3.5353,-0.232,5.604,-23.248,-18.496,0.026,4.751,2.294,0,2.294,8.98,0.025,0.001,1.647,0.647,1.647,0.646,0,6.808,93.127,157.524,0.112,-6.755,1.855,1.877,-0.001,106.98667,101.8024835,107.20204
2017-06-18T21:47:31,2457923.408,105.606,127.89132,4.4613,0.175,9.084,-25.777,-20.798,0.046,4.979,2.72,0.005,2.725,9.571,0.057,-0.011,1.99,0.735,1.99,0.73,0,7.083,90.517,142.509,0.285,32.284,1.319,1.348,-0.003,,102.0685135,111.35012
2017-06-19T13:49:26,2457924.076,105.808,125.23343,4.4919,0.289,8.23,-22.132,-17.449,0.037,4.683,2.674,0.004,2.678,9.27,0.05,-0.013,2.003,0.675,2.003,0.671,0,6.865,89.144,140.583,0.345,40.414,1.149,1.175,0,,101.7587845,110.81126
2017-07-02T13:49:26,2457937.076,103.184,114.12844,2.9419,0.111,4.574,-18.382,-14.95,0.016,3.432,1.873,0,1.873,8.193,0.016,0,1.688,0.185,1.688,0.185,0,6.844,73.122,125.96,-0.073,-1.016,0.458,0.465,-0.001,,100.485556,107.01246
2017-07-07T00:00:00,2457941.5,102.153,114.86828,3.3316,0.313,4.705,-19.901,-16.966,0.183,2.935,1.943,0.004,1.947,8.657,0.14,0.044,1.682,0.265,1.682,0.261,0,7.159,79.392,166.598,0.197,0.305,0.242,0.249,0.001,,100.3481205,107.58677
2017-07-11T13:48:00,2457946.075,102.762,121.3661,4.3636,-0.722,7.135,-25.282,-19.883,0.03,5.399,2.583,0.027,2.61,10.038,0.023,0.006,1.804,0.805,1.804,0.779,0,6.968,116.384,226.196,-0.709,-39.599,2.515,2.541,-0.001,,102.4475475,107.52827
2017-07-18T11:45:36,2457952.99,102.048,118.06669,3.7728,0.039,5.978,-20.195,-16.981,0.016,3.214,2.005,0,2.005,8.381,0.016,0,1.801,0.204,1.801,0.204,0,6.92,74.132,120.099,0.539,60.906,0.279,0.286,-0.001,,100.271371,108.1569
2017-07-20T22:52:19,2457955.453,103.054,117.21539,3.6925,0.106,5.632,-22.835,-19.963,0.083,2.872,1.888,0,1.888,8.402,0.083,0,1.66,0.228,1.66,0.228,0,7.068,73.024,123.068,0.33,32.155,0.291,0.297,-0.003,,100.076123,107.9852
2017-07-24T13:40:47,2457959.07,101.471,115.83337,2.8179,0.063,5.162,-19.031,-15.518,-0.018,3.513,1.893,0,1.893,8.357,-0.018,0,1.663,0.23,1.663,0.23,0,6.939,75.273,133.768,0.085,23.515,0.565,0.573,-0.001,,100.4937045,107.45178
2017-08-29T22:50:52,2457995.452,104.621,124.56913,4.0277,0.223,7.916,-20.271,-17.447,0.069,2.825,1.998,0.004,2.002,8.711,0.07,-0.002,1.622,0.38,1.622,0.376,0,7.152,80.456,146.051,0.307,25.691,0.233,0.243,0,,100.0005315,110.3714
2017-08-30T18:46:04,2457996.282,105.811,122.78119,4.2378,-0.17,7.484,-20.948,-17.881,0.25,3.067,2.252,0.012,2.264,8.812,0.145,0.105,1.764,0.5,1.764,0.488,0,6.892,89.433,183.09,0.335,38.876,0.044,0.057,-0.001,,100.6185775,109.08932
2017-09-02T07:39:21,2457998.819,104.53,119.10185,4.2029,-0.466,6.382,-9.173,-6.474,0.788,2.699,2.04,0.033,2.074,13.055,0.561,0.227,0.69,1.384,0.69,1.35,0,11.418,85.897,110.707,0.088,10.728,2.164,2.173,-0.006,,101.3873555,107.40142
2017-09-02T21:41:45,2457999.404,103.48,117.17134,4.1278,-0.217,5.729,-22.139,-16.271,0.765,5.867,2.964,0.044,3.009,10.639,0.503,0.262,1.758,1.251,1.758,1.207,0,7.071,118.477,191.437,-0.036,15.503,2.611,2.653,-0.001,,104.4515925,107.35189
2017-09-03T19:43:40,2458000.322,103.489,117.00942,4.1185,-0.159,5.67,-29.173,-21.566,0.4,7.608,3.405,0.06,3.465,11.71,0.285,0.116,1.833,1.632,1.833,1.572,0,6.94,136.568,215.811,0.019,19.995,4.099,4.158,-0.002,,105.39526,107.42694
2017-09-04T12:41:45,2458001.029,101.898,115.40346,3.2789,-0.126,5.154,-29.298,-21.105,-0.228,8.193,3.586,0.07,3.656,12.525,-0.158,-0.07,1.844,1.812,1.844,1.742,0,7.276,143.018,220.664,-0.07,12.404,5.496,5.556,0.002,,104.6505945,107.02098
2017-09-06T08:49:55,2458002.868,100.592,115.07606,3.1013,-0.185,5.056,-21.517,-14.048,-1.319,7.469,3.809,0.083,3.892,12.494,-0.77,-0.549,1.972,1.919,1.972,1.836,0,7.018,141.074,216.527,-0.186,8.562,4.105,4.176,0,,101.6470735,106.79768
2017-09-12T14:45:36,2458009.115,100.331,113.26078,2.4958,-0.001,4.322,-18.149,-15.022,0.092,3.128,2.146,0.004,2.149,8.861,0.056,0.036,1.836,0.314,1.836,0.31,0,7.252,77.846,141.53,0.353,-4.595,0.34,0.349,0,,100.346552,106.52722