date_obs,"jd_date	",rv_sun,rv_error,logRhk,f_spot,f_bright,f,v_phot,v_conv,v_conv_small,rv_model
2457223.905,1.405,102.922,0.402,-4.973,0.182,34.169,3.4351,0.168,5.803,2.732,118.04948
2457232.938,10.438,104.131,0.4,-4.967,0.303,42.539,4.2842,-0.307,7.949,4.203,124.22455
2457233.447,10.947,104.602,0.4,-4.965,0.271,43.784,4.4055,-0.214,8.386,4.596,125.56892
2457234.468,11.968,104.754,0.401,-4.963,0.386,45.955,4.6341,-0.002,9.135,5.402,127.99626
2457235.465,12.965,105.195,0.401,-4.965,0.356,46.37,4.6726,0.093,9.407,5.679,128.86315
2457236.535,14.035,105.606,0.397,-4.963,0.264,44.349,4.4613,0.175,9.084,5.412,127.89132
2457237.475,14.975,105.808,0.393,-4.962,0.246,44.673,4.4919,0.289,8.23,4.611,125.23343
2457238.071,15.571,105.224,0.39,-4.961,0.299,45.293,4.5592,0.299,7.575,4.027,123.22311
2457239.542,17.042,103.588,0.399,-4.958,0.595,44.351,4.4946,0.424,6.473,3.242,120.02458
2457240.012,17.512,104.507,0.39,-4.957,0.756,43.556,4.4312,0.492,6.238,3.111,119.37635
2457241.968,19.468,103.439,0.4,-4.97,1.277,41.337,4.2614,0.246,6.611,3.348,120.43228
2457242.216,19.716,103.975,0.402,-4.971,1.316,41.01,4.2326,0.133,6.68,3.337,120.57661
2457244.971,22.471,100.788,0.4,-4.978,1.136,39.226,4.0362,-0.554,6.757,2.66,120.11948
2457245.004,22.504,101.162,0.4,-4.978,1.129,39.216,4.0345,-0.553,6.746,2.649,120.08461
2457251.925,29.425,103.184,0.516,-4.986,0.046,29.373,2.9419,0.111,4.574,1.476,114.12844
2457252.506,30.006,102.178,0.45,-4.98,0.049,29.155,2.9204,0.083,4.378,1.314,113.53874
2457253.851,31.351,101.838,0.404,-4.972,0.227,30.244,3.0471,0.017,4.137,1.107,112.80639
2457254.767,32.267,99.889,0.404,-4.979,0.461,31.03,3.1491,0.15,4.124,1.186,112.85074
2457255.761,33.261,102.153,0.399,-4.976,0.697,32.619,3.3316,0.313,4.705,1.956,114.86828
2457256.251,33.751,103.12,0.393,-4.973,0.845,33.721,3.4566,0.341,5.182,2.501,116.44361
2457257.079,34.579,104.932,0.4,-4.97,1.064,34.662,3.5726,0.238,6.219,3.361,119.56629
2457259.695,37.195,105.65,0.403,-4.961,1.66,39.151,4.0811,-0.798,8.446,4.431,125.54987
2457260.54,38.04,104.555,0.402,-4.967,1.595,40.119,4.1714,-0.899,7.969,3.904,123.99128
2457261.494,38.994,102.762,0.406,-4.971,1.465,42.171,4.3636,-0.722,7.135,3.09,121.3661
2457262.511,40.011,101.493,0.408,-4.971,1.231,44.358,4.5589,-0.363,6.17,2.417,118.57861
2457263.453,40.953,101.741,0.403,-4.97,0.436,41.352,4.1788,0.017,5.607,2.281,117.19101
2457264.438,41.938,102.048,0.406,-4.968,0.051,37.677,3.7728,0.039,5.978,2.329,118.06669
2457265.396,42.896,102.305,0.408,-4.976,0.05,38.559,3.8609,0.037,5.814,2.229,117.60633
2457266.418,43.918,102.659,0.403,-4.976,0.069,38.382,3.8451,0.09,5.732,2.249,117.44125
2457267.481,44.981,103.054,0.406,-4.973,0.103,36.822,3.6925,0.106,5.632,2.247,117.21539
2457268.476,45.976,101.979,0.407,-4.976,0.061,34.551,3.4612,0.109,5.757,2.298,117.54282
2457269.076,46.576,102.422,0.4,-4.981,0.047,33.995,3.4042,0.091,5.736,2.274,117.47346
2457275.34,52.84,101.946,0.41,-4.977,0.093,29.11,2.9203,0.098,4.846,1.638,114.88838
2457276.373,53.873,101.471,0.411,-4.986,0.104,28.075,2.8179,0.063,5.162,1.893,115.83337
2457277.937,55.437,101.189,0.413,-4.985,0.623,29.461,3.0084,-0.177,5.122,1.726,115.58846
2457278.078,55.578,100.818,0.41,-4.985,0.652,29.626,3.0278,-0.186,5.018,1.631,115.26715
2457279.497,56.997,101.734,0.412,-4.986,0.672,30.308,3.098,-0.067,4.036,0.823,112.31603
2457280.62,58.12,102.861,0.408,-4.988,0.845,34.215,3.506,0.08,4.143,1.26,112.96212
2457281.595,59.095,103.85,0.403,-4.983,0.829,34.01,3.4839,0.178,4.814,1.996,115.14964
2457282.242,59.742,104.032,0.417,-4.981,0.831,33.741,3.4572,0.153,5.49,2.633,117.25629
2457283.203,60.703,105.519,0.507,-4.977,0.773,34.191,3.4964,-0.044,6.423,3.29,119.95722
2457284.043,61.543,102.41,0.4,-4.966,0.786,35.546,3.6332,-0.282,7.274,3.754,122.29498
2457285.924,63.424,102.188,0.407,-4.97,0.673,39.047,3.972,-0.314,7.405,3.625,122.46845
2457286.416,63.916,102.93,0.404,-4.969,0.676,40.381,4.1057,-0.271,7.258,3.445,121.97177
2457287.01,64.51,102.921,0.4,-4.968,0.752,42.513,4.3265,-0.198,7.126,3.256,121.50032
2457288.902,66.402,113.159,0.42,-4.968,0.766,42.312,4.3078,0.292,6.691,3.214,120.48686
2457290.865,68.365,105.832,0.42,-4.966,0.856,39.519,4.0375,0.39,7.641,4.393,123.71133
2457291.72,69.22,104.621,0.419,-4.963,1.187,39.09,4.0277,0.223,7.916,4.653,124.56913
2457292.933,70.433,105.811,0.418,-4.968,1.436,40.942,4.2378,-0.17,7.484,3.771,122.78119
2457293.598,71.098,104.548,0.41,-4.965,1.576,41.566,4.3142,-0.357,7.031,3.197,121.23265
2457294.708,72.208,104.53,0.417,-4.965,1.703,40.326,4.2029,-0.466,6.382,2.469,119.10185
2457295.953,73.453,103.48,0.414,-4.968,1.651,39.627,4.1278,-0.217,5.729,1.966,117.17134
2457296.087,73.587,103.489,0.41,-4.968,1.61,39.575,4.1185,-0.159,5.67,1.934,117.00942
2457297.978,75.478,101.898,0.42,-4.975,0.489,32.3,3.2789,-0.126,5.154,1.45,115.40346
2457299.041,76.541,100.592,0.43,-4.98,0.228,30.785,3.1013,-0.185,5.056,1.334,115.07606
2457300.979,78.479,101.391,0.42,-4.987,0.163,29.276,2.9439,0.035,4.576,1.28,113.95064
2457301.557,79.057,101.095,0.414,-4.988,0.143,28.635,2.8778,0.081,4.56,1.333,113.96409
2457302.436,79.936,100.797,0.407,-4.989,0.117,27.715,2.7832,0.095,4.589,1.338,114.0337
2457303.155,80.655,101.432,0.41,-4.989,0.038,25.291,2.5329,0.041,4.517,1.316,113.85196
2457304.074,81.574,100.331,0.41,-4.996,0.038,24.92,2.4958,-0.001,4.322,1.15,113.26078
2457305.867,83.367,100.968,0.416,-4.994,0.027,26.059,2.6086,-0.012,3.717,0.78,111.56148
2457306.489,83.989,101.86,0.412,-4.993,0.02,26.636,2.6656,-0.021,3.602,0.733,111.26017
2457307.262,84.762,102.051,0.408,-4.99,0.083,28.299,2.8382,0.016,3.762,0.85,111.72738
2457308.105,85.605,100.181,0.403,-4.984,0.15,28.843,2.8993,0.001,4.064,1.077,112.61497
2457314.636,92.136,106.037,0.402,-4.953,0.764,50.035,5.0799,-0.216,8.565,4.532,125.91036
2457315.022,92.522,106.557,0.393,-4.952,0.819,51.338,5.2157,-0.164,8.904,4.867,126.98127
2457316.9,94.4,108.846,0.402,-4.951,0.776,50.792,5.1568,0.103,10.591,6.784,132.54296
2457320.928,98.428,103.712,0.405,-4.957,0.384,43.987,4.4371,0.06,7.249,3.871,122.34779
2457321.94,99.44,103.896,0.404,-4.962,0.352,41.133,4.1485,0.155,5.487,2.31,116.94918
2457322.084,99.584,103.058,0.4,-4.963,0.342,40.882,4.1224,0.21,5.227,2.105,116.17613
2457323.94,101.44,101.904,0.413,-4.971,0.206,36.836,3.7042,0.552,3.696,0.838,111.56838
2457324.55,102.05,100.728,0.411,-4.971,0.151,33.503,3.3654,0.459,3.698,0.784,111.52264
2457325.459,102.959,99.768,0.411,-4.972,0.55,32.115,3.2665,0.142,4.154,0.894,112.64638
2457326.051,103.551,99.592,0.41,-4.973,0.795,32.332,3.3127,0.147,4.347,1.144,113.3112
2457327.941,105.441,103.001,0.403,-4.971,1.21,32.378,3.3588,0.489,5.348,2.615,116.92147
2457328.473,105.973,103.423,0.402,-4.971,1.283,32.688,3.3971,0.428,6.144,3.311,119.35179
2457329.482,106.982,103.919,0.403,-4.972,1.345,32.619,3.3964,0.233,7.253,4.248,122.70736
2457330.417,107.917,103.76,0.406,-4.972,1.06,31.954,3.3014,0.075,7.679,4.575,123.96571
2457331.398,108.898,102.175,0.412,-4.971,0.619,31.421,3.204,-0.185,7.366,3.985,122.71589
2457332.979,110.479,102.569,0.41,-4.972,0.587,34.766,3.5353,-0.232,5.604,2.355,117.25311
2457333.445,110.945,102.6,0.411,-4.97,0.565,35.422,3.5987,-0.116,5.125,2.004,115.85372
2457334.434,111.934,102.519,0.408,-4.967,0.736,38.578,3.9314,0.137,4.627,1.785,114.53453
2457335.079,112.579,102.797,0.401,-4.968,0.643,38.926,3.9569,0.292,4.826,2.055,115.23139
2457336.432,113.932,102.092,0.41,-4.969,0.291,35.487,3.5778,0.165,6.165,3.092,119.19516
2457337.02,114.52,100.073,0.41,-4.969,0.223,34.28,3.4503,-0.043,6.728,3.386,120.7297
2457338.904,116.404,104.189,0.42,-4.967,0.08,36.151,3.6231,-0.19,7.308,3.528,122.16096
2457341.772,119.272,103.042,0.42,-4.962,0.082,46.33,4.6412,-0.197,7.832,3.621,123.42121
2457342.105,119.605,102.876,0.412,-4.961,0.084,46.682,4.6766,-0.16,8.021,3.836,124.04452
2457343.136,120.636,103.992,0.41,-4.958,0.068,46.522,4.659,-0.031,8.516,4.429,125.70481
2457344.948,122.448,105.507,0.413,-4.959,0.098,43.902,4.4,0.115,9.093,5.264,127.77384
2457345.207,122.707,105.585,0.411,-4.959,0.095,43.354,4.3449,0.126,9.088,5.304,127.79984
2457346.948,124.448,103.584,0.414,-4.957,0.191,44.563,4.4754,0.066,7.955,4.168,124.20544
2457347.4,124.9,102.851,0.414,-4.958,0.279,45.799,4.6078,0.001,7.48,3.737,122.74061
2457348.089,125.589,102.949,0.415,-4.961,0.342,45.331,4.5673,-0.005,6.363,2.793,119.36061
2457349.719,127.219,103.531,0.408,-4.958,0.374,43.929,4.4303,0.473,4.983,2.087,115.61283
2457350.295,127.795,103.622,0.422,-4.962,0.367,43.693,4.406,0.576,4.947,2.198,115.63542
2457351.276,128.776,103.747,0.422,-4.97,0.292,37.454,3.7746,0.327,5.464,2.593,117.16085
2457352.706,130.206,105.189,0.401,-4.97,0.293,37.194,3.7487,0.006,6.208,2.967,119.17523
2457353.186,130.686,104.434,0.396,-4.97,0.267,36.475,3.6742,-0.074,6.426,3.086,119.77422
2457354.639,132.139,103.677,0.397,-4.969,0.191,34.713,3.4904,-0.032,6.571,3.155,120.16319
2457355.076,132.576,102.074,0.392,-4.969,0.175,34.599,3.4774,0.029,6.522,3.167,120.06459
2457356.131,133.631,104.47,0.4,-4.97,0.165,34.367,3.4532,0.154,6.393,3.064,119.67984
2457358.923,136.423,101.666,0.41,-4.976,0.071,31.247,3.1318,0.082,4.668,1.604,114.45804
2457359.334,136.834,100.68,0.409,-4.976,0.047,31.579,3.1626,0.089,4.381,1.362,113.5901
2457360.564,138.064,101.17,0.406,-4.978,0.07,30.928,3.0998,0.075,3.934,0.848,112.1108
2457367.975,145.475,103.777,0.41,-4.962,0.234,41.382,4.1616,-0.174,7.705,3.631,123.14603
2457368.34,145.84,104.147,0.404,-4.961,0.211,41.876,4.2087,-0.158,7.582,3.553,122.79797
2457369.11,146.61,103.88,0.406,-4.959,0.182,42.499,4.2681,-0.067,7.49,3.495,122.53795
2457370.961,148.461,103.077,0.4,-4.952,0.789,46.698,4.7487,0.24,7.424,3.669,122.55193
2457371.929,149.429,105.459,0.41,-4.958,0.915,45.686,4.6601,0.49,7.505,4.131,123.16303
2457372.046,149.546,105.74,0.4,-4.958,0.907,45.179,4.6086,0.515,7.512,4.17,123.21498
2457377.981,155.481,101.921,0.4,-4.964,0.561,38.044,3.8605,-0.258,5.66,2.084,117.12652
2457378.38,155.88,102.356,0.404,-4.964,0.578,37.863,3.8441,-0.308,5.559,1.927,116.75427
2457379.384,156.884,101.274,0.411,-4.964,1.302,44.231,4.5533,-0.224,5.244,1.772,115.90452
2457380.364,157.864,101.341,0.411,-4.962,1.511,46.509,4.802,0.106,5.371,2.133,116.52473
2457381.596,159.096,105.59,0.403,-4.962,0.997,41.35,4.2347,0.473,6.598,3.629,120.66449
2457382.092,159.592,106.93,0.402,-4.963,0.924,39.291,4.0215,0.452,7.349,4.312,122.98192
2457383.993,161.493,105.992,0.41,-4.965,0.683,38.095,3.8778,0.153,8.731,5.347,127.04015
2457384.671,162.171,106.827,0.407,-4.963,0.639,38.32,3.8959,0.001,8.68,5.183,126.77339
2457385.409,162.909,106.499,0.401,-4.965,0.585,35.232,3.5817,-0.134,7.615,4.244,123.51452
2457386.345,163.845,103.516,0.404,-4.972,0.432,35.161,3.5593,-0.127,5.975,2.824,118.52032
2457387.382,164.882,101.37,0.41,-4.971,0.308,35.241,3.5549,0.08,4.218,1.318,113.18406
2457388.112,165.612,101.538,0.41,-4.976,0.244,35.233,3.5477,0.346,3.27,0.594,110.38722
2457390.93,168.43,100.491,0.416,-4.981,0.232,30.879,3.1111,-0.091,4.955,1.415,114.92515
2457391.181,168.681,101.103,0.41,-4.981,0.246,31.261,3.1507,-0.129,5.229,1.608,115.7184
2457393.959,171.459,105.078,0.402,-4.969,0.166,33.716,3.3882,-0.006,6.89,3.317,121.02841
2457394.18,171.68,105.285,0.401,-4.968,0.188,34.436,3.4624,-0.022,6.928,3.343,121.13771
2457396.377,173.877,102.57,0.41,-4.971,0.639,39.799,4.0438,0.089,6.668,3.108,120.33676
2457397.412,174.912,104.121,0.405,-4.985,0.47,39.854,4.0324,0.205,6.64,3.18,120.341
2457398.365,175.865,105.316,0.403,-4.971,0.515,41.177,4.1692,0.166,6.866,3.317,120.97465
2457399.196,176.696,105.147,0.401,-4.965,0.506,41.127,4.1633,0.14,6.949,3.322,121.16522
2457400.07,177.57,103.807,0.407,-4.966,0.47,40.078,4.0548,0.082,6.827,3.134,120.7171
2457401.031,178.531,103.289,0.43,-4.968,0.411,37.807,3.8218,-0.048,6.489,2.7,119.55636
2457403.919,181.419,101.804,0.42,-4.976,0.346,36.566,3.6912,0.137,4.596,1.491,114.19167
2457404.144,181.644,100.053,0.413,-4.976,0.334,36.239,3.6573,0.172,4.437,1.402,113.75274
2457405.736,183.236,102.158,0.413,-4.971,0.097,34.261,3.4358,0.041,4.295,1.273,113.31469
2457406.773,184.273,102.547,0.414,-4.97,0.109,36.285,3.6394,-0.056,4.645,1.35,114.1703
2457407.621,185.121,100.933,0.412,-4.971,0.161,37.876,3.8037,-0.06,5.067,1.639,115.38435
2457408.293,185.793,101.563,0.412,-4.972,0.255,36.927,3.7182,0.005,5.554,2.095,116.89931
2457409.357,186.857,103.275,0.41,-4.971,0.335,35.658,3.5993,0.132,6.489,3.105,119.93301
2457410.615,188.115,104.815,0.406,-4.969,0.278,34.945,3.5223,0.177,7.587,4.273,123.47877
2457411.103,188.603,104.817,0.41,-4.969,0.279,34.716,3.4995,0.175,7.749,4.457,124.01277
2457412.441,189.941,104.88,0.414,-4.968,0.369,34.78,3.5149,0.024,7.047,3.783,121.81347
2457413.336,190.836,103.416,0.411,-4.97,0.453,37.237,3.769,-0.16,5.893,2.636,118.1618
2457414.551,192.051,101.043,0.413,-4.968,0.595,38.143,3.8738,0.006,4.907,2.004,115.3654
2457415.092,192.592,100.373,0.412,-4.967,0.75,38.128,3.8878,0.22,4.628,1.924,114.66604
2457416.952,194.452,102.929,0.41,-4.967,0.621,36.994,3.7615,0.26,5.49,2.619,117.24327
2457417.739,195.239,105.101,0.405,-4.973,0.468,34.19,3.4658,0.007,6.008,2.732,118.50868
2457418.375,195.875,105.364,0.404,-4.975,0.361,31.2,3.1561,-0.209,6.339,2.75,119.26686
2457419.094,196.594,102.113,0.401,-4.972,0.364,31.453,3.1817,-0.285,6.376,2.645,119.25209
2457422.055,199.555,103.386,0.41,-4.967,0.541,39.085,3.9626,-0.018,5.563,1.962,116.79578
2457424.123,201.623,103.266,0.411,-4.966,0.456,41.377,4.1833,-0.076,6.444,2.817,119.56437
2457425.941,203.441,102.881,0.425,-4.957,0.611,42.782,4.3393,-0.204,7.218,3.471,121.90635
2457426.302,203.802,103.031,0.423,-4.957,0.652,42.576,4.3228,-0.182,7.263,3.525,122.05737
2457427.003,204.503,102.534,0.43,-4.958,0.62,41.422,4.2042,-0.074,7.235,3.632,122.09416
2457428.35,205.85,103.36,0.414,-4.959,0.54,41.089,4.1629,0.2,6.923,3.625,121.38877
2457429.097,206.597,104.706,0.412,-4.963,0.473,40.809,4.1282,0.27,6.48,3.47,120.2523
2457430.412,207.912,104.121,0.411,-4.971,0.349,38.559,3.8908,0.134,5.762,2.837,118.05529
2457431.34,208.84,103.295,0.406,-4.965,0.315,37.199,3.7514,0.037,5.036,2.071,115.71667
2457432.657,210.157,102.211,0.41,-4.971,0.384,36.761,3.7145,-0.105,4.335,1.287,113.41731
2457433.218,210.718,100.58,0.411,-4.974,0.377,36.985,3.7362,-0.05,4.091,1.077,112.67545
2457434.447,211.947,100.874,0.41,-4.971,0.413,37.962,3.8375,0.05,4.222,1.168,113.05352
2457435.374,212.874,101.99,0.413,-4.974,0.175,34.885,3.506,-0.01,4.804,1.585,114.74501
2457436.096,213.596,101.684,0.413,-4.975,0.139,32.883,3.3022,-0.012,5.406,2.005,116.48409
2457440.493,217.993,99.273,0.415,-4.97,0.339,34.619,3.4958,-0.189,4.555,1.259,113.88407
2457443.972,221.472,100.634,0.41,-4.976,0.084,32.212,3.2296,0.177,4.796,1.784,114.91216
2457444.474,221.974,100.779,0.412,-4.977,0.092,31.564,3.1656,0.185,5.054,1.993,115.68445
2457445.448,222.948,101.203,0.411,-4.98,0.098,30.124,3.0222,0.087,5.571,2.302,117.1299
2457446.428,223.928,101.859,0.412,-4.978,0.187,29.823,3.001,0.038,5.868,2.591,118.06395
2457447.808,225.308,103.246,0.412,-4.977,0.226,30.782,3.1008,-0.024,5.579,2.182,117.03622
2457448.412,225.912,102.941,0.411,-4.976,0.216,31.442,3.1658,-0.025,5.252,1.965,116.10193
2457449.071,226.571,100.895,0.41,-4.973,0.21,32.894,3.3104,-0.042,4.953,1.664,115.15224
2457450.977,228.477,101.252,0.425,-4.968,0.262,36.123,3.6385,0.012,4.803,1.485,114.64977
2457451.424,228.924,102.448,0.418,-4.967,0.276,36.234,3.651,0.034,4.94,1.63,115.0915
2457452.707,230.207,103.117,0.42,-4.971,0.265,35.572,3.5837,-0.011,5.41,2.034,116.52002
2457453.489,230.989,103.141,0.416,-4.972,0.235,34.694,3.4929,-0.071,5.524,2.063,116.80235
2457454.572,232.072,104.073,0.409,-4.968,0.226,34.64,3.4866,0.031,5.29,2.074,116.28842
2457455.337,232.837,103.916,0.406,-4.967,0.207,34.758,3.4965,0.09,4.964,2.092,115.57492
2457456.984,234.484,101.947,0.401,-4.97,0.205,33.866,3.4071,0.088,4.634,1.765,114.53161
2457457.518,235.018,101.083,0.408,-4.971,0.204,33.495,3.3699,0.062,4.407,1.515,113.79063
2457458.717,236.217,100.423,0.408,-4.974,0.205,34.716,3.4921,0.087,3.877,1.047,112.16819
2457459.08,236.58,101.354,0.4,-4.975,0.196,34.751,3.4947,0.094,3.745,0.967,111.79811
2457461.917,239.417,101.203,0.423,-4.967,0.255,31.924,3.2179,0.078,4.709,1.705,114.64381
2457462.94,240.44,103.036,0.409,-4.98,0.252,30.877,3.1129,-0.039,5.116,1.824,115.66616
2457463.123,240.623,103.571,0.405,-4.981,0.247,30.596,3.0843,-0.054,5.146,1.806,115.71662
2457464.95,242.45,101.508,0.418,-4.969,0.302,31.737,3.2039,-0.041,4.747,1.354,114.4025
2457469.938,247.438,104.579,0.418,-4.976,0.285,29.451,2.9736,0.08,4.443,1.393,113.75781
2457470.193,247.693,103.328,0.41,-4.976,0.276,29.184,2.946,0.07,4.462,1.413,113.81897
2457471.493,248.993,102.094,0.416,-4.978,0.227,28.799,2.9026,-0.057,5.054,1.68,115.39336
2457472.368,249.868,102.587,0.418,-4.981,0.37,28.4,2.877,-0.048,4.725,1.456,114.44808
2457473.938,251.438,102.651,0.417,-4.98,0.496,29.858,3.0354,0.199,4.33,1.14,113.2694
2457474.705,252.205,101.184,0.416,-4.981,0.437,29.958,3.0395,0.308,4.208,1.121,112.97845
2457475.086,252.586,101.095,0.413,-4.982,0.381,29.66,3.0041,0.333,4.197,1.194,113.0217
2457476.473,253.973,101.007,0.418,-4.991,0.308,27.718,2.8026,0.236,4.283,1.308,113.32036
2457477.121,254.621,100.408,0.412,-4.992,0.302,27.754,2.8056,0.151,4.345,1.299,113.45087
2457479.972,257.472,102.969,0.41,-4.987,0.269,27.973,2.8242,-0.182,4.429,1.037,113.39537
2457480.102,257.602,103.306,0.41,-4.986,0.268,28.053,2.8321,-0.186,4.442,1.033,113.42077
2457482.577,260.077,102.089,0.416,-4.982,0.272,27.351,2.7623,0.032,4.16,1.029,112.78537
2457483.156,260.656,101.013,0.415,-4.983,0.194,27.101,2.7295,0.086,4.122,1.06,112.72908
2457484.675,262.175,100.145,0.415,-4.984,0.057,26.128,2.6185,0.003,3.774,0.903,111.80355
2457485.086,262.586,100.52,0.41,-4.984,0.054,26.526,2.658,-0.014,3.6,0.758,111.27894
2457486.43,263.93,101.685,0.413,-4.983,0.038,26.634,2.6672,0.044,3.281,0.484,110.30956
2457487.46,264.96,103.239,0.412,-4.981,0.742,29.299,3.0041,0.326,3.119,0.613,110.06665
2457488.47,265.97,102.583,0.41,-4.979,1.097,31.237,3.2334,0.555,3.509,1.111,111.40339
2457489.449,266.949,103.372,0.413,-4.979,1.134,31.194,3.2328,0.773,4.041,1.77,113.20794
2457490.551,268.051,103.131,0.417,-4.978,1.091,30.458,3.1549,0.714,5.02,2.623,116.19419
2457491.22,268.72,104.034,0.41,-4.975,1.074,30.27,3.1344,0.515,5.715,3.058,118.15554
2457492.576,270.076,104.313,0.421,-4.976,1.055,31.218,3.2273,-0.04,5.297,2.639,116.82955
2457493.915,271.415,100.922,0.416,-4.972,1.121,32.249,3.337,-0.532,4.81,1.907,115.05791
2457494.139,271.639,102.248,0.411,-4.972,1.127,32.277,3.3404,-0.601,4.679,1.725,114.59521
2457498.577,276.077,102.441,0.419,-4.982,0.04,26.649,2.6689,0.194,3.578,1.192,111.63328
2457499.105,276.605,103.078,0.42,-4.983,0.088,25.018,2.5106,0.127,3.745,1.229,112.04177
2457500.91,278.41,99.945,0.42,-4.986,0.181,25.045,2.5226,0.185,3.383,0.989,111.00769
2457501.66,279.16,102.459,0.412,-4.985,0.179,25.085,2.5264,0.207,3.097,0.794,110.1857
2457502.702,280.202,101.851,0.418,-4.983,0.208,25.073,2.5281,0.149,2.862,0.619,109.49655
2457503.36,280.86,101.46,0.418,-4.984,0.222,26.491,2.6713,0.076,2.832,0.566,109.38006
2457504.19,281.69,101.809,0.415,-4.986,0.234,28.226,2.846,0.04,3.032,0.626,109.88386
2457505.949,283.449,102.948,0.415,-4.978,0.375,28.92,2.9295,-0.014,3.704,1.195,111.91831
2457506.144,283.644,102.879,0.41,-4.978,0.391,28.85,2.9241,-0.025,3.803,1.278,112.21726
2457507.328,284.828,102.318,0.414,-4.975,0.509,31.279,3.1788,-0.013,4.203,1.756,113.5578
2457508.473,285.973,102.703,0.415,-4.974,0.447,30.472,3.0919,-0.037,4.36,1.898,114.04154
2457509.463,286.963,101.305,0.411,-4.978,0.496,29.953,3.0449,0.066,4.076,1.82,113.33284
2457510.088,287.588,100.875,0.41,-4.979,0.402,29.629,3.0031,0.067,3.974,1.756,113.04484
2457511.912,289.412,105.279,0.421,-4.975,0.186,30.243,3.0429,0.02,3.261,1.132,110.8674
2457512.18,289.68,103.688,0.421,-4.975,0.166,30.304,3.047,0.039,3.14,1.035,110.50615
2457513.908,291.408,100.331,0.418,-4.981,0.266,30.159,3.0425,0.153,3.011,1.016,110.19952
2457514.095,291.595,101.355,0.41,-4.981,0.286,30.357,3.0643,0.146,3.045,1.039,110.29707
2457519.935,297.435,104.877,0.403,-4.978,0.446,30.564,3.101,-0.024,5.142,2.744,116.58
2457520.026,297.526,109.815,0.4,-4.978,0.459,30.611,3.107,-0.03,5.105,2.711,116.46643
2457521.934,299.434,104.165,0.414,-4.976,0.44,32.145,3.2585,-0.103,3.606,1.17,111.67554
2457522.461,299.961,102.799,0.412,-4.975,0.381,32.76,3.3141,-0.043,3.298,0.972,110.80148
2457523.456,300.956,101.54,0.41,-4.973,0.629,34.462,3.5091,0.274,3.016,0.951,110.15027
2457524.502,302.002,101.65,0.407,-4.974,0.897,35.254,3.6151,0.4,3.513,1.448,111.72576
2457525.453,302.953,101.735,0.412,-4.976,0.885,32.024,3.2909,0.447,4.131,2.042,113.6625
2457526.456,303.956,102.849,0.411,-4.975,0.877,30.299,3.1176,0.485,4.55,2.432,114.96376
2457527.052,304.552,103.668,0.41,-4.974,0.867,30.735,3.1602,0.427,4.789,2.596,115.65164
2457528.774,306.274,102.856,0.41,-4.978,0.786,31.118,3.1904,0.038,5.439,2.927,117.41547
2457529.063,306.563,103.196,0.41,-4.979,0.751,30.313,3.1064,-0.039,5.423,2.88,117.33592
2457530.932,308.432,102.501,0.412,-4.98,0.729,31.059,3.1788,-0.417,4.908,1.996,115.3602
2457531.418,308.918,102.258,0.411,-4.98,0.731,31.425,3.2156,-0.48,4.756,1.739,114.78071
2457532.561,310.061,102.499,0.411,-4.981,0.684,29.709,3.0393,-0.413,4.072,1.186,112.73426
2457533.843,311.343,101.88,0.412,-4.979,0.608,29.166,2.9774,-0.077,3.591,0.974,111.45966
2457534.635,312.135,102.057,0.413,-4.983,0.351,28.417,2.8768,0.001,3.452,0.954,111.1297
2457535.242,312.742,102.371,0.41,-4.984,0.216,26.533,2.6749,-0.047,3.331,0.85,110.76194
2457536.048,313.548,100.462,0.41,-4.981,0.188,26.514,2.6702,0.008,3.05,0.807,110.09251
2457537.766,315.266,102.361,0.409,-4.988,0.126,26.415,2.6541,0.098,3.105,0.955,110.35335
2457538.486,315.986,102.424,0.403,-4.986,0.046,25.929,2.5975,-0.001,3.231,0.979,110.65791
2457539.57,317.07,101.508,0.407,-4.982,0.087,26.553,2.664,-0.017,3.394,1.046,111.08534
2457540.15,317.65,101.351,0.41,-4.982,0.151,27.76,2.7911,-0.025,3.32,0.909,110.79217
2457541.449,318.949,101.217,0.41,-4.982,0.082,29.582,2.9664,-0.036,3.418,0.92,111.02192
2457542.471,319.971,101.46,0.411,-4.986,0.006,29.112,2.9118,-0.075,3.72,1.172,111.93276
2457543.084,320.584,102.234,0.41,-4.984,0.008,29.114,2.9122,-0.034,3.886,1.38,112.49804
2457544.668,322.168,102.431,0.413,-4.983,0.009,28.556,2.8565,0.03,4.433,1.978,114.27946
2457545.685,323.185,101.762,0.411,-4.983,0.01,28.118,2.8128,0.048,4.615,2.089,114.79037
2457546.475,323.975,102.903,0.41,-4.982,0.009,27.902,2.7911,0.083,4.472,1.939,114.33055
2457547.554,325.054,103.568,0.41,-4.984,0.026,27.393,2.7419,0.103,3.997,1.575,112.92803
2457548.394,325.894,102.758,0.409,-4.986,0.091,27.456,2.7547,0.04,3.503,1.06,111.34252
2457549.441,326.941,100.588,0.41,-4.986,0.213,27.421,2.7634,0.021,2.943,0.623,109.68171
2457550.091,327.591,100.901,0.41,-4.987,0.392,27.885,2.8277,0.168,2.6,0.54,108.8362
2457551.566,329.066,101.845,0.411,-4.979,0.551,30.216,3.0767,0.115,3.04,0.805,110.06825
2457552.528,330.028,102.964,0.412,-4.979,0.624,29.729,3.0353,0.077,3.559,1.095,111.50051
2457553.029,330.529,103.266,0.41,-4.979,0.607,29.736,3.0343,0.147,3.941,1.472,112.7068
2457554.198,331.698,102.869,0.413,-4.977,0.508,29.462,2.997,0.196,4.732,2.254,115.2059
2457555.964,333.464,103.274,0.443,-4.978,0.46,30.223,3.0683,-0.082,5.601,2.85,117.70674
2457556.235,333.735,101.131,0.412,-4.978,0.47,30.594,3.1064,-0.113,5.603,2.799,117.66379
2457557.659,335.159,102.51,0.414,-4.978,0.447,31.718,3.2165,-0.124,5.13,2.239,116.08347
2457558.037,335.537,102.164,0.41,-4.976,0.457,31.268,3.1725,-0.175,5.019,2.076,115.68324
2457559.883,337.383,100.558,0.418,-4.977,0.41,29.817,3.0227,0.013,3.898,1.267,112.41983
2457560.409,337.909,101.377,0.413,-4.979,0.372,29.576,2.9948,0.139,3.593,1.102,111.58318
2457561.362,338.862,102.079,0.413,-4.985,0.144,27.598,2.7742,0.243,3.24,0.923,110.62599
2457562.077,339.577,101.631,0.42,-4.988,0.034,24.362,2.4396,0.146,3.1,0.817,110.21381
2457566.939,344.439,100.849,0.411,-4.988,0.002,22.658,2.266,-0.009,2.731,0.373,108.97433
2457567.411,344.911,101.144,0.412,-4.991,0.002,23.095,2.3097,-0.053,2.883,0.442,109.37898
2457568.139,345.639,101.041,0.411,-4.999,0.003,23.513,2.3516,-0.12,3.05,0.54,109.8442
2457569.41,346.91,101.759,0.415,-4.988,0.006,24.717,2.4723,-0.102,3.338,0.836,110.7646
2457570.191,347.691,102.01,0.412,-4.986,0.007,25.445,2.5452,-0.07,3.543,1.034,111.40794
2457571.525,349.025,104.633,0.413,-4.985,0.007,25.447,2.5454,-0.017,3.889,1.296,112.42664
2457572.394,349.894,104.404,0.412,-4.989,0.006,25.223,2.5229,0.044,3.947,1.265,112.52773
2457573.361,350.861,103.863,0.407,-4.991,0.01,24.813,2.4823,0.101,3.798,1.215,112.14747
2457574.442,351.942,101.38,0.404,-4.99,0.008,25.334,2.5342,0.077,3.372,0.871,110.87331
2457575.431,352.931,101.242,0.414,-4.985,0.01,25.862,2.5872,0.009,3.024,0.579,109.82223
2457576.443,353.943,100.985,0.413,-4.983,0.027,25.773,2.58,0.105,2.818,0.644,109.42124
2457577.445,354.945,102.253,0.414,-4.98,0.047,26.86,2.6907,0.106,2.849,0.717,109.55857
2457578.481,355.981,102.363,0.416,-4.98,0.129,28.928,2.9057,-0.056,3.061,0.745,110.05949
2457579.528,357.028,101.832,0.412,-4.977,0.19,31.978,3.2168,-0.175,3.772,1.116,111.99716
2457580.513,358.013,103.403,0.408,-4.974,0.184,32.295,3.2479,-0.166,4.666,1.929,114.75581
2457581.208,358.708,104.765,0.403,-4.972,0.261,32.959,3.322,-0.073,5.444,2.729,117.24253
2457582.421,359.921,103.885,0.411,-4.969,0.455,35.727,3.6182,0.036,6.586,3.939,120.92591
2457583.449,360.949,104.749,0.42,-4.967,0.433,35.031,3.5464,0.221,6.723,4.32,121.58712
2457584.096,361.596,106,0.42,-4.967,0.462,35.468,3.593,0.298,6.756,4.395,121.73079
2457585.057,362.557,105.808,0.42,-4.971,0.697,35.316,3.6013,0.504,6.495,4.309,121.06617
2457587.634,365.134,103.116,0.417,-4.974,0.997,33.545,3.4542,0.253,5.175,2.932,116.82876
2457588.399,365.899,102.482,0.414,-4.976,1.006,31.807,3.2813,0.031,4.674,2.295,115.11411
2457589.089,366.589,101.883,0.42,-4.974,1.057,29.975,3.1032,-0.265,4.261,1.665,113.60309
2457592.964,370.464,101.645,0.427,-4.982,0.243,22.006,2.2249,0.055,2.006,0.132,107.1262
2457593.329,370.829,101.369,0.421,-4.985,0.065,20.435,2.05,0.066,1.993,0.121,107.08685
2457594.038,371.538,100.862,0.42,-4.991,0.009,20.367,2.0376,0.02,2.145,0.139,107.44407
2457597.03,374.53,101.541,0.42,-4.983,0.002,21.995,2.1997,-0.092,2.99,0.544,109.71352
2457598.602,376.102,101.852,0.417,-4.997,0.03,23.326,2.3356,-0.042,3.355,0.882,110.84546
2457599.218,376.718,102.211,0.42,-4.998,0.037,23.639,2.3676,-0.004,3.494,1.04,111.30376
2457600.064,377.564,101.834,0.42,-4.995,0.023,23.581,2.3604,0.037,3.553,1.167,111.55403
2457601.946,379.446,103.215,0.417,-4.989,0.01,23.113,2.3123,0.049,3.126,0.857,110.30925
2457602.359,379.859,102.648,0.413,-4.99,0.012,23.089,2.3101,0.054,2.986,0.75,109.89614
2457603.447,380.947,100.669,0.418,-4.992,0.009,22.881,2.289,0.06,2.744,0.542,109.16062
2457604.063,381.563,100.795,0.41,-4.987,0.007,22.737,2.2744,0.063,2.644,0.451,108.85199
2457606.064,383.564,101.276,0.42,-4.986,0.128,24.627,2.4755,-0.105,2.908,0.518,109.50566
2457607.953,385.453,102.709,0.416,-4.983,0.281,26.443,2.6724,-0.105,3.872,1.195,112.29463
2457608.404,385.904,102.034,0.414,-4.981,0.295,26.743,2.7038,-0.097,4.086,1.389,112.95441
2457609.393,386.893,102.434,0.42,-4.977,0.5,29.711,3.0211,-0.129,4.643,1.705,114.49597
2457610.079,387.579,101.799,0.42,-4.976,0.65,31.881,3.2531,-0.027,4.643,1.893,114.67081
2457612.114,389.614,103.188,0.42,-4.968,0.626,33.967,3.4593,0.33,5.327,2.897,117.13669
2457613.688,391.188,104.404,0.413,-4.977,0.562,31.39,3.1952,0.278,6.02,3.537,119.28421
2457614.307,391.807,103.548,0.413,-4.979,0.522,30.91,3.1432,0.225,5.965,3.51,119.1359
2457616.944,394.444,100.989,0.42,-4.985,0.34,59.104,5.9444,-0.142,4.841,1.799,115.02691
2457617.449,394.949,101.318,0.415,-4.985,0.294,46.978,4.7272,-0.16,3.574,1.201,111.63269
2457618.43,395.93,101.661,0.414,-4.984,0.222,27.119,2.7341,0.105,2.532,0.594,108.7341
2457619.473,396.973,100.982,0.413,-4.984,0.141,25.759,2.59,0.249,2.38,0.559,108.36107
2457620.463,397.963,100.188,0.414,-4.996,0.028,22.074,2.2102,0.155,2.69,0.774,109.25542
2457621.279,398.779,101.228,0.412,-5.005,0.011,19.906,1.9917,0.02,2.796,0.874,109.58586
2457622.776,400.276,100.418,0.416,-4.989,0.055,20.271,2.0326,-0.007,2.749,0.766,109.38014
2457623.304,400.804,101.368,0.413,-4.99,0.165,21.832,2.1997,-0.011,2.989,0.93,110.07026
2457624.245,401.745,100.689,0.42,-4.99,0.198,24.799,2.4997,-0.121,3.508,1.123,111.41231
2457625.379,402.879,101.427,0.413,-4.98,0.152,26.253,2.6405,-0.07,3.61,1.241,111.75053
2457626.073,403.573,103.101,0.402,-4.981,0.134,26.479,2.6613,-0.009,3.845,1.49,112.5085
2457627.095,404.595,104.284,0.41,-4.984,0.197,26.419,2.6616,0.083,4.401,2.127,114.34635
2457628.989,406.489,103.804,0.43,-4.978,0.348,27.416,2.7764,0.011,4.61,2.235,114.91495
2457629.085,406.585,103.169,0.42,-4.978,0.352,27.606,2.7958,0.004,4.577,2.201,114.80941
2457630.977,408.477,101.926,0.417,-4.979,0.266,28.462,2.8728,0.021,3.03,1.029,110.25417
2457631.422,408.922,100.926,0.414,-4.978,0.238,28.051,2.8289,-0.007,2.761,0.793,109.43213
2457632.468,409.968,101.138,0.421,-4.98,0.562,30.48,3.1042,0.079,2.656,0.521,108.94397
2457633.4,410.9,102.039,0.419,-4.984,0.876,31.553,3.2429,0.338,2.771,0.973,109.62193
2457634.333,411.833,102.589,0.414,-4.981,0.89,28.534,2.9424,0.528,3.436,1.706,111.79322
2457635.414,412.914,104.254,0.418,-4.983,0.779,27.251,2.803,0.463,4.369,2.475,114.59831
2457636.455,413.955,104.328,0.415,-4.982,0.65,28.3,2.895,0.214,5.224,2.939,116.94503
2457637.413,414.913,104.547,0.414,-4.98,0.592,29.768,3.036,-0.017,5.499,3.027,117.64287
2457638.385,415.885,104.145,0.415,-4.976,0.618,31.613,3.2231,-0.157,5.62,2.963,117.85439
2457639.399,416.899,101.937,0.422,-4.978,0.614,31.912,3.2526,-0.265,5.617,2.781,117.67841
2457640.112,417.612,101.505,0.422,-4.98,0.668,31.557,3.2225,-0.273,5.463,2.54,117.10932
2457641.633,419.133,101.557,0.422,-4.976,0.638,30.444,3.1082,-0.097,4.989,2.34,115.86156
2457642.429,419.929,101.597,0.422,-4.98,0.592,30.659,3.1251,0.052,4.662,2.126,114.93006
2457643.165,420.665,102.184,0.42,-4.979,0.3,29.412,2.9712,0.104,4.166,1.751,113.47027
2457644.262,421.762,100.942,0.416,-4.976,0.101,26.311,2.6412,0.104,3.411,1.203,111.26943
2457645.542,423.042,100.901,0.418,-4.99,0.053,25.099,2.5152,0.194,2.608,0.708,109.01036
2457646.443,423.943,100.723,0.414,-4.99,0.026,23.874,2.39,0.197,2.423,0.457,108.36253
2457647.445,424.945,100.747,0.413,-4.989,0.024,23.791,2.3815,-0.006,2.476,0.4,108.42824
2457648.392,425.892,100.49,0.413,-4.991,0.027,23.666,2.3693,-0.081,2.695,0.49,109.0025
2457649.548,427.048,100.842,0.413,-4.992,0.033,22.791,2.2824,-0.06,3.216,0.912,110.562
2457650.435,427.935,102.252,0.416,-4.991,0.088,23.956,2.4044,-0.028,3.941,1.653,112.87513
2457651.421,428.921,103.603,0.419,-4.986,0.178,26.63,2.6808,-0.089,4.592,2.141,114.78721
2457652.47,429.97,103.211,0.413,-4.983,0.214,27.618,2.7832,-0.08,4.703,2.241,115.12885
2457653.439,430.939,103.012,0.416,-4.986,0.143,26.504,2.6647,-0.099,4.691,2.147,115.01455
2457654.42,431.92,104.452,0.419,-4.989,0.188,27.409,2.7597,0.002,4.179,1.737,113.48637
2457655.451,432.951,102.529,0.412,-4.987,0.234,28.513,2.8747,0.144,3.691,1.311,111.99707
2457656.507,434.007,101.945,0.412,-4.988,0.15,26.754,2.6904,0.17,3.345,1.049,110.97837
2457657.469,434.969,102.441,0.411,-4.988,0.129,25.305,2.5434,0.061,3.066,0.862,110.1795
2457658.488,435.988,100.977,0.412,-4.991,0.186,24.762,2.4948,-0.013,2.779,0.535,109.23251
2457659.068,436.568,100.244,0.41,-4.992,0.206,25.088,2.5294,-0.029,2.595,0.356,108.65388
2457660.918,438.418,102.661,0.421,-4.989,0.053,25.361,2.5414,-0.029,2.694,0.397,108.91377
2457661.288,438.788,102.241,0.42,-4.99,0.011,23.92,2.3931,-0.059,2.911,0.567,109.55795
2457662.44,439.94,102.998,0.416,-4.995,0.004,23.376,2.338,-0.052,3.499,0.968,111.248
2457663.388,440.888,102.009,0.421,-4.99,0.011,24.579,2.459,-0.078,3.945,1.315,112.56975
2457664.22,441.72,101.73,0.419,-4.985,0.037,25.927,2.5964,-0.099,4.217,1.477,113.32969
2457665.477,442.977,102.161,0.411,-4.985,0.281,28.187,2.8468,0.006,4.452,1.805,114.16113
2457666.061,443.561,101.662,0.41,-4.984,0.55,31.108,3.1658,0.056,4.652,2.078,114.86302
2457667.941,445.441,103.857,0.413,-4.977,0.747,32.67,3.3417,0.289,5.53,3.199,117.87227
2457668.334,445.834,104.748,0.414,-4.974,0.767,32.485,3.3252,0.322,5.718,3.419,118.49799
2457670.966,448.466,105.851,0.41,-4.986,0.716,30.004,3.072,0.096,5.352,3.024,117.3108
2457671.437,448.937,104.258,0.412,-4.984,0.681,29.509,3.019,0.069,4.908,2.601,115.92285
2457672.451,449.951,102.575,0.413,-4.982,0.583,29.848,3.0431,0.076,3.901,1.681,112.81157
2457673.436,450.936,101.316,0.416,-4.984,0.527,30.403,3.093,0.076,3.148,0.974,110.46734
2457674.428,451.928,101.328,0.419,-4.986,0.509,28.361,2.887,-0.087,2.756,0.493,109.14193
2457675.209,452.709,101.565,0.414,-4.989,0.465,27.352,2.7817,-0.025,2.779,0.532,109.22972
2457676.927,454.427,101.414,0.416,-4.99,0.203,23.333,2.3536,-0.033,3.459,1.155,111.33231
2457679.537,457.037,102.662,0.43,-4.982,0.124,24.07,2.4194,-0.089,4.055,1.51,112.9975
2457680.631,458.131,103.022,0.429,-4.979,0.093,24.046,2.4139,-0.052,3.913,1.384,112.56224
2457681.904,459.404,101.314,0.43,-4.982,0.071,24.219,2.429,0.052,3.399,1.058,111.1077
2457682.431,459.931,101.363,0.419,-4.983,0.057,24.067,2.4124,0.105,3.321,0.979,110.85951
2457683.084,460.584,101.072,0.41,-4.984,0.061,23.762,2.3823,0.152,3.133,0.911,110.37515
2457690.948,468.448,103.112,0.415,-4.992,0.024,22.52,2.2544,-0.096,3.388,0.73,110.77802
2457691.428,468.928,102.577,0.413,-4.99,0.016,22.817,2.2833,-0.115,3.408,0.719,110.81259
2457692.158,469.658,101.756,0.413,-4.987,0.013,23.117,2.313,-0.077,3.365,0.756,110.75068
2457693.187,470.687,101.926,0.412,-4.987,0.025,24.543,2.4568,-0.029,3.487,0.957,111.21089
2457694.105,471.605,102.517,0.426,-4.982,0.013,25.733,2.5746,-0.028,3.795,1.119,112.05147
2457698.915,476.415,101.284,0.42,-4.983,0.021,24.308,2.4329,0.134,3.176,0.904,110.46496
2457699.103,476.603,100.776,0.41,-4.983,0.019,24.27,2.4289,0.148,3.099,0.868,110.259
2457700.926,478.426,102.594,0.425,-4.987,0.004,22.813,2.2817,0.104,2.667,0.48,108.93048
2457701.966,479.466,101.55,0.421,-4.992,0.028,21.845,2.1873,0.061,2.493,0.366,108.4347
2457702.484,479.984,101.467,0.42,-4.994,0.053,21.748,2.1801,0.055,2.45,0.336,108.31048
2457703.393,480.893,100.994,0.419,-4.995,0.065,21.724,2.1789,0.057,2.447,0.32,108.28888
2457704.132,481.632,100.528,0.414,-4.993,0.031,20.705,2.0736,0.04,2.567,0.398,108.63022
2457705.953,483.453,103.228,0.421,-4.99,0.047,21.415,2.1462,-0.044,3.101,0.66,110.07004
2457706.076,483.576,103.052,0.422,-4.99,0.05,21.443,2.1493,-0.051,3.135,0.692,110.17596
2457708.959,486.459,102.881,0.432,-4.992,0.086,22.526,2.2612,-0.007,3.498,1.044,111.31644
2457709.355,486.855,101.906,0.427,-4.992,0.107,22.68,2.2787,-0.006,3.522,1.051,111.37671
2457710.077,487.577,100.63,0.42,-4.99,0.09,23.454,2.3544,-0.017,3.359,0.922,110.89162
2457711.99,489.49,101.039,0.42,-4.986,0.02,23.025,2.3045,0.07,3.063,0.86,110.17092
2457712.043,489.543,101.019,0.42,-4.986,0.019,22.971,2.299,0.073,3.053,0.869,110.15689
2457716.968,494.468,104.871,0.42,-4.987,0.257,21.831,2.2088,0.047,2.743,0.508,109.12676
2457717.078,494.578,104.544,0.42,-4.987,0.268,22.035,2.2303,0.047,2.743,0.499,109.11839
2457719.379,496.879,102.821,0.416,-4.988,0.278,23.759,2.4037,0.214,3.061,0.961,110.26037
2457720.24,497.74,102.235,0.437,-4.988,0.313,23.757,2.407,0.131,3.486,1.166,111.40302
2457721.07,498.57,102.303,0.411,-4.982,0.352,24.792,2.5144,0.107,3.874,1.405,112.49441
2457722.869,500.369,101.736,0.419,-4.984,0.407,26.055,2.6462,0.04,4.497,1.882,114.33354
2457723.188,500.688,102.488,0.421,-4.984,0.39,26.063,2.6453,0.031,4.501,1.89,114.34994
2457727.98,505.48,102.233,0.414,-4.993,0.325,23.829,2.4154,-0.058,3.347,0.919,110.86195
2457728.364,505.864,101.395,0.415,-4.994,0.308,23.297,2.3605,-0.078,3.167,0.757,110.30809
2457729.116,506.616,101.302,0.414,-4.995,0.273,22.781,2.3054,-0.048,2.856,0.488,109.36128
2457730.982,508.482,101.041,0.41,-4.991,0.081,21.232,2.1313,0.101,2.27,0.125,107.71105
2457731.059,508.559,101.103,0.41,-4.991,0.072,21.083,2.1155,0.102,2.257,0.118,107.67542
2457732.571,510.071,101.605,0.416,-4.997,0.002,18.41,1.8412,0.017,2.377,0.137,107.96189
2457733.215,510.715,101.721,0.421,-5,0.001,18.379,1.838,0.012,2.389,0.161,108.01109
2457734.01,511.51,101.61,0.42,-4.994,0.01,18.47,1.848,0.015,2.405,0.189,108.07297
2457735.961,513.461,104.523,0.414,-4.992,0.033,19.258,1.9291,0.029,2.395,0.14,108.005
2457736.712,514.212,101.016,0.41,-4.996,0.021,19.339,1.936,0.01,2.432,0.153,108.09997
2457737.415,514.915,100.535,0.408,-4.996,0.011,18.937,1.8948,-0.009,2.436,0.204,108.15636
2457738.425,515.925,100.96,0.415,-4.994,0.005,18.872,1.8877,0.015,2.34,0.196,107.93388
2457739.089,516.589,99.797,0.415,-4.993,0.004,18.651,1.8655,0.034,2.415,0.27,108.1707
2457741.307,518.807,101.428,0.422,-4.99,0.034,19.089,1.9123,0.031,2.689,0.509,109.00673
2457742.85,520.35,101.854,0.42,-4.989,0.033,19.576,1.9609,0.007,2.827,0.619,109.41815
2457743.134,520.634,102.835,0.42,-4.989,0.048,19.8,1.9848,-0.003,2.826,0.596,109.39452
2457753.085,530.585,100.494,0.42,-4.984,0.01,21.726,2.1736,0.053,3.021,0.581,109.81737
2457755.92,533.42,103.13,0.42,-4.995,0.008,21.396,2.1404,0.018,2.736,0.404,109.01436
2457756.587,534.087,102.593,0.418,-4.991,0.01,21.406,2.1416,0.054,2.707,0.401,108.94661
2457757.351,534.851,101.661,0.418,-4.987,0.005,21.162,2.1167,0.082,2.734,0.421,109.02569
2457758.128,535.628,100.931,0.42,-4.987,0.003,20.481,2.0484,0.071,2.69,0.438,108.94294
2457759.964,537.464,104.054,0.415,-4.986,0.003,19.136,1.9139,0.047,2.44,0.341,108.29273
2457760.035,537.535,103.641,0.41,-4.986,0.003,19.103,1.9106,0.047,2.421,0.329,108.23901
2457762.104,539.604,101.229,0.42,-4.99,0.001,18.339,1.834,0.064,2.039,0.082,107.15362
2457763.142,540.642,99.863,0.421,-4.993,0.002,18.232,1.8234,0.058,2.056,0.026,107.13962
2457764.327,541.827,100.549,0.431,-4.992,0.001,17.96,1.7961,0.007,2.06,0.05,107.1709
2457765.847,543.347,100.373,0.42,-4.997,0.007,17.391,1.7398,0.01,2.127,0.091,107.35911
2457766.033,543.533,100.784,0.42,-4.996,0.014,17.496,1.751,0.012,2.146,0.097,107.40725
2457769.349,546.849,100.874,0.419,-4.989,0.263,21.598,2.1861,0.095,2.639,0.53,108.91426
2457770.124,547.624,100.642,0.423,-4.991,0.242,21.745,2.1987,0.13,2.944,0.849,109.89413
2457771.971,549.471,103.082,0.423,-4.983,0.175,22.526,2.2701,0.07,3.586,1.373,111.81953
2457772.448,549.948,102.005,0.421,-4.987,0.165,22.551,2.2716,0.054,3.568,1.322,111.73178
2457773.128,550.628,101.451,0.421,-4.992,0.165,23.091,2.3256,0.024,3.508,1.23,111.51182
2457774.966,552.466,102.6,0.424,-4.98,0.4,24.849,2.5249,0.157,3.092,1.01,110.37538
2457775.012,552.512,102.452,0.42,-4.981,0.411,24.908,2.5319,0.166,3.089,1.013,110.37145
2457776.985,554.485,104.835,0.42,-4.983,0.37,25.702,2.6072,0.244,3.51,1.432,111.70416
2457777.342,554.842,104.307,0.416,-4.986,0.322,25.428,2.575,0.205,3.584,1.484,111.91828
2457778.309,555.809,103.507,0.416,-4.991,0.353,24.146,2.4499,0.04,3.543,1.314,111.66834
2457779.004,556.504,104.852,0.42,-4.981,0.409,24.06,2.4469,0.038,3.329,1.077,110.96857
2457780.172,557.672,101.932,0.43,-4.975,0.408,24.296,2.4704,0.073,2.912,0.723,109.70527
2457787.962,565.462,100.808,0.421,-5.002,0.046,20.308,2.0354,0.138,1.976,0.205,107.12689
2457788.339,565.839,99.99,0.421,-5.002,0.023,19.559,1.9582,0.14,1.87,0.166,106.85318
2457789.357,566.857,99.793,0.421,-5.001,0.008,18.45,1.8458,0.129,1.766,0.102,106.5607
2457790.346,567.846,100.697,0.423,-4.994,0.006,17.108,1.7114,0.056,1.803,0.035,106.58127
2457791.335,568.835,100.534,0.428,-4.995,0.011,17.408,1.7419,-0.002,1.829,0.022,106.62742
2457792.425,569.925,100.317,0.431,-4.993,0.004,17.428,1.7432,0.006,1.926,0.069,106.88841
2457793.208,570.708,100.636,0.425,-4.993,0.026,17.439,1.7465,0.03,2.031,0.192,107.238
2457794.097,571.597,100.984,0.42,-4.993,0.076,17.905,1.7981,0.023,2.387,0.409,108.23725
2457795.181,572.681,102.665,0.43,-4.993,0.132,18.809,1.8941,-0.026,2.678,0.606,109.0723
2457797.974,575.474,102.39,0.421,-4.993,0.072,20.237,2.0309,-0.006,2.628,0.457,108.82173
2457800.113,577.613,102.196,0.421,-4.993,0.024,21.568,2.1592,0.046,2.436,0.235,108.18519
2457801.962,579.462,103.408,0.427,-4.992,0.016,20.671,2.0687,0.023,2.476,0.373,108.40313
2457802.085,579.585,102.239,0.422,-4.992,0.017,20.647,2.0664,0.028,2.476,0.388,108.41708
2457804.995,582.495,100.398,0.43,-4.99,0.087,22.468,2.2555,-0.076,2.605,0.397,108.71441
2457805.353,582.853,100.582,0.43,-4.988,0.133,23.372,2.3505,-0.095,2.633,0.386,108.7669
2457806.983,584.483,102.701,0.432,-4.982,0.195,24.892,2.5087,0.011,2.816,0.726,109.49302
2457807.39,584.89,103.132,0.431,-4.983,0.191,24.893,2.5084,0.062,2.904,0.862,109.81662
2457808.091,585.591,103.2,0.43,-4.985,0.186,24.794,2.498,0.117,3.139,1.098,110.5625
2457809.97,587.47,102.233,0.435,-4.985,0.175,24.068,2.4243,0.053,3.382,1.243,111.24167
2457810.339,587.839,102.395,0.43,-4.985,0.176,24.01,2.4186,0.038,3.303,1.151,110.97915
2457811.352,588.852,102.57,0.433,-4.983,0.17,24.052,2.4222,0.026,2.956,0.859,109.93031
2457812.243,589.743,103.24,0.439,-4.981,0.212,24.113,2.4325,0.052,2.522,0.567,108.68659
2457813.485,590.985,103.023,0.435,-4.983,0.278,23.584,2.3862,0.144,2.348,0.528,108.26056
2457814.312,591.812,101.881,0.433,-4.985,0.231,23.337,2.3568,0.166,2.482,0.692,108.71324
2457815.26,592.76,101.545,0.431,-4.987,0.148,21.852,2.2,0.089,2.523,0.789,108.89529
2457816.345,593.845,102.807,0.43,-4.989,0.011,19.595,1.9606,0.046,2.344,0.684,108.39668
2457817.331,594.831,101.116,0.434,-4.989,0.007,18.985,1.8992,0.066,2.157,0.424,107.736
2457818.09,595.59,101.421,0.44,-5.005,0.006,18.884,1.889,0.077,2.049,0.276,107.35644
2457819.739,597.239,99.957,0.44,-4.986,0.002,18.104,1.8106,0.082,1.951,0.213,107.07833
2457820.084,597.584,100.518,0.44,-4.989,0.002,17.979,1.7981,0.084,1.943,0.206,107.0539
2457824.501,602.001,99.96,0.44,-4.99,0.001,17.51,1.7511,0.024,2.158,0.131,107.46575
2457825.543,603.043,101.833,0.44,-4.99,0.002,17.539,1.7541,0.027,2.138,0.121,107.41165
2457826.032,603.532,103.465,0.44,-4.99,0.001,17.574,1.7575,0.025,2.119,0.109,107.35793
2457828.976,606.476,99.703,0.44,-4.99,0.001,18.051,1.8052,0.021,2.055,0.098,107.20434
2457829.073,606.573,99.419,0.44,-4.99,0.001,18.089,1.809,0.022,2.054,0.095,107.19931
2457833.975,611.475,102.525,0.44,-4.99,0.01,19.532,1.9542,-0.016,2.406,0.233,108.11613
2457835.947,613.447,103.205,0.449,-4.99,0.028,20.366,2.0394,0.014,2.632,0.317,108.70049
2457836.41,613.91,103.536,0.44,-4.99,0.021,20.314,2.0335,0.024,2.644,0.373,108.77945
2457837.089,614.589,103.866,0.431,-4.99,0.017,20.44,2.0457,0.017,2.682,0.463,108.94827
2457838.94,616.44,104.209,0.45,-4.981,0.109,21.457,2.1566,0.078,2.467,0.515,108.51503
2457839.947,617.447,103.458,0.444,-4.986,0.347,22.664,2.3011,0.22,2.437,0.652,108.57524
2457840.398,617.898,102.217,0.444,-4.987,0.461,23.044,2.3505,0.259,2.521,0.776,108.87872
2457841.075,618.575,101.095,0.444,-4.988,0.546,22.938,2.3484,0.247,2.702,0.981,109.47481
2457842.955,620.455,103.489,0.439,-4.982,0.749,21.384,2.2133,0.13,3.131,1.264,110.69896
2457843.183,620.683,102.986,0.432,-4.981,0.792,21.253,2.2045,0.115,3.209,1.317,110.92297
2457844.361,621.861,103.051,0.439,-4.979,0.991,21.771,2.2762,-0.015,3.736,1.751,112.50707
2457845.447,622.947,102.11,0.436,-4.983,1.234,23.261,2.4495,-0.249,3.612,1.514,112.0089
2457846.219,623.719,101.684,0.437,-4.988,1.456,24.828,2.6284,-0.491,3.188,0.856,110.4472
2457847.929,625.429,100.251,0.436,-4.996,0.847,22.745,2.3592,-0.358,2.571,0.42,108.65964
2457848.38,625.88,100.69,0.436,-4.995,0.765,22.508,2.3273,-0.26,2.464,0.369,108.37253
2457849.413,626.913,101.878,0.443,-4.993,0.495,22.001,2.2496,-0.004,2.443,0.532,108.47708
2457850.416,627.916,102.156,0.442,-4.99,0.11,19.09,1.92,0.035,2.73,0.803,109.37199
2457851.35,628.85,101.497,0.442,-4.987,0.004,17.688,1.7692,0.006,2.793,0.806,109.5159
2457852.938,630.438,99.681,0.441,-4.997,0.008,17.726,1.7734,0.008,2.337,0.39,108.10758
2457853.076,630.576,100.199,0.44,-4.997,0.01,17.889,1.7899,0.005,2.305,0.35,107.9987
2457854.087,631.587,100.419,0.446,-4.992,0.029,19.68,1.9709,-0.019,2.14,0.151,107.44403
2457855.961,633.461,101.754,0.44,-4.992,0.03,19.754,1.9784,0.073,2.194,0.248,107.6552
2457856.394,633.894,102.092,0.442,-4.991,0.027,19.42,1.9447,0.084,2.301,0.381,108.01857
2457857.185,634.685,102.314,0.44,-4.989,0.026,18.934,1.896,0.055,2.534,0.606,108.74974
2457860.061,637.561,100.869,0.44,-4.989,0.003,19.354,1.9357,-0.012,2.528,0.427,108.56983
2457861.804,639.304,99.586,0.434,-4.992,0.024,20.221,2.0245,0.01,2.367,0.26,108.05388
2457862.131,639.631,99.805,0.431,-4.992,0.061,21.094,2.1155,-0.002,2.347,0.238,107.98862
2457864.932,642.432,101.888,0.438,-4.983,0.252,25.032,2.5284,0.005,2.815,0.595,109.36895
2457865.25,642.75,102.424,0.433,-4.983,0.256,25.123,2.5379,0.03,2.945,0.744,109.79872
2457866.484,643.984,102.814,0.434,-4.985,0.334,27.271,2.7605,0.033,3.627,1.477,112.00809
2457867.291,644.791,103.77,0.433,-4.985,0.32,28.103,2.8423,0.021,4.083,1.898,113.42106
2457868.978,646.478,104.04,0.44,-4.98,0.236,26.826,2.7062,0.043,4.34,2.138,114.21994
2457873.904,651.404,101.261,0.43,-4.988,0.044,21.727,2.1771,0.121,2.304,0.562,108.19362
2457874.918,652.418,102.791,0.438,-4.999,0.026,19.774,1.98,0.123,2.135,0.428,107.69044
2457875.799,653.299,102.247,0.439,-4.994,0.055,19.172,1.9227,0.133,2.169,0.458,107.7945
2457876.419,653.919,102.251,0.438,-4.994,0.107,19.041,1.9148,0.122,2.374,0.559,108.34763
2457877.103,654.603,101.773,0.44,-4.994,0.101,18.104,1.8205,0.039,2.534,0.529,108.67813
2457878.934,656.434,101.744,0.446,-4.989,0.098,17.721,1.7819,0.009,2.265,0.28,107.844
2457879.4,656.9,101.581,0.44,-4.993,0.089,17.783,1.7872,0.032,2.163,0.245,107.58297
2457880.813,658.313,100.316,0.44,-4.993,0.043,18.368,1.8411,0.037,2.081,0.236,107.39092
2457881.235,658.735,100.567,0.44,-4.992,0.037,18.586,1.8623,0.042,2.068,0.207,107.33483
2457882.122,659.622,100.243,0.434,-4.992,0.007,17.83,1.7837,0.024,2.075,0.184,107.32912
2457886.933,664.433,99.154,0.433,-4.994,0.001,17.609,1.761,-0.022,2.188,0.084,107.48924
2457887.416,664.916,100.429,0.431,-4.994,0,17.78,1.778,-0.038,2.207,0.078,107.52622
2457888.171,665.671,102.548,0.433,-4.993,0.001,17.821,1.7822,-0.009,2.123,0.099,107.35759
2457889.109,666.609,101.42,0.443,-4.99,0.005,18.174,1.8179,-0.006,2.176,0.151,107.52467
2457890.952,668.452,102.153,0.43,-4.986,0.03,20.836,2.0866,-0.089,2.544,0.35,108.53406
2457891.998,669.498,102.066,0.44,-4.989,0.04,21.819,2.1859,-0.074,2.817,0.526,109.30926
2457892.451,669.951,102.519,0.438,-4.988,0.045,22.267,2.2312,-0.055,2.992,0.654,109.8203
2457893.038,670.538,104.009,0.43,-4.986,0.052,23.05,2.3102,-0.048,3.252,0.829,110.56545
2457894.934,672.434,104.29,0.435,-4.983,0.054,24.195,2.4249,0.004,3.919,1.396,112.58684
2457895.437,672.937,103.017,0.432,-4.985,0.068,24.217,2.4285,0.036,4.047,1.517,112.98609
2457896.397,673.897,103.443,0.43,-4.987,0.077,24.117,2.4194,0.054,4.175,1.671,113.41603
2457897.781,675.281,103.104,0.433,-4.987,0.063,23.837,2.39,0.094,3.716,1.397,112.13305
2457898.356,675.856,102.13,0.435,-4.987,0.089,23.639,2.3728,0.108,3.347,1.151,111.07771
2457899.513,677.013,102.144,0.44,-4.986,0.146,22.877,2.3023,0.088,2.604,0.726,109.01814
2457900.339,677.839,102.639,0.438,-4.988,0.206,23.196,2.3402,0.025,2.306,0.384,108.03256
2457901.412,678.912,100.831,0.433,-4.991,0.327,22.65,2.2977,-0.028,1.936,0.07,106.91174
2457902.582,680.082,102.233,0.44,-4.993,0.095,20.246,2.0341,0.086,1.981,0.187,107.12135
2457903.757,681.257,101.294,0.444,-4.994,0.003,17.721,1.7724,0.038,2.42,0.455,108.35395
2457904.986,682.486,102.62,0.44,-4.997,0.004,17.179,1.7183,0.013,2.565,0.496,108.71688
2457905.462,682.962,102.31,0.434,-4.996,0.004,17.15,1.7154,0.01,2.57,0.482,108.71506
2457906.462,683.962,100.765,0.431,-4.995,0.128,18.73,1.8858,-0.01,2.359,0.348,108.1178
2457907.411,684.911,101.926,0.434,-4.994,0.255,20.451,2.0706,0.011,2.232,0.303,107.79147
2457908.426,685.926,102.541,0.437,-4.99,0.214,21.507,2.1721,0.048,2.361,0.508,108.27108
2457909.413,686.913,102.828,0.434,-4.988,0.17,21.689,2.1859,0.096,2.834,0.976,109.76584
2457910.517,688.017,102.646,0.438,-4.99,0.125,21.087,2.1212,0.082,3.473,1.516,111.6994
2457911.074,688.574,103.303,0.43,-4.99,0.086,20.67,2.0756,0.044,3.69,1.662,112.32126
2457912.932,690.432,102.603,0.441,-4.989,0.021,19.748,1.9769,0.011,3.381,1.375,111.36219
2457913.065,690.565,102.478,0.434,-4.989,0.019,19.725,1.9744,0.009,3.323,1.327,111.18763
2457916.986,694.486,101.027,0.42,-4.991,0.001,20.287,2.0288,0.031,2.154,0.096,107.42424
2457917.315,694.815,101.217,0.427,-4.991,0.001,19.995,1.9996,-0.014,2.221,0.092,107.5706
2457919.935,697.435,102.562,0.435,-4.992,0.205,23.094,2.3299,-0.05,3.26,0.872,110.62336
2457920.436,697.936,103.777,0.434,-4.989,0.242,23.546,2.3788,-0.037,3.561,1.143,111.54963
2457921.632,699.132,104.127,0.434,-4.991,0.254,24.146,2.44,-0.019,3.997,1.394,112.7597
2457922.57,700.07,103.728,0.428,-4.992,0.237,24.337,2.4574,-0.009,4.098,1.39,112.98222
2457923.408,700.908,103.316,0.426,-4.99,0.199,24.163,2.4362,0.012,3.855,1.222,112.28166
2457924.076,701.576,101.858,0.43,-4.989,0.158,23.914,2.4072,0.055,3.576,1.02,111.46884
2457925.302,702.802,102.673,0.426,-5.01,0.118,23.04,2.3158,0.103,2.895,0.625,109.57605
2457926.096,703.596,102.303,0.431,-4.992,0.144,22.991,2.3135,0.068,2.563,0.437,108.65753
2457932.963,710.463,101.932,0.44,-4.994,0.101,18.761,1.8862,-0.067,2.599,0.504,108.80048
2457933.46,710.96,101.62,0.438,-4.993,0.087,19.051,1.9138,-0.074,2.427,0.385,108.30453
2457934.475,711.975,100.728,0.431,-4.994,0.076,19.346,1.9422,-0.031,2.143,0.182,107.47958
2457935.462,712.962,102.155,0.432,-4.999,0.062,19.504,1.9566,0.041,2.169,0.226,107.57874
2457936.442,713.942,102.479,0.434,-4.999,0.032,19.184,1.9216,0.07,2.353,0.379,108.13319
2457937.076,714.576,101.515,0.44,-4.996,0.008,18.416,1.8424,0.023,2.51,0.416,108.51928
2457938.542,716.042,101.739,0.431,-4.994,0.002,17.718,1.772,-0.013,2.513,0.433,108.54181
2457939.313,716.813,101.636,0.431,-4.997,0.002,17.838,1.784,-0.013,2.497,0.384,108.4604
2457940.399,717.899,101.468,0.434,-4.995,0.029,18.088,1.8117,0.002,2.459,0.354,108.34738
2457941.5,719,100.664,0.436,-4.994,0.375,20.106,2.0481,0.104,2.209,0.317,107.75297
2457942.503,720.003,102.146,0.431,-4.993,0.623,20.737,2.136,0.34,2.216,0.539,107.97511
2457943.912,721.412,103.902,0.432,-4.984,0.912,20.958,2.187,0.553,2.755,1.324,109.91252
2457944.298,721.798,104.535,0.432,-4.984,0.925,21.061,2.1986,0.527,3.057,1.567,110.81499
2457945.943,723.443,103.84,0.441,-4.987,0.856,22.619,2.3475,0.079,4.324,2.196,114.23804
2457946.075,723.575,104.15,0.44,-4.987,0.842,22.796,2.3638,0.029,4.396,2.209,114.41141
2457947.942,725.442,104.478,0.431,-4.983,0.763,25.631,2.6394,-0.451,4.58,1.933,114.56689
2457948.066,725.566,104.529,0.43,-4.983,0.763,25.829,2.6592,-0.47,4.535,1.857,114.39541
2457952.99,730.49,100.613,0.44,-4.99,0.002,19.974,1.9976,0.033,2.308,0.291,107.95055
2457953.523,731.023,100.631,0.44,-4.994,0.002,20.001,2.0003,0.001,2.168,0.213,107.56441
2457954.457,731.957,101.281,0.441,-4.996,0.001,19.774,1.9775,0.006,1.927,0.167,106.98179
2457955.453,732.953,101.62,0.44,-4.998,0.002,19.705,1.9707,0.057,2.023,0.294,107.31494
2457956.457,733.957,100.495,0.433,-5.001,0.002,18.647,1.8649,0.08,2.307,0.494,108.1371
2457957.555,735.055,100.748,0.431,-4.999,0.005,17.691,1.7696,0.042,2.677,0.707,109.16399
2457958.082,735.582,100.956,0.43,-4.998,0.004,17.273,1.7277,0.033,2.68,0.672,109.13816
2457959.07,736.57,100.612,0.44,-4.991,0.005,17.67,1.7675,-0.028,2.632,0.529,108.89765
2457964.976,742.476,100.512,0.44,-4.997,0.009,17.298,1.7307,-0.002,2.518,0.517,108.63113
2457965.084,742.584,100.569,0.44,-4.997,0.007,17.252,1.7259,-0.003,2.495,0.491,108.55543
2457966.944,744.444,100.273,0.43,-4.986,0.02,17.219,1.7239,0.009,2.102,0.207,107.41099
2457967.938,745.438,101.533,0.432,-4.995,0.156,19.489,1.9645,-0.027,2.113,0.201,107.43005
2457968.447,745.947,102.631,0.431,-4.997,0.231,21.262,2.1493,-0.061,2.266,0.301,107.86577
2457969.603,747.103,102.976,0.432,-4.996,0.239,21.893,2.2132,0.026,2.669,0.737,109.17397
2457970.439,747.939,102.439,0.432,-4.994,0.233,21.469,2.1702,0.072,3.145,1.146,110.62058
2457971.431,748.931,103.566,0.431,-4.995,0.221,21.422,2.1643,0.087,3.709,1.606,112.31174
2457972.082,749.582,104.594,0.43,-4.997,0.216,21.681,2.1897,0.063,3.96,1.73,112.9893
2457978.611,756.111,99.541,0.436,-4.993,0.074,20.085,2.0159,0.108,2.289,0.207,107.82987
2457979.213,756.713,98.424,0.438,-4.995,0.008,18.316,1.8324,0.065,2.252,0.186,107.72746
2457984.715,762.215,102.786,0.437,-4.989,0.632,19.804,2.0436,0.353,3.427,1.766,111.82886
2457994.648,772.148,101.386,0.435,-4.991,0.148,20.327,2.0475,-0.072,2.923,0.581,109.59785
2457995.452,772.952,100.887,0.431,-4.992,0.37,22.289,2.2659,-0.006,2.409,0.314,108.19818
2457996.282,773.782,101.229,0.431,-4.992,0.884,26.444,2.7328,0.212,2.186,0.278,107.66518
2457997.061,774.561,103.187,0.43,-4.99,1.139,26.697,2.7836,0.468,2.43,0.61,108.5205
2457998.819,776.319,104.949,0.43,-4.989,1.23,24.672,2.5902,0.712,4.02,2.209,113.56917
2457999.404,776.904,105.457,0.433,-4.988,1.341,26.054,2.7395,0.707,4.85,2.898,116.06914
2458000.322,777.822,106.4,0.432,-4.984,1.861,29.749,3.161,0.321,6.404,3.92,120.50056
2458001.029,778.529,106.673,0.43,-4.97,2.131,30.357,3.2488,-0.196,7.402,4.329,123.11645
2458002.868,780.368,101.936,0.446,-4.972,2.288,31.864,3.4152,-1.218,7.624,3.576,122.91344
2458003.509,781.009,102.262,0.436,-4.974,2.308,32.727,3.5035,-1.284,6.905,2.875,120.65095
2458006.967,784.467,101.269,0.44,-4.989,0.264,23.657,2.3921,0.08,3.083,0.734,110.09854
2458007.333,784.833,100.674,0.436,-4.991,0.201,22.747,2.2948,0.076,2.981,0.655,109.79659
2458008.102,785.602,100.706,0.44,-4.993,0.158,21.564,2.1722,0.065,2.751,0.443,109.08423
2458009.115,786.615,102.764,0.435,-4.994,0.153,21.809,2.1962,0.105,2.583,0.399,108.66699
2458010.186,787.686,102.106,0.44,-4.981,0.149,21.212,2.1361,0.168,2.646,0.467,108.87135
2458012.875,790.375,101.942,0.439,-4.993,0.175,15.788,1.5963,-0.142,3.523,0.804,111.14924
2458013.055,790.555,102.401,0.44,-4.993,0.181,15.381,1.5562,-0.175,3.57,0.784,111.23592