filename,obsdate,exptime,sunagl,seeing,ccfjdsum,ccfrvmod,dvrms
neidL2_20210515T222849.fits,5/15/21 22:28,54.833211,46.455,0,2459350.432,-0.6843,2.00E-04
neidL2_20210515T222716.fits,5/15/21 22:27,54.860682,46.7834,0,2459350.431,-0.6842,2.00E-04
neidL2_20210515T222543.fits,5/15/21 22:25,54.830106,47.1095,0,2459350.43,-0.6848,2.00E-04
neidL2_20210515T222410.fits,5/15/21 22:24,54.850784,47.4366,0,2459350.429,-0.6851,2.00E-04
neidL2_20210515T222237.fits,5/15/21 22:22,54.833818,47.7647,0,2459350.428,-0.6846,2.00E-04
neidL2_20210515T222103.fits,5/15/21 22:21,54.827365,48.0933,0,2459350.427,-0.6835,2.00E-04
neidL2_20210515T221929.fits,5/15/21 22:19,54.823499,48.4242,0,2459350.425,-0.6856,2.00E-04
neidL2_20210515T221755.fits,5/15/21 22:17,54.821591,48.7532,0,2459350.424,-0.6853,2.00E-04
neidL2_20210515T221622.fits,5/15/21 22:16,54.817056,49.0791,0,2459350.423,-0.6837,2.00E-04
neidL2_20210515T221449.fits,5/15/21 22:14,54.828897,49.4047,0,2459350.422,-0.6842,2.00E-04
neidL2_20210515T221316.fits,5/15/21 22:13,54.819569,49.7312,0,2459350.421,-0.6855,2.00E-04
neidL2_20210515T221143.fits,5/15/21 22:11,54.787224,50.0562,0,2459350.42,-0.6841,2.00E-04
neidL2_20210515T221009.fits,5/15/21 22:10,54.842893,50.3839,0,2459350.419,-0.684,2.00E-04
neidL2_20210515T220835.fits,5/15/21 22:08,54.80837,50.7114,0,2459350.418,-0.6853,2.00E-04
neidL2_20210515T220703.fits,5/15/21 22:07,54.836678,51.0356,0,2459350.417,-0.6837,2.00E-04
neidL2_20210515T220529.fits,5/15/21 22:05,54.815724,51.3629,0,2459350.416,-0.6834,2.00E-04
neidL2_20210515T220355.fits,5/15/21 22:03,54.818243,51.6882,0,2459350.415,-0.6851,2.00E-04
neidL2_20210515T220222.fits,5/15/21 22:02,54.845469,52.0148,0,2459350.414,-0.6851,2.00E-04
neidL2_20210515T220048.fits,5/15/21 22:00,54.826589,52.3396,0,2459350.413,-0.684,2.00E-04
neidL2_20210515T215915.fits,5/15/21 21:59,54.818944,52.6646,0,2459350.411,-0.6839,2.00E-04
neidL2_20210515T215741.fits,5/15/21 21:57,54.849525,52.9887,0,2459350.41,-0.6859,2.00E-04
neidL2_20210515T215608.fits,5/15/21 21:56,54.828744,53.3136,0,2459350.409,-0.6842,2.00E-04
neidL2_20210515T215434.fits,5/15/21 21:54,54.828902,53.6367,0,2459350.408,-0.6828,2.00E-04
neidL2_20210515T215301.fits,5/15/21 21:53,54.798156,53.96,0,2459350.407,-0.6857,2.00E-04
neidL2_20210515T215127.fits,5/15/21 21:51,54.862006,54.285,0,2459350.406,-0.685,2.00E-04
neidL2_20210515T214954.fits,5/15/21 21:49,54.839076,54.6063,0,2459350.405,-0.6826,2.00E-04
neidL2_20210515T214821.fits,5/15/21 21:48,54.827462,54.9283,0,2459350.404,-0.6833,2.00E-04
neidL2_20210515T214647.fits,5/15/21 21:46,54.811527,55.2507,0,2459350.403,-0.6848,2.00E-04
neidL2_20210515T214514.fits,5/15/21 21:45,54.845494,55.5712,0,2459350.402,-0.6837,2.00E-04
neidL2_20210515T214341.fits,5/15/21 21:43,54.814058,55.8915,0,2459350.401,-0.6836,2.00E-04
neidL2_20210515T214208.fits,5/15/21 21:42,54.830232,56.21,0,2459350.4,-0.6838,2.00E-04
neidL2_20210515T214035.fits,5/15/21 21:40,54.80679,56.53,0,2459350.398,-0.6842,2.00E-04
neidL2_20210515T213902.fits,5/15/21 21:39,54.811247,56.8496,0,2459350.397,-0.685,2.00E-04
neidL2_20210515T213728.fits,5/15/21 21:37,54.882738,57.1682,0,2459350.396,-0.6844,2.00E-04
neidL2_20210515T213555.fits,5/15/21 21:35,54.834265,57.4862,0,2459350.395,-0.6842,2.00E-04
neidL2_20210515T213422.fits,5/15/21 21:34,54.83915,57.803,0,2459350.394,-0.6846,2.00E-04
neidL2_20210515T213249.fits,5/15/21 21:32,54.823667,58.119,0,2459350.393,-0.6838,2.00E-04
neidL2_20210515T213116.fits,5/15/21 21:31,54.819295,58.4363,0,2459350.392,-0.6849,2.00E-04
neidL2_20210515T212816.fits,5/15/21 21:28,54.845255,59.0472,0,2459350.39,-0.6846,2.00E-04
neidL2_20210515T212642.fits,5/15/21 21:26,54.815454,59.3628,0,2459350.389,-0.6836,2.00E-04
neidL2_20210515T212509.fits,5/15/21 21:25,54.826097,59.6768,0,2459350.388,-0.6833,2.00E-04
neidL2_20210515T212336.fits,5/15/21 21:23,54.848567,59.9907,0,2459350.387,-0.684,2.00E-04
neidL2_20210515T212203.fits,5/15/21 21:22,54.846771,60.3024,0,2459350.386,-0.6843,2.00E-04
neidL2_20210515T212029.fits,5/15/21 21:20,54.840404,60.6157,0,2459350.385,-0.6847,2.00E-04
neidL2_20210515T211856.fits,5/15/21 21:18,54.854602,60.9277,0,2459350.383,-0.6836,2.00E-04
neidL2_20210515T211722.fits,5/15/21 21:17,54.844874,61.2392,0,2459350.382,-0.684,2.00E-04
neidL2_20210515T211549.fits,5/15/21 21:15,54.828862,61.5498,0,2459350.381,-0.6844,2.00E-04
neidL2_20210515T211415.fits,5/15/21 21:14,54.839512,61.86,0,2459350.38,-0.6832,2.00E-04
neidL2_20210515T211242.fits,5/15/21 21:12,54.845984,62.1698,0,2459350.379,-0.6847,2.00E-04
neidL2_20210515T211108.fits,5/15/21 21:11,54.839361,62.477,0,2459350.378,-0.6838,2.00E-04
neidL2_20210515T210935.fits,5/15/21 21:09,54.849335,62.7834,0,2459350.377,-0.6826,2.00E-04
neidL2_20210515T210802.fits,5/15/21 21:08,54.822957,63.0893,0,2459350.376,-0.6847,2.00E-04
neidL2_20210515T210629.fits,5/15/21 21:06,54.83494,63.3939,0,2459350.375,-0.6844,2.00E-04
neidL2_20210515T210456.fits,5/15/21 21:04,54.837918,63.6964,0,2459350.374,-0.6828,2.00E-04
neidL2_20210515T210322.fits,5/15/21 21:03,54.830942,63.9985,0,2459350.373,-0.6836,2.00E-04
neidL2_20210515T210149.fits,5/15/21 21:01,54.848112,64.3001,0,2459350.372,-0.6846,2.00E-04
neidL2_20210515T210016.fits,5/15/21 21:00,54.869448,64.6006,0,2459350.37,-0.6832,2.00E-04
neidL2_20210515T205837.fits,5/15/21 20:58,54.827201,64.9187,0,2459350.369,-0.6838,2.00E-04
neidL2_20210515T205703.fits,5/15/21 20:57,54.844886,65.216,0,2459350.368,-0.6832,2.00E-04
neidL2_20210515T205530.fits,5/15/21 20:55,54.813589,65.5124,0,2459350.367,-0.6841,2.00E-04
neidL2_20210515T205357.fits,5/15/21 20:53,54.838894,65.8067,0,2459350.366,-0.6839,2.00E-04
neidL2_20210515T205224.fits,5/15/21 20:52,54.833441,66.1011,0,2459350.365,-0.6833,2.00E-04
neidL2_20210515T205050.fits,5/15/21 20:50,54.823202,66.3943,0,2459350.364,-0.6842,2.00E-04
neidL2_20210515T204917.fits,5/15/21 20:49,54.83217,66.6865,0,2459350.363,-0.6839,2.00E-04
neidL2_20210515T204743.fits,5/15/21 20:47,54.853955,66.9773,0,2459350.362,-0.6831,2.00E-04
neidL2_20210515T204609.fits,5/15/21 20:46,54.847161,67.2656,0,2459350.361,-0.6833,2.00E-04
neidL2_20210515T204436.fits,5/15/21 20:44,54.854629,67.5531,0,2459350.36,-0.6839,2.00E-04
neidL2_20210515T204302.fits,5/15/21 20:43,54.797794,67.8371,0,2459350.359,-0.6837,2.00E-04
neidL2_20210515T204129.fits,5/15/21 20:41,54.824423,68.1211,0,2459350.357,-0.6841,2.00E-04
neidL2_20210515T203955.fits,5/15/21 20:39,54.878767,68.4009,0,2459350.356,-0.6827,2.00E-04
neidL2_20210515T203822.fits,5/15/21 20:38,54.834948,68.68,0,2459350.355,-0.6829,2.00E-04
neidL2_20210515T203649.fits,5/15/21 20:36,54.828887,68.9571,0,2459350.354,-0.6827,2.00E-04
neidL2_20210515T203515.fits,5/15/21 20:35,54.826121,69.2311,0,2459350.353,-0.6832,2.00E-04
neidL2_20210515T203342.fits,5/15/21 20:33,54.828699,69.5043,0,2459350.352,-0.6834,2.00E-04
neidL2_20210515T203208.fits,5/15/21 20:32,54.861021,69.7739,0,2459350.351,-0.6827,2.00E-04
neidL2_20210515T203035.fits,5/15/21 20:30,54.818949,70.0423,0,2459350.35,-0.6831,2.00E-04
neidL2_20210515T202902.fits,5/15/21 20:29,54.815913,70.3072,0,2459350.349,-0.6835,2.00E-04
neidL2_20210515T202728.fits,5/15/21 20:27,54.876202,70.5699,0,2459350.348,-0.6827,2.00E-04
neidL2_20210515T202555.fits,5/15/21 20:25,54.841133,70.8293,0,2459350.347,-0.6833,2.00E-04
neidL2_20210515T202422.fits,5/15/21 20:24,54.857803,71.086,0,2459350.346,-0.6836,2.00E-04
neidL2_20210515T202249.fits,5/15/21 20:22,54.800723,71.3388,0,2459350.344,-0.6822,2.00E-04
neidL2_20210515T202115.fits,5/15/21 20:21,54.834335,71.5902,0,2459350.343,-0.6837,2.00E-04
neidL2_20210515T201942.fits,5/15/21 20:19,54.775767,71.8366,0,2459350.342,-0.6833,2.00E-04
neidL2_20210515T201808.fits,5/15/21 20:18,54.82808,72.0815,0,2459350.341,-0.6827,2.00E-04
neidL2_20210515T201635.fits,5/15/21 20:16,54.850128,72.3223,0,2459350.34,-0.6836,2.00E-04
neidL2_20210515T201502.fits,5/15/21 20:15,54.823215,72.5593,0,2459350.339,-0.6838,2.00E-04
neidL2_20210515T201328.fits,5/15/21 20:13,54.812542,72.7925,0,2459350.338,-0.6827,2.00E-04
neidL2_20210515T201155.fits,5/15/21 20:11,54.833186,73.0217,0,2459350.337,-0.6833,2.00E-04
neidL2_20210515T201021.fits,5/15/21 20:10,54.811598,73.2475,0,2459350.336,-0.6838,2.00E-04
neidL2_20210515T200847.fits,5/15/21 20:08,54.833089,73.47,0,2459350.335,-0.6832,2.00E-04
neidL2_20210515T200713.fits,5/15/21 20:07,54.825584,73.6867,0,2459350.334,-0.683,2.00E-04
neidL2_20210515T200540.fits,5/15/21 20:05,54.83376,73.8987,0,2459350.333,-0.683,2.00E-04
neidL2_20210515T200407.fits,5/15/21 20:04,54.821166,74.1051,0,2459350.331,-0.6834,2.00E-04
neidL2_20210515T200233.fits,5/15/21 20:02,54.838226,74.3066,0,2459350.33,-0.6832,2.00E-04
neidL2_20210515T200100.fits,5/15/21 20:01,54.849541,74.503,0,2459350.329,-0.6828,2.00E-04
neidL2_20210515T195926.fits,5/15/21 19:59,54.826127,74.6961,0,2459350.328,-0.6833,2.00E-04
neidL2_20210515T195752.fits,5/15/21 19:57,54.812686,74.8813,0,2459350.327,-0.6832,2.00E-04
neidL2_20210515T195619.fits,5/15/21 19:56,54.80997,75.0608,0,2459350.326,-0.6839,2.00E-04
neidL2_20210515T195445.fits,5/15/21 19:54,54.812399,75.2346,0,2459350.325,-0.683,2.00E-04
neidL2_20210515T195145.fits,5/15/21 19:51,54.810779,75.5512,0,2459350.323,-0.683,2.00E-04
neidL2_20210515T195011.fits,5/15/21 19:50,54.832655,75.7053,0,2459350.322,-0.6829,2.00E-04
neidL2_20210515T194838.fits,5/15/21 19:48,54.82708,75.8523,0,2459350.321,-0.6828,2.00E-04
neidL2_20210515T194704.fits,5/15/21 19:47,54.834468,75.9923,0,2459350.32,-0.682,2.00E-04
neidL2_20210515T194531.fits,5/15/21 19:45,54.845566,76.1246,0,2459350.319,-0.6818,2.00E-04
neidL2_20210515T194358.fits,5/15/21 19:43,54.820279,76.2494,0,2459350.317,-0.6824,2.00E-04
neidL2_20210515T194224.fits,5/15/21 19:42,54.819108,76.3664,0,2459350.316,-0.6827,2.00E-04
neidL2_20210515T194051.fits,5/15/21 19:40,54.818268,76.4754,0,2459350.315,-0.6824,2.00E-04
neidL2_20210515T193918.fits,5/15/21 19:39,54.824076,76.5761,0,2459350.314,-0.6816,2.00E-04
neidL2_20210515T193745.fits,5/15/21 19:37,54.820943,76.6684,0,2459350.313,-0.6825,2.00E-04
neidL2_20210515T193611.fits,5/15/21 19:36,54.828144,76.7523,0,2459350.312,-0.6826,2.00E-04
neidL2_20210515T193437.fits,5/15/21 19:34,54.832604,76.8276,0,2459350.311,-0.6832,2.00E-04
neidL2_20210515T193304.fits,5/15/21 19:33,54.811124,76.8937,0,2459350.31,-0.6812,2.00E-04
neidL2_20210515T193131.fits,5/15/21 19:31,54.829098,76.9507,0,2459350.309,-0.6821,2.00E-04
neidL2_20210515T192958.fits,5/15/21 19:29,54.822767,76.9984,0,2459350.308,-0.6835,2.00E-04
neidL2_20210515T192824.fits,5/15/21 19:28,54.8304,77.037,0,2459350.307,-0.6821,2.00E-04
neidL2_20210515T192651.fits,5/15/21 19:26,54.847885,77.0663,0,2459350.306,-0.6811,2.00E-04
neidL2_20210515T192518.fits,5/15/21 19:25,54.819033,77.0861,0,2459350.305,-0.6824,2.00E-04
neidL2_20210515T192345.fits,5/15/21 19:23,54.778807,77.0965,0,2459350.303,-0.6827,2.00E-04
neidL2_20210515T192211.fits,5/15/21 19:22,54.82449,77.0975,0,2459350.302,-0.6821,2.00E-04
neidL2_20210515T192038.fits,5/15/21 19:20,54.800841,77.0889,0,2459350.301,-0.6815,2.00E-04
neidL2_20210515T191904.fits,5/15/21 19:19,54.806815,77.0708,0,2459350.3,-0.6827,2.00E-04
neidL2_20210515T191730.fits,5/15/21 19:17,54.77693,77.0433,0,2459350.299,-0.6825,2.00E-04
neidL2_20210515T191557.fits,5/15/21 19:15,54.830331,77.0064,0,2459350.298,-0.6826,2.00E-04
neidL2_20210515T191424.fits,5/15/21 19:14,54.779061,76.9604,0,2459350.297,-0.683,2.00E-04
neidL2_20210515T191250.fits,5/15/21 19:12,54.816675,76.905,0,2459350.296,-0.6811,2.00E-04
neidL2_20210515T191117.fits,5/15/21 19:11,54.785873,76.8404,0,2459350.295,-0.6815,2.00E-04
neidL2_20210515T190943.fits,5/15/21 19:09,54.821985,76.7666,0,2459350.294,-0.683,2.00E-04
neidL2_20210515T190809.fits,5/15/21 19:08,54.749447,76.6845,0,2459350.293,-0.6813,2.00E-04
neidL2_20210515T190636.fits,5/15/21 19:06,54.82984,76.5935,0,2459350.292,-0.6802,2.00E-04
neidL2_20210515T190503.fits,5/15/21 19:05,54.745686,76.4942,0,2459350.29,-0.683,2.00E-04
neidL2_20210515T190329.fits,5/15/21 19:03,54.829554,76.3864,0,2459350.289,-0.6822,2.00E-04
neidL2_20210515T190155.fits,5/15/21 19:01,54.749634,76.2696,0,2459350.288,-0.6798,2.00E-04
neidL2_20210515T190021.fits,5/15/21 19:00,54.82507,76.1453,0,2459350.287,-0.6827,2.00E-04
neidL2_20210515T185848.fits,5/15/21 18:58,54.762689,76.0151,0,2459350.286,-0.683,2.00E-04
neidL2_20210515T185714.fits,5/15/21 18:57,54.793194,75.8758,0,2459350.285,-0.6811,2.00E-04
neidL2_20210515T185541.fits,5/15/21 18:55,54.732112,75.7291,0,2459350.284,-0.6813,2.00E-04
neidL2_20210515T185407.fits,5/15/21 18:54,54.852374,75.576,0,2459350.283,-0.683,2.00E-04
neidL2_20210515T185234.fits,5/15/21 18:52,54.795382,75.4161,0,2459350.282,-0.6828,2.00E-04
neidL2_20210515T185100.fits,5/15/21 18:51,54.848255,75.2501,0,2459350.281,-0.6812,2.00E-04
neidL2_20210515T184926.fits,5/15/21 18:49,54.782526,75.0765,0,2459350.28,-0.682,2.00E-04
neidL2_20210515T184753.fits,5/15/21 18:47,54.832652,74.8975,0,2459350.279,-0.6832,2.00E-04
neidL2_20210515T184620.fits,5/15/21 18:46,54.771527,74.714,0,2459350.277,-0.6804,2.00E-04
neidL2_20210515T184447.fits,5/15/21 18:44,54.871242,74.5246,0,2459350.276,-0.681,2.00E-04
neidL2_20210515T184314.fits,5/15/21 18:43,54.759383,74.3292,0,2459350.275,-0.6833,2.00E-04
neidL2_20210515T184141.fits,5/15/21 18:41,54.816262,74.128,0,2459350.274,-0.6821,2.00E-04
neidL2_20210515T184007.fits,5/15/21 18:40,54.777486,73.922,0,2459350.273,-0.6806,2.00E-04
neidL2_20210515T183835.fits,5/15/21 18:38,54.847599,73.712,0,2459350.272,-0.6808,2.00E-04
neidL2_20210515T183702.fits,5/15/21 18:37,54.772681,73.4973,0,2459350.271,-0.6828,2.00E-04
neidL2_20210515T183529.fits,5/15/21 18:35,54.826921,73.2782,0,2459350.27,-0.6818,2.00E-04
neidL2_20210515T183355.fits,5/15/21 18:33,54.779004,73.053,0,2459350.269,-0.6801,2.00E-04
neidL2_20210515T183221.fits,5/15/21 18:32,54.822705,72.823,0,2459350.268,-0.683,2.00E-04
neidL2_20210515T183048.fits,5/15/21 18:30,54.744912,72.5898,0,2459350.267,-0.6808,2.00E-04
neidL2_20210515T182914.fits,5/15/21 18:29,54.82425,72.3532,0,2459350.266,-0.6787,2.00E-04
neidL2_20210515T182741.fits,5/15/21 18:27,54.756312,72.1123,0,2459350.265,-0.682,2.00E-04
neidL2_20210515T182607.fits,5/15/21 18:26,54.828651,71.8685,0,2459350.263,-0.6808,2.00E-04
neidL2_20210515T182434.fits,5/15/21 18:24,54.750342,71.6211,0,2459350.262,-0.6801,2.00E-04
neidL2_20210515T182300.fits,5/15/21 18:23,54.83091,71.3698,0,2459350.261,-0.6815,2.00E-04
neidL2_20210515T182127.fits,5/15/21 18:21,54.755661,71.1174,0,2459350.26,-0.6813,2.00E-04
neidL2_20210515T181953.fits,5/15/21 18:19,54.838203,70.8601,0,2459350.259,-0.6811,2.00E-04
neidL2_20210515T181820.fits,5/15/21 18:18,54.772482,70.6005,0,2459350.258,-0.6815,2.00E-04
neidL2_20210515T181341.fits,5/15/21 18:13,54.827511,69.8098,0,2459350.255,-0.6812,2.00E-04
neidL2_20210515T181208.fits,5/15/21 18:12,54.740827,69.5403,0,2459350.254,-0.6817,2.00E-04
neidL2_20210515T181034.fits,5/15/21 18:10,54.862797,69.2673,0,2459350.253,-0.681,2.00E-04
neidL2_20210515T180900.fits,5/15/21 18:09,54.781531,68.9921,0,2459350.252,-0.6814,2.00E-04
neidL2_20210515T180727.fits,5/15/21 18:07,54.855644,68.7166,0,2459350.25,-0.6806,2.00E-04
neidL2_20210515T180554.fits,5/15/21 18:05,54.768731,68.4377,0,2459350.249,-0.6816,2.00E-04
neidL2_20210515T180421.fits,5/15/21 18:04,54.834969,68.1586,0,2459350.248,-0.6815,2.00E-04
neidL2_20210515T180248.fits,5/15/21 18:02,54.760285,67.8759,0,2459350.247,-0.6805,2.00E-04
neidL2_20210515T180114.fits,5/15/21 18:01,54.825861,67.5913,0,2459350.246,-0.6808,2.00E-04
neidL2_20210515T175941.fits,5/15/21 17:59,54.747001,67.3046,0,2459350.245,-0.6809,2.00E-04
neidL2_20210515T175807.fits,5/15/21 17:58,54.833586,67.0154,0,2459350.244,-0.6795,2.00E-04
neidL2_20210515T175633.fits,5/15/21 17:56,54.77461,66.7256,0,2459350.243,-0.6808,2.00E-04
neidL2_20210515T175500.fits,5/15/21 17:55,54.847439,66.4341,0,2459350.242,-0.6811,2.00E-04
neidL2_20210515T175327.fits,5/15/21 17:53,54.766785,66.1422,0,2459350.241,-0.6792,2.00E-04
neidL2_20210515T175153.fits,5/15/21 17:51,54.803298,65.8473,0,2459350.24,-0.6803,2.00E-04
neidL2_20210515T175020.fits,5/15/21 17:50,54.744417,65.5516,0,2459350.239,-0.6815,2.00E-04
neidL2_20210515T174846.fits,5/15/21 17:48,54.823886,65.2535,0,2459350.237,-0.6795,2.00E-04
neidL2_20210515T174712.fits,5/15/21 17:47,54.765874,64.9552,0,2459350.236,-0.6795,2.00E-04
neidL2_20210515T174539.fits,5/15/21 17:45,54.825634,64.6555,0,2459350.235,-0.6814,2.00E-04
neidL2_20210515T174405.fits,5/15/21 17:44,54.793434,64.3548,0,2459350.234,-0.6802,2.00E-04
neidL2_20210515T174232.fits,5/15/21 17:42,54.823589,64.0527,0,2459350.233,-0.679,2.00E-04
neidL2_20210515T174059.fits,5/15/21 17:40,54.769473,63.751,0,2459350.232,-0.68,2.00E-04
neidL2_20210515T173925.fits,5/15/21 17:39,54.879918,63.4464,0,2459350.231,-0.6807,2.00E-04
neidL2_20210515T173752.fits,5/15/21 17:37,54.773643,63.1409,0,2459350.23,-0.6802,2.00E-04
neidL2_20210515T173618.fits,5/15/21 17:36,54.804998,62.8353,0,2459350.229,-0.6797,2.00E-04
neidL2_20210515T173445.fits,5/15/21 17:34,54.761065,62.528,0,2459350.228,-0.6795,2.00E-04
neidL2_20210515T173312.fits,5/15/21 17:33,54.807581,62.221,0,2459350.227,-0.6802,2.00E-04
neidL2_20210515T173138.fits,5/15/21 17:31,54.774052,61.9115,0,2459350.226,-0.6806,2.00E-04
neidL2_20210515T173004.fits,5/15/21 17:30,54.826784,61.6002,0,2459350.225,-0.6801,2.00E-04
neidL2_20210515T172831.fits,5/15/21 17:28,54.793736,61.2905,0,2459350.223,-0.6799,2.00E-04
neidL2_20210515T172657.fits,5/15/21 17:26,54.823947,60.9794,0,2459350.222,-0.6797,2.00E-04
neidL2_20210515T172524.fits,5/15/21 17:25,54.780247,60.6679,0,2459350.221,-0.6809,2.00E-04
neidL2_20210515T172351.fits,5/15/21 17:23,54.848226,60.3548,0,2459350.22,-0.6811,2.00E-04
neidL2_20210515T172217.fits,5/15/21 17:22,54.774945,60.0415,0,2459350.219,-0.681,2.00E-04
neidL2_20210515T172044.fits,5/15/21 17:20,54.793057,59.7261,0,2459350.218,-0.6818,2.00E-04
neidL2_20210515T171910.fits,5/15/21 17:19,54.776577,59.4108,0,2459350.217,-0.6813,2.00E-04
neidL2_20210515T171736.fits,5/15/21 17:17,54.824434,59.0942,0,2459350.216,-0.6822,2.00E-04
neidL2_20210515T171603.fits,5/15/21 17:16,54.691034,58.7785,0,2459350.215,-0.6823,2.00E-04
neidL2_20210515T171429.fits,5/15/21 17:14,54.822133,58.4614,0,2459350.214,-0.6832,2.00E-04
neidL2_20210515T171256.fits,5/15/21 17:12,54.78486,58.1452,0,2459350.213,-0.6827,2.00E-04
neidL2_20210515T171123.fits,5/15/21 17:11,54.828991,57.8267,0,2459350.212,-0.6815,2.00E-04
neidL2_20210515T170949.fits,5/15/21 17:09,54.789701,57.5082,0,2459350.21,-0.6819,2.00E-04
neidL2_20210515T170816.fits,5/15/21 17:08,54.848766,57.1891,0,2459350.209,-0.6807,2.00E-04
neidL2_20210515T170643.fits,5/15/21 17:06,54.824541,56.8702,0,2459350.208,-0.6799,2.00E-04
neidL2_20210515T170509.fits,5/15/21 17:05,54.826195,56.5513,0,2459350.207,-0.6809,2.00E-04
neidL2_20210515T170336.fits,5/15/21 17:03,54.757187,56.2314,0,2459350.206,-0.6807,2.00E-04
neidL2_20210515T170203.fits,5/15/21 17:02,54.84636,55.911,0,2459350.205,-0.6798,2.00E-04
neidL2_20210515T170029.fits,5/15/21 17:00,54.784554,55.5897,0,2459350.204,-0.6819,2.00E-04
neidL2_20210515T165856.fits,5/15/21 16:58,54.848121,55.2661,0,2459350.203,-0.6815,2.00E-04
neidL2_20210515T165722.fits,5/15/21 16:57,54.802482,54.9443,0,2459350.202,-0.6797,2.00E-04
neidL2_20210515T165549.fits,5/15/21 16:55,54.827585,54.6226,0,2459350.201,-0.6808,2.00E-04
neidL2_20210515T165416.fits,5/15/21 16:54,54.795459,54.3,0,2459350.2,-0.6806,2.00E-04
neidL2_20210515T165242.fits,5/15/21 16:52,54.825925,53.9776,0,2459350.199,-0.6802,2.00E-04
neidL2_20210515T165110.fits,5/15/21 16:51,54.784178,53.6568,0,2459350.197,-0.6801,2.00E-04
neidL2_20210515T164936.fits,5/15/21 16:49,54.826965,53.331,0,2459350.196,-0.68,2.00E-04
neidL2_20210515T164803.fits,5/15/21 16:48,54.771441,53.0071,0,2459350.195,-0.6804,2.00E-04
neidL2_20210515T164629.fits,5/15/21 16:46,54.839914,52.6834,0,2459350.194,-0.6799,2.00E-04
neidL2_20210515T164456.fits,5/15/21 16:44,54.790368,52.3597,0,2459350.193,-0.6799,2.00E-04
neidL2_20210515T164322.fits,5/15/21 16:43,54.833662,52.0323,0,2459350.192,-0.6811,2.00E-04
neidL2_20210515T164149.fits,5/15/21 16:41,54.780076,51.7075,0,2459350.191,-0.6805,2.00E-04
neidL2_20210515T164015.fits,5/15/21 16:40,54.827247,51.3812,0,2459350.19,-0.6801,2.00E-04
neidL2_20210514T222848.fits,5/14/21 22:28,54.834337,46.3526,0,2459349.432,-0.6408,2.00E-04
neidL2_20210514T222714.fits,5/14/21 22:27,54.814632,46.6819,0,2459349.431,-0.6413,2.00E-04
neidL2_20210514T222541.fits,5/14/21 22:25,54.825105,47.0104,0,2459349.43,-0.6408,2.00E-04
neidL2_20210514T222407.fits,5/14/21 22:24,54.839208,47.3385,0,2459349.429,-0.6398,2.00E-04
neidL2_20210514T222233.fits,5/14/21 22:22,54.827853,47.6669,0,2459349.428,-0.6405,2.00E-04
neidL2_20210514T222100.fits,5/14/21 22:21,54.844566,47.9942,0,2459349.427,-0.6405,2.00E-04
neidL2_20210514T221927.fits,5/14/21 22:19,54.812084,48.3224,0,2459349.425,-0.6408,2.00E-04
neidL2_20210514T221753.fits,5/14/21 22:17,54.839307,48.6487,0,2459349.424,-0.6407,2.00E-04
neidL2_20210514T221620.fits,5/14/21 22:16,54.825274,48.9759,0,2459349.423,-0.6397,2.00E-04
neidL2_20210514T221446.fits,5/14/21 22:14,54.838032,49.3033,0,2459349.422,-0.6403,2.00E-04
neidL2_20210514T221313.fits,5/14/21 22:13,54.78853,49.6294,0,2459349.421,-0.6402,2.00E-04
neidL2_20210514T220943.fits,5/14/21 22:09,54.854383,50.3635,0,2459349.419,-0.6407,2.00E-04
neidL2_20210514T220810.fits,5/14/21 22:08,54.844915,50.6893,0,2459349.418,-0.6404,2.00E-04
neidL2_20210514T220636.fits,5/14/21 22:06,54.850021,51.0154,0,2459349.417,-0.6417,2.00E-04
neidL2_20210514T220503.fits,5/14/21 22:05,54.854438,51.3411,0,2459349.415,-0.6408,2.00E-04
neidL2_20210514T220329.fits,5/14/21 22:03,54.804794,51.666,0,2459349.414,-0.6398,2.00E-04
neidL2_20210514T220156.fits,5/14/21 22:01,54.815927,51.9918,0,2459349.413,-0.6419,2.00E-04
neidL2_20210514T220022.fits,5/14/21 22:00,54.799061,52.3175,0,2459349.412,-0.6409,2.00E-04
neidL2_20210514T215848.fits,5/14/21 21:58,54.817523,52.6435,0,2459349.411,-0.6395,2.00E-04
neidL2_20210514T215714.fits,5/14/21 21:57,54.826526,52.9692,0,2459349.41,-0.6398,2.00E-04
neidL2_20210514T215540.fits,5/14/21 21:55,54.817724,53.2936,0,2459349.409,-0.6415,2.00E-04
neidL2_20210514T215407.fits,5/14/21 21:54,54.809373,53.6181,0,2459349.408,-0.6405,2.00E-04
neidL2_20210514T215233.fits,5/14/21 21:52,54.827031,53.9404,0,2459349.407,-0.6398,2.00E-04
neidL2_20210514T215100.fits,5/14/21 21:51,54.823004,54.2636,0,2459349.406,-0.6413,2.00E-04
neidL2_20210514T214926.fits,5/14/21 21:49,54.853948,54.5865,0,2459349.405,-0.6406,2.00E-04
neidL2_20210514T214753.fits,5/14/21 21:47,54.825497,54.9064,0,2459349.404,-0.6385,2.00E-04
neidL2_20210514T214620.fits,5/14/21 21:46,54.791709,55.2279,0,2459349.402,-0.641,2.00E-04
neidL2_20210514T214447.fits,5/14/21 21:44,54.799696,55.5482,0,2459349.401,-0.6402,2.00E-04
neidL2_20210514T214313.fits,5/14/21 21:43,54.843798,55.8691,0,2459349.4,-0.6394,2.00E-04
neidL2_20210514T214140.fits,5/14/21 21:41,54.845206,56.1883,0,2459349.399,-0.6397,2.00E-04
neidL2_20210514T214007.fits,5/14/21 21:40,54.810968,56.508,0,2459349.398,-0.6398,2.00E-04
neidL2_20210514T213833.fits,5/14/21 21:38,54.842893,56.8274,0,2459349.397,-0.6401,2.00E-04
neidL2_20210514T213700.fits,5/14/21 21:37,54.838381,57.1456,0,2459349.396,-0.6389,2.00E-04
neidL2_20210514T213526.fits,5/14/21 21:35,54.868252,57.4636,0,2459349.395,-0.6396,2.00E-04
neidL2_20210514T213354.fits,5/14/21 21:33,54.841258,57.7795,0,2459349.394,-0.6412,2.00E-04
neidL2_20210514T213221.fits,5/14/21 21:32,54.849064,58.0952,0,2459349.393,-0.6396,2.00E-04
neidL2_20210514T213047.fits,5/14/21 21:30,54.867028,58.4107,0,2459349.392,-0.6389,2.00E-04
neidL2_20210514T212915.fits,5/14/21 21:29,54.854841,58.7246,0,2459349.391,-0.641,2.00E-04
neidL2_20210514T212741.fits,5/14/21 21:27,54.850546,59.04,0,2459349.39,-0.6403,2.00E-04
neidL2_20210514T212608.fits,5/14/21 21:26,54.813405,59.3542,0,2459349.388,-0.6386,2.00E-04
neidL2_20210514T212434.fits,5/14/21 21:24,54.849571,59.6677,0,2459349.387,-0.6401,2.00E-04
neidL2_20210514T212301.fits,5/14/21 21:23,54.800443,59.9804,0,2459349.386,-0.6408,2.00E-04
neidL2_20210514T212127.fits,5/14/21 21:21,54.861449,60.2942,0,2459349.385,-0.6402,2.00E-04
neidL2_20210514T211954.fits,5/14/21 21:19,54.787274,60.6067,0,2459349.384,-0.6401,2.00E-04
neidL2_20210514T211820.fits,5/14/21 21:18,54.850058,60.9177,0,2459349.383,-0.64,2.00E-04
neidL2_20210514T211647.fits,5/14/21 21:16,54.84186,61.2274,0,2459349.382,-0.6406,2.00E-04
neidL2_20210514T211514.fits,5/14/21 21:15,54.842962,61.5352,0,2459349.381,-0.6399,2.00E-04
neidL2_20210514T211341.fits,5/14/21 21:13,54.842331,61.8431,0,2459349.38,-0.641,2.00E-04
neidL2_20210514T211208.fits,5/14/21 21:12,54.819334,62.1506,0,2459349.379,-0.6402,2.00E-04
neidL2_20210514T211034.fits,5/14/21 21:10,54.835764,62.4583,0,2459349.378,-0.6388,2.00E-04
neidL2_20210514T210901.fits,5/14/21 21:09,54.823785,62.762,0,2459349.377,-0.6407,2.00E-04
neidL2_20210514T210727.fits,5/14/21 21:07,54.851649,63.0686,0,2459349.375,-0.6399,2.00E-04
neidL2_20210514T210554.fits,5/14/21 21:05,54.808982,63.3721,0,2459349.374,-0.6395,2.00E-04
neidL2_20210514T210420.fits,5/14/21 21:04,54.81311,63.6759,0,2459349.373,-0.6409,2.00E-04
neidL2_20210514T210247.fits,5/14/21 21:02,54.839485,63.9755,0,2459349.372,-0.6396,2.00E-04
neidL2_20210514T210114.fits,5/14/21 21:01,54.759629,64.2754,0,2459349.371,-0.64,2.00E-04
neidL2_20210514T205940.fits,5/14/21 20:59,54.831148,64.5755,0,2459349.37,-0.6404,2.00E-04
neidL2_20210514T205806.fits,5/14/21 20:58,54.844465,64.8748,0,2459349.369,-0.6399,2.00E-04
neidL2_20210514T205633.fits,5/14/21 20:56,54.830928,65.1714,0,2459349.368,-0.6394,2.00E-04
neidL2_20210514T205500.fits,5/14/21 20:55,54.816836,65.467,0,2459349.367,-0.64,2.00E-04
neidL2_20210514T205326.fits,5/14/21 20:53,54.825125,65.7612,0,2459349.366,-0.641,2.00E-04
neidL2_20210514T205153.fits,5/14/21 20:51,54.859914,66.0531,0,2459349.365,-0.6387,2.00E-04
neidL2_20210514T205019.fits,5/14/21 20:50,54.822957,66.3445,0,2459349.364,-0.6391,2.00E-04
neidL2_20210514T204846.fits,5/14/21 20:48,54.82729,66.6351,0,2459349.362,-0.6409,2.00E-04
neidL2_20210514T204712.fits,5/14/21 20:47,54.833337,66.9231,0,2459349.361,-0.6398,2.00E-04
neidL2_20210514T204539.fits,5/14/21 20:45,54.846582,67.2095,0,2459349.36,-0.6375,2.00E-04
neidL2_20210514T204405.fits,5/14/21 20:44,54.812718,67.494,0,2459349.359,-0.6395,2.00E-04
neidL2_20210514T204232.fits,5/14/21 20:42,54.823552,67.775,0,2459349.358,-0.6413,2.00E-04
neidL2_20210514T204059.fits,5/14/21 20:40,54.829939,68.0559,0,2459349.357,-0.6399,2.00E-04
neidL2_20210514T203926.fits,5/14/21 20:39,54.815306,68.3343,0,2459349.356,-0.6394,2.00E-04
neidL2_20210514T203752.fits,5/14/21 20:37,54.836167,68.6106,0,2459349.355,-0.6401,2.00E-04
neidL2_20210514T203619.fits,5/14/21 20:36,54.818998,68.8859,0,2459349.354,-0.6397,2.00E-04
neidL2_20210514T203338.fits,5/14/21 20:33,54.827192,69.353,0,2459349.352,-0.6404,2.00E-04
neidL2_20210514T203205.fits,5/14/21 20:32,54.82656,69.6217,0,2459349.351,-0.64,2.00E-04
neidL2_20210514T203031.fits,5/14/21 20:30,54.817914,69.8884,0,2459349.35,-0.6396,2.00E-04
neidL2_20210514T202858.fits,5/14/21 20:28,54.773894,70.1522,0,2459349.349,-0.6408,2.00E-04
neidL2_20210514T202724.fits,5/14/21 20:27,54.809377,70.4135,0,2459349.348,-0.6403,2.00E-04
neidL2_20210514T202550.fits,5/14/21 20:25,54.848225,70.6717,0,2459349.347,-0.6393,2.00E-04
neidL2_20210514T202417.fits,5/14/21 20:24,54.838601,70.9268,0,2459349.345,-0.6398,2.00E-04
neidL2_20210514T202244.fits,5/14/21 20:22,54.805896,71.1783,0,2459349.344,-0.6419,2.00E-04
neidL2_20210514T202110.fits,5/14/21 20:21,54.805935,71.4279,0,2459349.343,-0.6404,2.00E-04
neidL2_20210514T201936.fits,5/14/21 20:19,54.823433,71.6746,0,2459349.342,-0.64,2.00E-04
neidL2_20210514T201803.fits,5/14/21 20:18,54.849116,71.9167,0,2459349.341,-0.6412,2.00E-04
neidL2_20210514T201630.fits,5/14/21 20:16,54.829153,72.1545,0,2459349.34,-0.6419,2.00E-04
neidL2_20210514T201456.fits,5/14/21 20:14,54.88135,72.3899,0,2459349.339,-0.64,2.00E-04
neidL2_20210514T201323.fits,5/14/21 20:13,54.827232,72.6212,0,2459349.338,-0.64,2.00E-04
neidL2_20210514T201150.fits,5/14/21 20:11,54.803077,72.8468,0,2459349.337,-0.6415,2.00E-04
neidL2_20210514T201016.fits,5/14/21 20:10,54.853011,73.0701,0,2459349.336,-0.6397,2.00E-04
neidL2_20210514T200843.fits,5/14/21 20:08,54.81481,73.2881,0,2459349.335,-0.6399,2.00E-04
neidL2_20210514T200710.fits,5/14/21 20:07,54.824217,73.502,0,2459349.334,-0.641,2.00E-04
neidL2_20210514T200536.fits,5/14/21 20:05,54.78532,73.7116,0,2459349.333,-0.641,2.00E-04
neidL2_20210514T200403.fits,5/14/21 20:04,54.843913,73.9165,0,2459349.331,-0.6388,2.00E-04
neidL2_20210514T200229.fits,5/14/21 20:02,54.799425,74.1162,0,2459349.33,-0.6404,2.00E-04
neidL2_20210514T200056.fits,5/14/21 20:00,54.833934,74.3101,0,2459349.329,-0.6419,2.00E-04
neidL2_20210514T195922.fits,5/14/21 19:59,54.815835,74.4989,0,2459349.328,-0.6399,2.00E-04
neidL2_20210514T195749.fits,5/14/21 19:57,54.834187,74.681,0,2459349.327,-0.6395,2.00E-04
neidL2_20210514T195616.fits,5/14/21 19:56,54.835986,74.8581,0,2459349.326,-0.6412,2.00E-04
neidL2_20210514T195443.fits,5/14/21 19:54,54.782266,75.0288,0,2459349.325,-0.6414,2.00E-04
neidL2_20210514T195309.fits,5/14/21 19:53,54.796758,75.1934,0,2459349.324,-0.6399,2.00E-04
neidL2_20210514T195136.fits,5/14/21 19:51,54.858104,75.3511,0,2459349.323,-0.6405,2.00E-04
neidL2_20210514T195003.fits,5/14/21 19:50,54.800325,75.5032,0,2459349.322,-0.6415,2.00E-04
neidL2_20210514T194830.fits,5/14/21 19:48,54.816174,75.6474,0,2459349.321,-0.6407,2.00E-04
neidL2_20210514T194656.fits,5/14/21 19:46,54.832161,75.785,0,2459349.32,-0.6411,2.00E-04
neidL2_20210514T194522.fits,5/14/21 19:45,54.867981,75.9159,0,2459349.318,-0.6413,2.00E-04
neidL2_20210514T194348.fits,5/14/21 19:43,54.79395,76.0386,0,2459349.317,-0.6406,2.00E-04
neidL2_20210514T194215.fits,5/14/21 19:42,54.813998,76.1531,0,2459349.316,-0.6407,2.00E-04
neidL2_20210514T194041.fits,5/14/21 19:40,54.771705,76.2606,0,2459349.315,-0.6407,2.00E-04
neidL2_20210514T193908.fits,5/14/21 19:39,54.860155,76.3593,0,2459349.314,-0.6404,2.00E-04
neidL2_20210514T193734.fits,5/14/21 19:37,54.78605,76.4496,0,2459349.313,-0.6411,2.00E-04
neidL2_20210514T193601.fits,5/14/21 19:36,54.833242,76.5314,0,2459349.312,-0.6412,2.00E-04
neidL2_20210514T193427.fits,5/14/21 19:34,54.751932,76.6045,0,2459349.311,-0.6395,2.00E-04
neidL2_20210514T193253.fits,5/14/21 19:32,54.83049,76.6688,0,2459349.31,-0.6414,2.00E-04
neidL2_20210514T193120.fits,5/14/21 19:31,54.754657,76.7238,0,2459349.309,-0.6414,2.00E-04
neidL2_20210514T192947.fits,5/14/21 19:29,54.860606,76.7701,0,2459349.308,-0.64,2.00E-04
neidL2_20210514T192813.fits,5/14/21 19:28,54.806974,76.8071,0,2459349.307,-0.6408,2.00E-04
neidL2_20210514T192640.fits,5/14/21 19:26,54.823685,76.8349,0,2459349.305,-0.6417,2.00E-04
neidL2_20210514T192507.fits,5/14/21 19:25,54.770788,76.8533,0,2459349.304,-0.64,2.00E-04
neidL2_20210514T192334.fits,5/14/21 19:23,54.827106,76.8626,0,2459349.303,-0.6401,2.00E-04
neidL2_20210514T192200.fits,5/14/21 19:22,54.78494,76.8625,0,2459349.302,-0.6418,2.00E-04
neidL2_20210514T192027.fits,5/14/21 19:20,54.814387,76.8532,0,2459349.301,-0.64,2.00E-04
neidL2_20210514T191853.fits,5/14/21 19:18,54.804804,76.8343,0,2459349.3,-0.6395,2.00E-04
neidL2_20210514T191719.fits,5/14/21 19:17,54.817503,76.8062,0,2459349.299,-0.6412,2.00E-04
neidL2_20210514T191546.fits,5/14/21 19:15,54.806157,76.769,0,2459349.298,-0.6404,2.00E-04
neidL2_20210514T191413.fits,5/14/21 19:14,54.820826,76.7226,0,2459349.297,-0.6398,2.00E-04
neidL2_20210514T191240.fits,5/14/21 19:12,54.749365,76.6674,0,2459349.296,-0.6413,2.00E-04
neidL2_20210514T191106.fits,5/14/21 19:11,54.814984,76.603,0,2459349.295,-0.6399,2.00E-04
neidL2_20210514T190932.fits,5/14/21 19:09,54.797803,76.5294,0,2459349.294,-0.6397,2.00E-04
neidL2_20210514T190759.fits,5/14/21 19:07,54.802812,76.4475,0,2459349.292,-0.6404,2.00E-04
neidL2_20210514T190625.fits,5/14/21 19:06,54.750186,76.3569,0,2459349.291,-0.6401,2.00E-04
neidL2_20210514T190452.fits,5/14/21 19:04,54.825879,76.2579,0,2459349.29,-0.6402,2.00E-04
neidL2_20210514T190319.fits,5/14/21 19:03,54.770995,76.1514,0,2459349.289,-0.6407,2.00E-04
neidL2_20210514T190145.fits,5/14/21 19:01,54.815298,76.0365,0,2459349.288,-0.6399,2.00E-04
neidL2_20210514T190012.fits,5/14/21 19:00,54.772293,75.9139,0,2459349.287,-0.6397,2.00E-04
neidL2_20210514T185512.fits,5/14/21 18:55,54.85397,75.4706,0,2459349.284,-0.6402,2.00E-04
neidL2_20210514T185339.fits,5/14/21 18:53,54.775232,75.3179,0,2459349.283,-0.6406,2.00E-04
neidL2_20210514T185206.fits,5/14/21 18:52,54.845215,75.1582,0,2459349.281,-0.6412,2.00E-04
neidL2_20210514T185032.fits,5/14/21 18:50,54.765323,74.9926,0,2459349.28,-0.641,2.00E-04
neidL2_20210514T184859.fits,5/14/21 18:48,54.841653,74.82,0,2459349.279,-0.64,2.00E-04
neidL2_20210514T184726.fits,5/14/21 18:47,54.741532,74.6421,0,2459349.278,-0.6411,2.00E-04
neidL2_20210514T184553.fits,5/14/21 18:45,54.784691,74.4588,0,2459349.277,-0.6398,2.00E-04
neidL2_20210514T184419.fits,5/14/21 18:44,54.795643,74.2685,0,2459349.276,-0.6388,2.00E-04
neidL2_20210514T184246.fits,5/14/21 18:42,54.826193,74.0732,0,2459349.275,-0.6407,2.00E-04
neidL2_20210514T184112.fits,5/14/21 18:41,54.788878,73.872,0,2459349.274,-0.6401,2.00E-04
neidL2_20210514T183938.fits,5/14/21 18:39,54.828411,73.6657,0,2459349.273,-0.6399,2.00E-04
neidL2_20210514T183805.fits,5/14/21 18:38,54.76447,73.4562,0,2459349.272,-0.6394,2.00E-04
neidL2_20210514T183632.fits,5/14/21 18:36,54.80999,73.2405,0,2459349.271,-0.6391,2.00E-04
neidL2_20210514T183459.fits,5/14/21 18:34,54.716098,73.0214,0,2459349.27,-0.6401,2.00E-04
neidL2_20210514T183325.fits,5/14/21 18:33,54.79591,72.7981,0,2459349.268,-0.6401,2.00E-04
neidL2_20210514T183152.fits,5/14/21 18:31,54.772137,72.5704,0,2459349.267,-0.6395,2.00E-04
neidL2_20210514T183019.fits,5/14/21 18:30,54.823814,72.3394,0,2459349.266,-0.6402,2.00E-04
neidL2_20210514T182846.fits,5/14/21 18:28,54.793971,72.104,0,2459349.265,-0.6403,2.00E-04
neidL2_20210514T182712.fits,5/14/21 18:27,54.827983,71.8642,0,2459349.264,-0.6412,2.00E-04
neidL2_20210514T182539.fits,5/14/21 18:25,54.771915,71.6213,0,2459349.263,-0.6407,2.00E-04
neidL2_20210514T182405.fits,5/14/21 18:24,54.8653,71.374,0,2459349.262,-0.6395,2.00E-04
neidL2_20210514T182232.fits,5/14/21 18:22,54.77112,71.1252,0,2459349.261,-0.6406,2.00E-04
neidL2_20210514T182058.fits,5/14/21 18:20,54.833626,70.8716,0,2459349.26,-0.64,2.00E-04
neidL2_20210514T181924.fits,5/14/21 18:19,54.764843,70.6147,0,2459349.259,-0.6391,2.00E-04
neidL2_20210514T181751.fits,5/14/21 18:17,54.818829,70.3555,0,2459349.258,-0.6398,2.00E-04
neidL2_20210514T181617.fits,5/14/21 18:16,54.780597,70.0942,0,2459349.257,-0.6413,2.00E-04
neidL2_20210514T181444.fits,5/14/21 18:14,54.836693,69.8308,0,2459349.256,-0.6396,2.00E-04
neidL2_20210514T181311.fits,5/14/21 18:13,54.746866,69.5643,0,2459349.254,-0.6401,2.00E-04
neidL2_20210514T181137.fits,5/14/21 18:11,54.832174,69.2952,0,2459349.253,-0.6407,2.00E-04
neidL2_20210514T181004.fits,5/14/21 18:10,54.767597,69.0249,0,2459349.252,-0.6395,2.00E-04
neidL2_20210514T180831.fits,5/14/21 18:08,54.828262,68.751,0,2459349.251,-0.6405,2.00E-04
neidL2_20210514T180657.fits,5/14/21 18:06,54.756352,68.4746,0,2459349.25,-0.6406,2.00E-04
neidL2_20210514T180524.fits,5/14/21 18:05,54.823856,68.1964,0,2459349.249,-0.6394,2.00E-04
neidL2_20210514T180351.fits,5/14/21 18:03,54.798665,67.9176,0,2459349.248,-0.6404,2.00E-04
neidL2_20210514T180217.fits,5/14/21 18:02,54.816109,67.6356,0,2459349.247,-0.6401,2.00E-04
neidL2_20210514T180044.fits,5/14/21 18:00,54.779824,67.3531,0,2459349.246,-0.6397,2.00E-04
neidL2_20210514T175911.fits,5/14/21 17:59,54.829593,67.0672,0,2459349.245,-0.6413,2.00E-04
neidL2_20210514T175737.fits,5/14/21 17:57,54.772537,66.7797,0,2459349.244,-0.6397,2.00E-04
neidL2_20210514T175603.fits,5/14/21 17:56,54.835409,66.4899,0,2459349.243,-0.6399,2.00E-04
neidL2_20210514T175430.fits,5/14/21 17:54,54.769796,66.2,0,2459349.241,-0.6409,2.00E-04
neidL2_20210514T175256.fits,5/14/21 17:52,54.822321,65.9078,0,2459349.24,-0.6405,2.00E-04
neidL2_20210514T175124.fits,5/14/21 17:51,54.779499,65.6158,0,2459349.239,-0.6388,2.00E-04
neidL2_20210514T174950.fits,5/14/21 17:49,54.820032,65.3203,0,2459349.238,-0.64,2.00E-04
neidL2_20210514T174816.fits,5/14/21 17:48,54.807512,65.0241,0,2459349.237,-0.6416,2.00E-04
neidL2_20210514T174643.fits,5/14/21 17:46,54.839191,64.7277,0,2459349.236,-0.6401,2.00E-04
neidL2_20210514T174510.fits,5/14/21 17:45,54.778236,64.4288,0,2459349.235,-0.6391,2.00E-04
neidL2_20210514T174337.fits,5/14/21 17:43,54.866585,64.1293,0,2459349.234,-0.6413,2.00E-04
neidL2_20210514T174203.fits,5/14/21 17:42,54.784714,63.8288,0,2459349.233,-0.6397,2.00E-04
neidL2_20210514T174029.fits,5/14/21 17:40,54.780027,63.5252,0,2459349.232,-0.6395,2.00E-04
neidL2_20210514T173856.fits,5/14/21 17:38,54.768308,63.2214,0,2459349.231,-0.6419,2.00E-04
neidL2_20210514T173723.fits,5/14/21 17:37,54.831376,62.9175,0,2459349.23,-0.6398,2.00E-04
neidL2_20210514T173549.fits,5/14/21 17:35,54.820364,62.6121,0,2459349.228,-0.6383,2.00E-04
neidL2_20210514T173415.fits,5/14/21 17:34,54.830715,62.3047,0,2459349.227,-0.6398,2.00E-04
neidL2_20210514T173242.fits,5/14/21 17:32,54.721706,61.9984,0,2459349.226,-0.6398,2.00E-04
neidL2_20210514T173109.fits,5/14/21 17:31,54.854069,61.6897,0,2459349.225,-0.64,2.00E-04
neidL2_20210514T172935.fits,5/14/21 17:29,54.781369,61.38,0,2459349.224,-0.6398,2.00E-04
neidL2_20210514T172802.fits,5/14/21 17:28,54.830157,61.0701,0,2459349.223,-0.6391,2.00E-04
neidL2_20210514T172628.fits,5/14/21 17:26,54.792596,60.7597,0,2459349.222,-0.6403,2.00E-04
neidL2_20210514T172455.fits,5/14/21 17:24,54.820479,60.4476,0,2459349.221,-0.6405,2.00E-04
neidL2_20210514T172321.fits,5/14/21 17:23,54.798292,60.1347,0,2459349.22,-0.6398,2.00E-04
neidL2_20210514T172148.fits,5/14/21 17:21,54.850304,59.8224,0,2459349.219,-0.6413,2.00E-04
neidL2_20210513T222919.fits,5/13/21 22:29,54.845418,46.1316,0,2459348.432,-0.6398,2.00E-04
neidL2_20210513T222746.fits,5/13/21 22:27,54.82767,46.4594,0,2459348.431,-0.6394,2.00E-04
neidL2_20210513T222613.fits,5/13/21 22:26,54.820763,46.7873,0,2459348.43,-0.6417,2.00E-04
neidL2_20210513T222439.fits,5/13/21 22:24,54.831822,47.1148,0,2459348.429,-0.6395,2.00E-04
neidL2_20210513T222306.fits,5/13/21 22:23,54.815023,47.4407,0,2459348.428,-0.6398,2.00E-04
neidL2_20210513T222132.fits,5/13/21 22:21,54.88109,47.7702,0,2459348.427,-0.6409,2.00E-04
neidL2_20210513T221959.fits,5/13/21 22:19,54.76295,48.0979,0,2459348.426,-0.6401,2.00E-04
neidL2_20210513T221825.fits,5/13/21 22:18,54.848998,48.4256,0,2459348.425,-0.6403,2.00E-04
neidL2_20210513T221652.fits,5/13/21 22:16,54.846381,48.7522,0,2459348.424,-0.6402,2.00E-04
neidL2_20210513T221519.fits,5/13/21 22:15,54.831622,49.0785,0,2459348.423,-0.6406,2.00E-04
neidL2_20210513T221346.fits,5/13/21 22:13,54.828765,49.4025,0,2459348.422,-0.6405,2.00E-04
neidL2_20210513T221213.fits,5/13/21 22:12,54.827667,49.7287,0,2459348.42,-0.6418,2.00E-04
neidL2_20210513T221039.fits,5/13/21 22:10,54.817124,50.0552,0,2459348.419,-0.6397,2.00E-04
neidL2_20210513T220905.fits,5/13/21 22:09,54.812842,50.3822,0,2459348.418,-0.6401,2.00E-04
neidL2_20210513T220732.fits,5/13/21 22:07,54.82342,50.7069,0,2459348.417,-0.6414,2.00E-04
neidL2_20210513T220559.fits,5/13/21 22:05,54.831345,51.0306,0,2459348.416,-0.6412,2.00E-04
neidL2_20210513T220426.fits,5/13/21 22:04,54.821363,51.3562,0,2459348.415,-0.6392,2.00E-04
neidL2_20210513T220252.fits,5/13/21 22:02,54.849369,51.6802,0,2459348.414,-0.6407,2.00E-04
neidL2_20210513T220119.fits,5/13/21 22:01,54.831324,52.0058,0,2459348.413,-0.6414,2.00E-04
neidL2_20210513T215945.fits,5/13/21 21:59,54.861748,52.3304,0,2459348.412,-0.6403,2.00E-04
neidL2_20210513T215425.fits,5/13/21 21:54,54.833328,53.437,0,2459348.408,-0.6409,2.00E-04
neidL2_20210513T215252.fits,5/13/21 21:52,54.846464,53.7582,0,2459348.407,-0.641,2.00E-04
neidL2_20210513T215119.fits,5/13/21 21:51,54.8245,54.0808,0,2459348.406,-0.6398,2.00E-04
neidL2_20210513T214945.fits,5/13/21 21:49,54.824516,54.4034,0,2459348.405,-0.641,2.00E-04
neidL2_20210513T214812.fits,5/13/21 21:48,54.782029,54.7247,0,2459348.404,-0.6414,2.00E-04
neidL2_20210513T214638.fits,5/13/21 21:46,54.852188,55.0467,0,2459348.403,-0.6405,2.00E-04
neidL2_20210513T214505.fits,5/13/21 21:45,54.83452,55.367,0,2459348.402,-0.6414,2.00E-04
neidL2_20210513T214331.fits,5/13/21 21:43,54.83724,55.6883,0,2459348.401,-0.6411,2.00E-04
neidL2_20210513T214158.fits,5/13/21 21:41,54.829276,56.0079,0,2459348.399,-0.6403,2.00E-04
neidL2_20210513T214024.fits,5/13/21 21:40,54.820467,56.3267,0,2459348.398,-0.641,2.00E-04
neidL2_20210513T213851.fits,5/13/21 21:38,54.840664,56.6453,0,2459348.397,-0.6407,2.00E-04
neidL2_20210513T213717.fits,5/13/21 21:37,54.830245,56.9643,0,2459348.396,-0.6395,2.00E-04
neidL2_20210513T213544.fits,5/13/21 21:35,54.814718,57.2812,0,2459348.395,-0.641,2.00E-04
neidL2_20210513T213410.fits,5/13/21 21:34,54.840142,57.599,0,2459348.394,-0.64,2.00E-04
neidL2_20210513T213237.fits,5/13/21 21:32,54.829602,57.9158,0,2459348.393,-0.6388,2.00E-04
neidL2_20210513T213104.fits,5/13/21 21:31,54.838139,58.2314,0,2459348.392,-0.6411,2.00E-04
neidL2_20210513T212930.fits,5/13/21 21:29,54.829017,58.5456,0,2459348.391,-0.6412,2.00E-04
neidL2_20210513T212757.fits,5/13/21 21:27,54.845688,58.8595,0,2459348.39,-0.6391,2.00E-04
neidL2_20210513T212624.fits,5/13/21 21:26,54.778795,59.1729,0,2459348.389,-0.6399,2.00E-04
neidL2_20210513T212450.fits,5/13/21 21:24,54.854679,59.4877,0,2459348.388,-0.6403,2.00E-04
neidL2_20210513T212317.fits,5/13/21 21:23,54.822936,59.8005,0,2459348.386,-0.6397,2.00E-04
neidL2_20210513T212143.fits,5/13/21 21:21,54.836564,60.1126,0,2459348.385,-0.6407,2.00E-04
neidL2_20210513T212009.fits,5/13/21 21:20,54.83165,60.4249,0,2459348.384,-0.6414,2.00E-04
neidL2_20210513T211836.fits,5/13/21 21:18,54.803801,60.7363,0,2459348.383,-0.6391,2.00E-04
neidL2_20210513T211702.fits,5/13/21 21:17,54.811343,61.0461,0,2459348.382,-0.64,2.00E-04
neidL2_20210513T211529.fits,5/13/21 21:15,54.773172,61.3543,0,2459348.381,-0.6416,2.00E-04
neidL2_20210513T211355.fits,5/13/21 21:13,54.852383,61.6626,0,2459348.38,-0.6397,2.00E-04
neidL2_20210513T211222.fits,5/13/21 21:12,54.796203,61.9693,0,2459348.379,-0.6396,2.00E-04
neidL2_20210513T211049.fits,5/13/21 21:10,54.815647,62.2746,0,2459348.378,-0.6414,2.00E-04
neidL2_20210513T210916.fits,5/13/21 21:09,54.812236,62.5785,0,2459348.377,-0.6395,2.00E-04
neidL2_20210513T210742.fits,5/13/21 21:07,54.836627,62.8825,0,2459348.376,-0.6403,2.00E-04
neidL2_20210513T210609.fits,5/13/21 21:06,54.818745,63.1857,0,2459348.375,-0.6413,2.00E-04
neidL2_20210513T210436.fits,5/13/21 21:04,54.815421,63.4872,0,2459348.373,-0.6401,2.00E-04
neidL2_20210513T210302.fits,5/13/21 21:03,54.806665,63.789,0,2459348.372,-0.6407,2.00E-04
neidL2_20210513T210128.fits,5/13/21 21:01,54.846443,64.089,0,2459348.371,-0.6416,2.00E-04
neidL2_20210513T205955.fits,5/13/21 20:59,54.839102,64.3878,0,2459348.37,-0.6401,2.00E-04
neidL2_20210513T205821.fits,5/13/21 20:58,54.838133,64.6866,0,2459348.369,-0.6405,2.00E-04
neidL2_20210513T205647.fits,5/13/21 20:56,54.82245,64.9822,0,2459348.368,-0.6416,2.00E-04
neidL2_20210513T205514.fits,5/13/21 20:55,54.849984,65.2766,0,2459348.367,-0.6412,2.00E-04
neidL2_20210513T205341.fits,5/13/21 20:53,54.8503,65.5695,0,2459348.366,-0.6401,2.00E-04
neidL2_20210513T205207.fits,5/13/21 20:52,54.85603,65.8607,0,2459348.365,-0.6411,2.00E-04
neidL2_20210513T205033.fits,5/13/21 20:50,54.865731,66.1523,0,2459348.364,-0.6412,2.00E-04
neidL2_20210513T204900.fits,5/13/21 20:49,54.824861,66.4421,0,2459348.363,-0.6394,2.00E-04
neidL2_20210513T204726.fits,5/13/21 20:47,54.836874,66.7282,0,2459348.362,-0.64,2.00E-04
neidL2_20210513T204553.fits,5/13/21 20:45,54.830685,67.0133,0,2459348.36,-0.6423,2.00E-04
neidL2_20210513T204420.fits,5/13/21 20:44,54.841493,67.2951,0,2459348.359,-0.6396,2.00E-04
neidL2_20210513T204246.fits,5/13/21 20:42,54.808575,67.5773,0,2459348.358,-0.6389,2.00E-04
neidL2_20210513T204113.fits,5/13/21 20:41,54.851663,67.8564,0,2459348.357,-0.6425,2.00E-04
neidL2_20210513T203940.fits,5/13/21 20:39,54.818378,68.134,0,2459348.356,-0.6406,2.00E-04
neidL2_20210513T203806.fits,5/13/21 20:38,54.839253,68.41,0,2459348.355,-0.6397,2.00E-04
neidL2_20210513T203633.fits,5/13/21 20:36,54.830031,68.6832,0,2459348.354,-0.6411,2.00E-04
neidL2_20210513T203500.fits,5/13/21 20:35,54.828744,68.9541,0,2459348.353,-0.6411,2.00E-04
neidL2_20210513T203326.fits,5/13/21 20:33,54.873388,69.2223,0,2459348.352,-0.6406,2.00E-04
neidL2_20210513T203153.fits,5/13/21 20:31,54.795585,69.4894,0,2459348.351,-0.6404,2.00E-04
neidL2_20210513T203019.fits,5/13/21 20:30,54.839324,69.7537,0,2459348.35,-0.642,2.00E-04
neidL2_20210513T202846.fits,5/13/21 20:28,54.815669,70.0151,0,2459348.349,-0.6409,2.00E-04
neidL2_20210513T202712.fits,5/13/21 20:27,54.845661,70.2743,0,2459348.348,-0.6393,2.00E-04
neidL2_20210513T202538.fits,5/13/21 20:25,54.843029,70.5313,0,2459348.346,-0.6414,2.00E-04
neidL2_20210513T202405.fits,5/13/21 20:24,54.825475,70.7838,0,2459348.345,-0.643,2.00E-04
neidL2_20210513T202232.fits,5/13/21 20:22,54.806367,71.0328,0,2459348.344,-0.6403,3.00E-04
neidL2_20210513T202058.fits,5/13/21 20:20,54.833747,71.2797,0,2459348.343,-0.6349,3.00E-04
neidL2_20210513T201808.fits,5/13/21 20:18,54.820905,71.72,0,2459348.341,-0.6413,3.00E-04
neidL2_20210513T201635.fits,5/13/21 20:16,54.823888,71.9573,0,2459348.34,-0.6427,3.00E-04
neidL2_20210513T201501.fits,5/13/21 20:15,54.856448,72.1908,0,2459348.339,-0.6403,3.00E-04
neidL2_20210513T201328.fits,5/13/21 20:13,54.828639,72.4194,0,2459348.338,-0.6409,3.00E-04
neidL2_20210513T201155.fits,5/13/21 20:11,54.847245,72.6444,0,2459348.337,-0.6417,3.00E-04
neidL2_20210513T201021.fits,5/13/21 20:10,54.816169,72.8665,0,2459348.336,-0.6426,3.00E-04
neidL2_20210513T200847.fits,5/13/21 20:08,54.850621,73.0838,0,2459348.335,-0.6403,3.00E-04
neidL2_20210513T200714.fits,5/13/21 20:07,54.841665,73.296,0,2459348.334,-0.6429,3.00E-04
neidL2_20210513T200540.fits,5/13/21 20:05,54.877211,73.5032,0,2459348.333,-0.6407,3.00E-04
neidL2_20210513T200407.fits,5/13/21 20:04,54.830518,73.7056,0,2459348.331,-0.6415,3.00E-04
neidL2_20210513T200234.fits,5/13/21 20:02,54.789211,73.9026,0,2459348.33,-0.6394,3.00E-04
neidL2_20210513T200100.fits,5/13/21 20:01,54.828468,74.0952,0,2459348.329,-0.6421,3.00E-04
neidL2_20210513T195927.fits,5/13/21 19:59,54.817772,74.2822,0,2459348.328,-0.6387,3.00E-04
neidL2_20210513T195753.fits,5/13/21 19:57,54.826841,74.4633,0,2459348.327,-0.6405,3.00E-04
neidL2_20210513T195620.fits,5/13/21 19:56,54.840472,74.6383,0,2459348.326,-0.6404,3.00E-04
neidL2_20210513T195446.fits,5/13/21 19:54,54.81906,74.8088,0,2459348.325,-0.6451,3.00E-04
neidL2_20210513T195313.fits,5/13/21 19:53,54.844135,74.9718,0,2459348.324,-0.6396,2.00E-04
neidL2_20210513T195139.fits,5/13/21 19:51,54.854449,75.1283,0,2459348.323,-0.6409,2.00E-04
neidL2_20210513T195006.fits,5/13/21 19:50,54.85453,75.2783,0,2459348.322,-0.6418,2.00E-04
neidL2_20210513T194832.fits,5/13/21 19:48,54.832471,75.4213,0,2459348.321,-0.6395,2.00E-04
neidL2_20210513T194659.fits,5/13/21 19:46,54.815015,75.5572,0,2459348.32,-0.6341,3.00E-04
neidL2_20210513T194525.fits,5/13/21 19:45,54.745759,75.6858,0,2459348.319,-0.6424,3.00E-04
neidL2_20210513T194352.fits,5/13/21 19:43,54.79563,75.8069,0,2459348.317,-0.6402,2.00E-04
neidL2_20210513T194219.fits,5/13/21 19:42,54.773357,75.9197,0,2459348.316,-0.6377,3.00E-04
neidL2_20210513T194046.fits,5/13/21 19:40,54.809105,76.0251,0,2459348.315,-0.6395,3.00E-04
neidL2_20210513T193912.fits,5/13/21 19:39,54.750778,76.1228,0,2459348.314,-0.641,3.00E-04
neidL2_20210513T193739.fits,5/13/21 19:37,54.821502,76.2116,0,2459348.313,-0.6399,3.00E-04
neidL2_20210513T193606.fits,5/13/21 19:36,54.809333,76.292,0,2459348.312,-0.6396,3.00E-04
neidL2_20210513T193432.fits,5/13/21 19:34,54.830666,76.3646,0,2459348.311,-0.6384,3.00E-04
neidL2_20210513T193259.fits,5/13/21 19:32,54.793558,76.4283,0,2459348.31,-0.6388,3.00E-04
neidL2_20210513T193126.fits,5/13/21 19:31,54.837821,76.4828,0,2459348.309,-0.6407,2.00E-04
neidL2_20210513T192953.fits,5/13/21 19:29,54.747493,76.5289,0,2459348.308,-0.6386,2.00E-04
neidL2_20210513T192820.fits,5/13/21 19:28,54.833514,76.566,0,2459348.307,-0.6409,3.00E-04
neidL2_20210513T192646.fits,5/13/21 19:26,54.790961,76.5939,0,2459348.306,-0.6409,2.00E-04
neidL2_20210513T192513.fits,5/13/21 19:25,54.842894,76.6128,0,2459348.304,-0.6382,2.00E-04
neidL2_20210513T192339.fits,5/13/21 19:23,54.799213,76.6225,0,2459348.303,-0.6396,2.00E-04
neidL2_20210513T192206.fits,5/13/21 19:22,54.838429,76.623,0,2459348.302,-0.6411,2.00E-04
neidL2_20210513T192033.fits,5/13/21 19:20,54.792173,76.6144,0,2459348.301,-0.6383,2.00E-04
neidL2_20210513T191900.fits,5/13/21 19:19,54.818614,76.5967,0,2459348.3,-0.641,2.00E-04
neidL2_20210513T191726.fits,5/13/21 19:17,54.767137,76.5698,0,2459348.299,-0.6407,2.00E-04
neidL2_20210513T191553.fits,5/13/21 19:15,54.823496,76.5339,0,2459348.298,-0.6393,2.00E-04
neidL2_20210513T191420.fits,5/13/21 19:14,54.803306,76.4889,0,2459348.297,-0.6404,2.00E-04
neidL2_20210513T191246.fits,5/13/21 19:12,54.836705,76.435,0,2459348.296,-0.6415,2.00E-04
neidL2_20210513T191113.fits,5/13/21 19:11,54.795629,76.3724,0,2459348.295,-0.6404,2.00E-04
neidL2_20210513T190939.fits,5/13/21 19:09,54.831052,76.3007,0,2459348.294,-0.6405,2.00E-04
neidL2_20210513T190806.fits,5/13/21 19:08,54.721315,76.2212,0,2459348.293,-0.6402,3.00E-04
neidL2_20210513T190633.fits,5/13/21 19:06,54.842639,76.1329,0,2459348.292,-0.6414,2.00E-04
neidL2_20210513T190500.fits,5/13/21 19:05,54.761548,76.0366,0,2459348.29,-0.6405,3.00E-04
neidL2_20210513T190326.fits,5/13/21 19:03,54.81484,75.932,0,2459348.289,-0.6411,2.00E-04
neidL2_20210513T190153.fits,5/13/21 19:01,54.693043,75.8194,0,2459348.288,-0.6415,3.00E-04
neidL2_20210513T190020.fits,5/13/21 19:00,54.835362,75.7,0,2459348.287,-0.6377,3.00E-04
neidL2_20210513T185847.fits,5/13/21 18:58,54.76812,75.5723,0,2459348.286,-0.639,3.00E-04
neidL2_20210513T185713.fits,5/13/21 18:57,54.829046,75.4374,0,2459348.285,-0.6419,3.00E-04
neidL2_20210513T185540.fits,5/13/21 18:55,54.765382,75.2955,0,2459348.284,-0.6409,3.00E-04
neidL2_20210513T185407.fits,5/13/21 18:54,54.857613,75.1463,0,2459348.283,-0.6395,3.00E-04
neidL2_20210513T185233.fits,5/13/21 18:52,54.770641,74.9908,0,2459348.282,-0.6381,3.00E-04
neidL2_20210513T185100.fits,5/13/21 18:51,54.824086,74.8287,0,2459348.281,-0.6426,3.00E-04
neidL2_20210513T184926.fits,5/13/21 18:49,54.79067,74.6595,0,2459348.28,-0.6427,3.00E-04
neidL2_20210513T184753.fits,5/13/21 18:47,54.819838,74.4849,0,2459348.279,-0.6397,2.00E-04
neidL2_20210513T184619.fits,5/13/21 18:46,54.779018,74.3046,0,2459348.277,-0.6403,2.00E-04
neidL2_20210513T184446.fits,5/13/21 18:44,54.828752,74.1185,0,2459348.276,-0.6429,2.00E-04
neidL2_20210513T184312.fits,5/13/21 18:43,54.781362,73.9264,0,2459348.275,-0.6405,2.00E-04
neidL2_20210513T184139.fits,5/13/21 18:41,54.811046,73.7291,0,2459348.274,-0.6398,2.00E-04
neidL2_20210513T183757.fits,5/13/21 18:37,54.79435,73.242,0,2459348.272,-0.6409,2.00E-04
neidL2_20210513T183624.fits,5/13/21 18:36,54.847463,73.0291,0,2459348.271,-0.6405,2.00E-04
neidL2_20210513T183451.fits,5/13/21 18:34,54.812052,72.8129,0,2459348.269,-0.6415,2.00E-04
neidL2_20210513T183318.fits,5/13/21 18:33,54.835182,72.5915,0,2459348.268,-0.6409,2.00E-04
neidL2_20210513T183144.fits,5/13/21 18:31,54.755568,72.364,0,2459348.267,-0.6406,2.00E-04
neidL2_20210513T183011.fits,5/13/21 18:30,54.815251,72.1336,0,2459348.266,-0.6408,2.00E-04
neidL2_20210513T182838.fits,5/13/21 18:28,54.763927,71.8997,0,2459348.265,-0.6407,2.00E-04
neidL2_20210513T182704.fits,5/13/21 18:27,54.843303,71.6619,0,2459348.264,-0.6412,2.00E-04
neidL2_20210513T182531.fits,5/13/21 18:25,54.750057,71.4207,0,2459348.263,-0.6409,2.00E-04
neidL2_20210513T182357.fits,5/13/21 18:23,54.826221,71.175,0,2459348.262,-0.6408,2.00E-04
neidL2_20210513T182224.fits,5/13/21 18:22,54.772933,70.9271,0,2459348.261,-0.6406,2.00E-04
neidL2_20210513T182050.fits,5/13/21 18:20,54.85189,70.676,0,2459348.26,-0.6407,2.00E-04
neidL2_20210513T181917.fits,5/13/21 18:19,54.816153,70.4228,0,2459348.259,-0.6407,2.00E-04
neidL2_20210513T181743.fits,5/13/21 18:17,54.826867,70.1648,0,2459348.258,-0.6402,2.00E-04
neidL2_20210513T181610.fits,5/13/21 18:16,54.782151,69.9064,0,2459348.257,-0.6397,2.00E-04
neidL2_20210513T181437.fits,5/13/21 18:14,54.861208,69.644,0,2459348.255,-0.64,2.00E-04
neidL2_20210513T181304.fits,5/13/21 18:13,54.776217,69.3801,0,2459348.254,-0.6406,2.00E-04
neidL2_20210513T181131.fits,5/13/21 18:11,54.855114,69.1142,0,2459348.253,-0.6399,2.00E-04
neidL2_20210513T180958.fits,5/13/21 18:09,54.761851,68.8439,0,2459348.252,-0.6399,2.00E-04
neidL2_20210513T180825.fits,5/13/21 18:08,54.851558,68.5728,0,2459348.251,-0.64,2.00E-04
neidL2_20210513T180651.fits,5/13/21 18:06,54.80488,68.2992,0,2459348.25,-0.6363,2.00E-04
neidL2_20210513T180518.fits,5/13/21 18:05,54.835837,68.0223,0,2459348.249,-0.6418,2.00E-04
neidL2_20210513T180345.fits,5/13/21 18:03,54.790389,67.7448,0,2459348.248,-0.6408,2.00E-04
neidL2_20210513T180212.fits,5/13/21 18:02,54.846804,67.465,0,2459348.247,-0.6388,2.00E-04
neidL2_20210513T180038.fits,5/13/21 18:00,54.736177,67.1825,0,2459348.246,-0.6401,2.00E-04
neidL2_20210513T175904.fits,5/13/21 17:59,54.845453,66.8971,0,2459348.245,-0.6413,2.00E-04
neidL2_20210513T175731.fits,5/13/21 17:57,54.806151,66.6111,0,2459348.244,-0.6397,2.00E-04
neidL2_20210513T175558.fits,5/13/21 17:55,54.863681,66.3239,0,2459348.242,-0.6383,2.00E-04
neidL2_20210513T175424.fits,5/13/21 17:54,54.80576,66.0356,0,2459348.241,-0.6416,2.00E-04
neidL2_20210513T175251.fits,5/13/21 17:52,54.774392,65.7452,0,2459348.24,-0.64,2.00E-04
neidL2_20210513T175118.fits,5/13/21 17:51,54.759552,65.4536,0,2459348.239,-0.6409,3.00E-04
neidL2_20210513T174944.fits,5/13/21 17:49,54.836427,65.1591,0,2459348.238,-0.6415,2.00E-04
neidL2_20210513T174811.fits,5/13/21 17:48,54.756834,64.8646,0,2459348.237,-0.6401,2.00E-04
neidL2_20210513T174637.fits,5/13/21 17:46,54.838349,64.5677,0,2459348.236,-0.6412,2.00E-04
neidL2_20210513T174504.fits,5/13/21 17:45,54.763463,64.27,0,2459348.235,-0.6407,2.00E-04
neidL2_20210513T174330.fits,5/13/21 17:43,54.825274,63.9706,0,2459348.234,-0.6398,2.00E-04
neidL2_20210513T174157.fits,5/13/21 17:41,54.751308,63.6709,0,2459348.233,-0.6402,2.00E-04
neidL2_20210513T174024.fits,5/13/21 17:40,54.813462,63.3707,0,2459348.232,-0.64,2.00E-04
neidL2_20210513T173851.fits,5/13/21 17:38,54.773206,63.0681,0,2459348.231,-0.6398,2.00E-04
neidL2_20210513T173717.fits,5/13/21 17:37,54.823581,62.7653,0,2459348.23,-0.64,2.00E-04
neidL2_20210513T173544.fits,5/13/21 17:35,54.794262,62.4606,0,2459348.228,-0.6402,2.00E-04
neidL2_20210513T173410.fits,5/13/21 17:34,54.828268,62.1554,0,2459348.227,-0.6408,2.00E-04
neidL2_20210513T173237.fits,5/13/21 17:32,54.769612,61.8496,0,2459348.226,-0.6405,2.00E-04
neidL2_20210513T173104.fits,5/13/21 17:31,54.850831,61.5424,0,2459348.225,-0.6392,2.00E-04
neidL2_20210513T172931.fits,5/13/21 17:29,54.787542,61.2358,0,2459348.224,-0.6404,2.00E-04
neidL2_20210513T172758.fits,5/13/21 17:27,54.833163,60.9268,0,2459348.223,-0.6417,2.00E-04
neidL2_20210513T172624.fits,5/13/21 17:26,54.77997,60.6172,0,2459348.222,-0.6402,2.00E-04
neidL2_20210513T172451.fits,5/13/21 17:24,54.81997,60.3064,0,2459348.221,-0.6389,2.00E-04
neidL2_20210513T172317.fits,5/13/21 17:23,54.772227,59.9944,0,2459348.22,-0.6402,2.00E-04
neidL2_20210513T172144.fits,5/13/21 17:21,54.813339,59.6829,0,2459348.219,-0.6406,2.00E-04
neidL2_20210513T172011.fits,5/13/21 17:20,54.7613,59.3695,0,2459348.218,-0.6396,2.00E-04
neidL2_20210513T171837.fits,5/13/21 17:18,54.817992,59.0554,0,2459348.217,-0.6403,2.00E-04
neidL2_20210513T171703.fits,5/13/21 17:17,54.742563,58.7404,0,2459348.215,-0.6401,2.00E-04
neidL2_20210513T171530.fits,5/13/21 17:15,54.86073,58.4268,0,2459348.214,-0.6391,2.00E-04
neidL2_20210513T171357.fits,5/13/21 17:13,54.774315,58.1112,0,2459348.213,-0.6418,2.00E-04
neidL2_20210513T171223.fits,5/13/21 17:12,54.827648,57.7946,0,2459348.212,-0.6414,2.00E-04
neidL2_20210513T171050.fits,5/13/21 17:10,54.726337,57.4768,0,2459348.211,-0.6388,2.00E-04
neidL2_20210513T170917.fits,5/13/21 17:09,54.832407,57.1607,0,2459348.21,-0.6405,2.00E-04
neidL2_20210513T170744.fits,5/13/21 17:07,54.774537,56.8441,0,2459348.209,-0.6417,2.00E-04
neidL2_20210513T170610.fits,5/13/21 17:06,54.838801,56.5257,0,2459348.208,-0.6396,2.00E-04
neidL2_20210513T170436.fits,5/13/21 17:04,54.830099,56.2051,0,2459348.207,-0.64,2.00E-04
neidL2_20210512T222913.fits,5/12/21 22:29,54.833055,46.0413,0,2459347.432,-0.6403,2.00E-04
neidL2_20210512T222740.fits,5/12/21 22:27,54.828598,46.3702,0,2459347.431,-0.6393,2.00E-04
neidL2_20210512T222607.fits,5/12/21 22:26,54.827093,46.6963,0,2459347.43,-0.6405,2.00E-04
neidL2_20210512T222433.fits,5/12/21 22:24,54.810977,47.0239,0,2459347.429,-0.6399,2.00E-04
neidL2_20210512T222300.fits,5/12/21 22:23,54.85322,47.3495,0,2459347.428,-0.6395,2.00E-04
neidL2_20210512T222127.fits,5/12/21 22:21,54.774632,47.6758,0,2459347.427,-0.6395,2.00E-04
neidL2_20210512T221954.fits,5/12/21 22:19,54.818077,48.001,0,2459347.426,-0.6401,2.00E-04
neidL2_20210512T221821.fits,5/12/21 22:18,54.82005,48.3274,0,2459347.425,-0.639,2.00E-04
neidL2_20210512T221648.fits,5/12/21 22:16,54.816069,48.6531,0,2459347.424,-0.6392,2.00E-04
neidL2_20210512T221515.fits,5/12/21 22:15,54.795521,48.979,0,2459347.423,-0.6404,2.00E-04
neidL2_20210512T221342.fits,5/12/21 22:13,54.85696,49.3045,0,2459347.421,-0.6394,2.00E-04
neidL2_20210512T221208.fits,5/12/21 22:12,54.830242,49.6305,0,2459347.42,-0.6398,2.00E-04
neidL2_20210512T221035.fits,5/12/21 22:10,54.829474,49.956,0,2459347.419,-0.6411,2.00E-04
neidL2_20210512T220901.fits,5/12/21 22:09,54.840777,50.2813,0,2459347.418,-0.6411,2.00E-04
neidL2_20210512T220728.fits,5/12/21 22:07,54.856777,50.6066,0,2459347.417,-0.6396,2.00E-04
neidL2_20210512T220555.fits,5/12/21 22:05,54.803194,50.9298,0,2459347.416,-0.6405,2.00E-04
neidL2_20210512T220422.fits,5/12/21 22:04,54.817304,51.2545,0,2459347.415,-0.6412,2.00E-04
neidL2_20210512T220248.fits,5/12/21 22:02,54.825536,51.5783,0,2459347.414,-0.6394,2.00E-04
neidL2_20210512T220115.fits,5/12/21 22:01,54.826543,51.9008,0,2459347.413,-0.6396,2.00E-04
neidL2_20210512T215943.fits,5/12/21 21:59,54.823672,52.2224,0,2459347.412,-0.6407,2.00E-04
neidL2_20210512T215809.fits,5/12/21 21:58,54.83243,52.5454,0,2459347.411,-0.6398,2.00E-04
neidL2_20210512T215636.fits,5/12/21 21:56,54.816617,52.8682,0,2459347.41,-0.639,2.00E-04
neidL2_20210512T215503.fits,5/12/21 21:55,54.827264,53.1892,0,2459347.409,-0.6404,2.00E-04
neidL2_20210512T215330.fits,5/12/21 21:53,54.83776,53.51,0,2459347.407,-0.6406,2.00E-04
neidL2_20210512T215157.fits,5/12/21 21:51,54.837955,53.8319,0,2459347.406,-0.6398,2.00E-04
neidL2_20210512T215023.fits,5/12/21 21:50,54.842725,54.1542,0,2459347.405,-0.639,2.00E-04
neidL2_20210512T214849.fits,5/12/21 21:48,54.854802,54.4763,0,2459347.404,-0.6417,2.00E-04
neidL2_20210512T214716.fits,5/12/21 21:47,54.84469,54.7965,0,2459347.403,-0.6404,2.00E-04
neidL2_20210512T214543.fits,5/12/21 21:45,54.808566,55.116,0,2459347.402,-0.6387,2.00E-04
neidL2_20210512T214232.fits,5/12/21 21:42,54.808814,55.7689,0,2459347.4,-0.6408,2.00E-04
neidL2_20210512T214059.fits,5/12/21 21:40,54.855585,56.0858,0,2459347.399,-0.6393,2.00E-04
neidL2_20210512T213925.fits,5/12/21 21:39,54.842966,56.4046,0,2459347.398,-0.6399,2.00E-04
neidL2_20210512T213752.fits,5/12/21 21:37,54.861364,56.7227,0,2459347.397,-0.6409,2.00E-04
neidL2_20210512T213619.fits,5/12/21 21:36,54.864506,57.0377,0,2459347.396,-0.6399,2.00E-04
neidL2_20210512T213446.fits,5/12/21 21:34,54.833256,57.3524,0,2459347.394,-0.6398,2.00E-04
neidL2_20210512T213313.fits,5/12/21 21:33,54.808805,57.6688,0,2459347.393,-0.639,2.00E-04
neidL2_20210512T213139.fits,5/12/21 21:31,54.81889,57.9866,0,2459347.392,-0.6401,2.00E-04
neidL2_20210512T213004.fits,5/12/21 21:30,54.843556,58.305,0,2459347.391,-0.6415,2.00E-04
neidL2_20210512T212831.fits,5/12/21 21:28,54.819623,58.6173,0,2459347.39,-0.6401,2.00E-04
neidL2_20210512T212657.fits,5/12/21 21:26,54.781511,58.9329,0,2459347.389,-0.6398,2.00E-04
neidL2_20210512T212524.fits,5/12/21 21:25,54.850405,59.2449,0,2459347.388,-0.6412,2.00E-04
neidL2_20210512T212351.fits,5/12/21 21:23,54.795594,59.5559,0,2459347.387,-0.6423,2.00E-04
neidL2_20210512T212218.fits,5/12/21 21:22,54.81347,59.8669,0,2459347.386,-0.6395,2.00E-04
neidL2_20210512T212045.fits,5/12/21 21:20,54.832535,60.1769,0,2459347.385,-0.6394,2.00E-04
neidL2_20210512T211911.fits,5/12/21 21:19,54.838863,60.4866,0,2459347.384,-0.6427,2.00E-04
neidL2_20210512T211738.fits,5/12/21 21:17,54.859844,60.7954,0,2459347.383,-0.6396,2.00E-04
neidL2_20210512T211605.fits,5/12/21 21:16,54.822999,61.1028,0,2459347.381,-0.6376,2.00E-04
neidL2_20210512T211431.fits,5/12/21 21:14,54.820082,61.4091,0,2459347.38,-0.6402,2.00E-04
neidL2_20210512T211258.fits,5/12/21 21:12,54.819107,61.7148,0,2459347.379,-0.64,2.00E-04
neidL2_20210512T211125.fits,5/12/21 21:11,54.837813,62.0204,0,2459347.378,-0.6392,2.00E-04
neidL2_20210512T210952.fits,5/12/21 21:09,54.817529,62.323,0,2459347.377,-0.6399,2.00E-04
neidL2_20210512T210818.fits,5/12/21 21:08,54.821943,62.6285,0,2459347.376,-0.6407,2.00E-04
neidL2_20210512T210644.fits,5/12/21 21:06,54.833612,62.9313,0,2459347.375,-0.6395,2.00E-04
neidL2_20210512T210511.fits,5/12/21 21:05,54.836059,63.2311,0,2459347.374,-0.6394,2.00E-04
neidL2_20210512T210338.fits,5/12/21 21:03,54.839089,63.5306,0,2459347.373,-0.6403,2.00E-04
neidL2_20210512T210205.fits,5/12/21 21:02,54.801853,63.8296,0,2459347.372,-0.6403,2.00E-04
neidL2_20210512T210031.fits,5/12/21 21:00,54.818331,64.1271,0,2459347.371,-0.6389,2.00E-04
neidL2_20210512T205857.fits,5/12/21 20:58,54.834843,64.425,0,2459347.37,-0.6383,2.00E-04
neidL2_20210512T205724.fits,5/12/21 20:57,54.826957,64.7214,0,2459347.368,-0.6414,2.00E-04
neidL2_20210512T205550.fits,5/12/21 20:55,54.842502,65.0144,0,2459347.367,-0.6394,2.00E-04
neidL2_20210512T205417.fits,5/12/21 20:54,54.827654,65.3055,0,2459347.366,-0.6384,2.00E-04
neidL2_20210512T205244.fits,5/12/21 20:52,54.823775,65.5953,0,2459347.365,-0.6404,2.00E-04
neidL2_20210512T205111.fits,5/12/21 20:51,54.857551,65.8844,0,2459347.364,-0.6405,2.00E-04
neidL2_20210512T204938.fits,5/12/21 20:49,54.828274,66.1715,0,2459347.363,-0.6395,2.00E-04
neidL2_20210512T204805.fits,5/12/21 20:48,54.837475,66.4557,0,2459347.362,-0.6394,2.00E-04
neidL2_20210512T204632.fits,5/12/21 20:46,54.845715,66.7391,0,2459347.361,-0.6409,2.00E-04
neidL2_20210512T204459.fits,5/12/21 20:44,54.854078,67.0207,0,2459347.36,-0.6394,2.00E-04
neidL2_20210512T204326.fits,5/12/21 20:43,54.81565,67.3013,0,2459347.359,-0.6392,2.00E-04
neidL2_20210512T204152.fits,5/12/21 20:41,54.822373,67.5797,0,2459347.358,-0.6406,2.00E-04
neidL2_20210512T204019.fits,5/12/21 20:40,54.856571,67.8571,0,2459347.357,-0.64,2.00E-04
neidL2_20210512T203846.fits,5/12/21 20:38,54.840591,68.1306,0,2459347.356,-0.6403,2.00E-04
neidL2_20210512T203713.fits,5/12/21 20:37,54.872704,68.4027,0,2459347.354,-0.639,2.00E-04
neidL2_20210512T203539.fits,5/12/21 20:35,54.826982,68.6742,0,2459347.353,-0.6399,2.00E-04
neidL2_20210512T203405.fits,5/12/21 20:34,54.812086,68.9426,0,2459347.352,-0.6396,2.00E-04
neidL2_20210512T203232.fits,5/12/21 20:32,54.834236,69.2076,0,2459347.351,-0.6389,2.00E-04
neidL2_20210512T203059.fits,5/12/21 20:30,54.847176,69.4694,0,2459347.35,-0.6399,2.00E-04
neidL2_20210512T202926.fits,5/12/21 20:29,54.842374,69.73,0,2459347.349,-0.6405,2.00E-04
neidL2_20210512T202752.fits,5/12/21 20:27,54.827554,69.9887,0,2459347.348,-0.6401,2.00E-04
neidL2_20210512T202619.fits,5/12/21 20:26,54.805006,70.2434,0,2459347.347,-0.6406,2.00E-04
neidL2_20210512T202446.fits,5/12/21 20:24,54.816888,70.4952,0,2459347.346,-0.6411,2.00E-04
neidL2_20210512T202313.fits,5/12/21 20:23,54.811009,70.7432,0,2459347.345,-0.6399,2.00E-04
neidL2_20210512T202140.fits,5/12/21 20:21,54.820185,70.9882,0,2459347.344,-0.6408,2.00E-04
neidL2_20210512T202007.fits,5/12/21 20:20,54.85506,71.2308,0,2459347.343,-0.6407,2.00E-04
neidL2_20210512T201833.fits,5/12/21 20:18,54.823672,71.4694,0,2459347.342,-0.6399,2.00E-04
neidL2_20210512T201700.fits,5/12/21 20:17,54.823772,71.7051,0,2459347.34,-0.6403,2.00E-04
neidL2_20210512T201527.fits,5/12/21 20:15,54.840144,71.9355,0,2459347.339,-0.6397,2.00E-04
neidL2_20210512T201354.fits,5/12/21 20:13,54.85099,72.1635,0,2459347.338,-0.6403,2.00E-04
neidL2_20210512T201221.fits,5/12/21 20:12,54.852038,72.3874,0,2459347.337,-0.6394,2.00E-04
neidL2_20210512T201047.fits,5/12/21 20:10,54.815655,72.6081,0,2459347.336,-0.6402,2.00E-04
neidL2_20210512T200913.fits,5/12/21 20:09,54.843705,72.8246,0,2459347.335,-0.6414,2.00E-04
neidL2_20210512T200255.fits,5/12/21 20:02,54.803858,73.6509,0,2459347.331,-0.6395,2.00E-04
neidL2_20210512T200121.fits,5/12/21 20:01,54.845002,73.8427,0,2459347.33,-0.6396,2.00E-04
neidL2_20210512T195948.fits,5/12/21 19:59,54.80226,74.029,0,2459347.328,-0.6405,2.00E-04
neidL2_20210512T195815.fits,5/12/21 19:58,54.865459,74.2086,0,2459347.327,-0.6413,2.00E-04
neidL2_20210512T195642.fits,5/12/21 19:56,54.817275,74.3815,0,2459347.326,-0.6399,2.00E-04
neidL2_20210512T195509.fits,5/12/21 19:55,54.83328,74.5493,0,2459347.325,-0.6382,2.00E-04
neidL2_20210512T195336.fits,5/12/21 19:53,54.82411,74.7115,0,2459347.324,-0.641,2.00E-04
neidL2_20210512T195203.fits,5/12/21 19:52,54.833402,74.8673,0,2459347.323,-0.6414,2.00E-04
neidL2_20210512T195029.fits,5/12/21 19:50,54.864404,75.0168,0,2459347.322,-0.6388,2.00E-04
neidL2_20210512T194856.fits,5/12/21 19:48,54.818368,75.159,0,2459347.321,-0.6407,2.00E-04
neidL2_20210512T194723.fits,5/12/21 19:47,54.831686,75.2945,0,2459347.32,-0.6417,2.00E-04
neidL2_20210512T194550.fits,5/12/21 19:45,54.849702,75.4227,0,2459347.319,-0.6403,2.00E-04
neidL2_20210512T194417.fits,5/12/21 19:44,54.832273,75.5431,0,2459347.318,-0.64,2.00E-04
neidL2_20210512T194244.fits,5/12/21 19:42,54.839153,75.6567,0,2459347.317,-0.6416,2.00E-04
neidL2_20210512T194111.fits,5/12/21 19:41,54.814492,75.7627,0,2459347.316,-0.6411,2.00E-04
neidL2_20210512T193937.fits,5/12/21 19:39,54.844176,75.8607,0,2459347.314,-0.6405,2.00E-04
neidL2_20210512T193804.fits,5/12/21 19:38,54.813922,75.9509,0,2459347.313,-0.6411,2.00E-04
neidL2_20210512T193630.fits,5/12/21 19:36,54.832478,76.0326,0,2459347.312,-0.6406,2.00E-04
neidL2_20210512T193457.fits,5/12/21 19:34,54.836868,76.106,0,2459347.311,-0.6415,2.00E-04
neidL2_20210512T193324.fits,5/12/21 19:33,54.732054,76.1708,0,2459347.31,-0.6415,2.00E-04
neidL2_20210512T193151.fits,5/12/21 19:31,54.764501,76.2268,0,2459347.309,-0.6404,2.00E-04
neidL2_20210512T193018.fits,5/12/21 19:30,54.748159,76.2744,0,2459347.308,-0.6406,2.00E-04
neidL2_20210512T192844.fits,5/12/21 19:28,54.820735,76.3133,0,2459347.307,-0.6414,2.00E-04
neidL2_20210512T192711.fits,5/12/21 19:27,54.765632,76.343,0,2459347.306,-0.64,2.00E-04
neidL2_20210512T192538.fits,5/12/21 19:25,54.815757,76.3639,0,2459347.305,-0.6403,2.00E-04
neidL2_20210512T192404.fits,5/12/21 19:24,54.777846,76.3759,0,2459347.304,-0.6413,2.00E-04
neidL2_20210512T192231.fits,5/12/21 19:22,54.842776,76.3788,0,2459347.303,-0.6396,2.00E-04
neidL2_20210512T192058.fits,5/12/21 19:20,54.686863,76.3727,0,2459347.302,-0.6395,2.00E-04
neidL2_20210512T191924.fits,5/12/21 19:19,54.819973,76.3575,0,2459347.3,-0.6407,2.00E-04
neidL2_20210512T191752.fits,5/12/21 19:17,54.764431,76.3336,0,2459347.299,-0.6402,2.00E-04
neidL2_20210512T191619.fits,5/12/21 19:16,54.856928,76.3007,0,2459347.298,-0.6399,2.00E-04
neidL2_20210512T191445.fits,5/12/21 19:14,54.771693,76.2587,0,2459347.297,-0.6401,2.00E-04
neidL2_20210512T191311.fits,5/12/21 19:13,54.814004,76.2079,0,2459347.296,-0.6403,2.00E-04
neidL2_20210512T191138.fits,5/12/21 19:11,54.707772,76.1486,0,2459347.295,-0.6415,2.00E-04
neidL2_20210512T191005.fits,5/12/21 19:10,54.851045,76.0805,0,2459347.294,-0.6396,2.00E-04
neidL2_20210512T190832.fits,5/12/21 19:08,54.766345,76.0044,0,2459347.293,-0.6394,2.00E-04
neidL2_20210512T190659.fits,5/12/21 19:06,54.797543,75.9201,0,2459347.292,-0.6414,2.00E-04
neidL2_20210512T190526.fits,5/12/21 19:05,54.777838,75.8273,0,2459347.291,-0.6403,2.00E-04
neidL2_20210512T190352.fits,5/12/21 19:03,54.832757,75.7264,0,2459347.29,-0.6391,2.00E-04
neidL2_20210512T190219.fits,5/12/21 19:02,54.75845,75.6183,0,2459347.289,-0.6404,2.00E-04
neidL2_20210512T190046.fits,5/12/21 19:00,54.800392,75.5021,0,2459347.287,-0.6401,2.00E-04
neidL2_20210512T185913.fits,5/12/21 18:59,54.747867,75.3785,0,2459347.286,-0.6392,2.00E-04
neidL2_20210512T185740.fits,5/12/21 18:57,54.817112,75.2478,0,2459347.285,-0.6406,2.00E-04
neidL2_20210512T185606.fits,5/12/21 18:56,54.782782,75.1097,0,2459347.284,-0.6401,2.00E-04
neidL2_20210512T185434.fits,5/12/21 18:54,54.819487,74.9653,0,2459347.283,-0.6407,2.00E-04
neidL2_20210512T185301.fits,5/12/21 18:53,54.747775,74.8147,0,2459347.282,-0.6405,2.00E-04
neidL2_20210512T185122.fits,5/12/21 18:51,54.819857,74.647,0,2459347.281,-0.6406,2.00E-04
neidL2_20210512T184948.fits,5/12/21 18:49,54.781858,74.4809,0,2459347.28,-0.6391,2.00E-04
neidL2_20210512T184814.fits,5/12/21 18:48,54.835726,74.3092,0,2459347.279,-0.6403,2.00E-04
neidL2_20210512T184641.fits,5/12/21 18:46,54.796746,74.1319,0,2459347.278,-0.6408,2.00E-04
neidL2_20210512T184507.fits,5/12/21 18:45,54.830687,73.9484,0,2459347.277,-0.6391,2.00E-04
neidL2_20210512T184333.fits,5/12/21 18:43,54.762791,73.7599,0,2459347.276,-0.6405,2.00E-04
neidL2_20210512T184200.fits,5/12/21 18:42,54.821482,73.5665,0,2459347.274,-0.6406,2.00E-04
neidL2_20210512T184027.fits,5/12/21 18:40,54.757387,73.3673,0,2459347.273,-0.6397,2.00E-04
neidL2_20210512T183853.fits,5/12/21 18:38,54.829287,73.1629,0,2459347.272,-0.6399,2.00E-04
neidL2_20210512T183719.fits,5/12/21 18:37,54.771557,72.954,0,2459347.271,-0.64,2.00E-04
neidL2_20210512T183546.fits,5/12/21 18:35,54.836158,72.7407,0,2459347.27,-0.6392,2.00E-04
neidL2_20210512T183412.fits,5/12/21 18:34,54.772648,72.5232,0,2459347.269,-0.6388,2.00E-04
neidL2_20210512T183239.fits,5/12/21 18:32,54.834129,72.301,0,2459347.268,-0.6394,2.00E-04
neidL2_20210512T183105.fits,5/12/21 18:31,54.749415,72.0748,0,2459347.267,-0.639,2.00E-04
neidL2_20210512T182932.fits,5/12/21 18:29,54.81134,71.8447,0,2459347.266,-0.6388,2.00E-04
neidL2_20210512T180713.fits,5/12/21 18:07,54.774922,68.1987,0,2459347.25,-0.641,2.00E-04
neidL2_20210512T180540.fits,5/12/21 18:05,54.863063,67.9251,0,2459347.249,-0.6391,2.00E-04
neidL2_20210512T180407.fits,5/12/21 18:04,54.768393,67.6492,0,2459347.248,-0.6388,2.00E-04
neidL2_20210512T180234.fits,5/12/21 18:02,54.81251,67.3712,0,2459347.247,-0.6406,2.00E-04
neidL2_20210512T180101.fits,5/12/21 18:01,54.78697,67.0912,0,2459347.246,-0.64,2.00E-04
neidL2_20210512T175927.fits,5/12/21 17:59,54.863014,66.8084,0,2459347.245,-0.6392,2.00E-04
neidL2_20210512T175754.fits,5/12/21 17:57,54.720997,66.5242,0,2459347.244,-0.6394,2.00E-04
neidL2_20210512T175620.fits,5/12/21 17:56,54.831085,66.2384,0,2459347.243,-0.6407,2.00E-04
neidL2_20210512T175447.fits,5/12/21 17:54,54.732722,65.9527,0,2459347.242,-0.6398,2.00E-04
neidL2_20210512T175314.fits,5/12/21 17:53,54.809936,65.6629,0,2459347.241,-0.6392,2.00E-04
neidL2_20210512T175140.fits,5/12/21 17:51,54.743753,65.3716,0,2459347.24,-0.6396,2.00E-04
neidL2_20210512T175006.fits,5/12/21 17:50,54.84827,65.0786,0,2459347.238,-0.6406,2.00E-04
neidL2_20210512T174833.fits,5/12/21 17:48,54.763117,64.7869,0,2459347.237,-0.6383,2.00E-04
neidL2_20210512T174700.fits,5/12/21 17:47,54.83129,64.4926,0,2459347.236,-0.6392,2.00E-04
neidL2_20210512T174527.fits,5/12/21 17:45,54.759841,64.1967,0,2459347.235,-0.6407,2.00E-04
neidL2_20210512T174354.fits,5/12/21 17:43,54.856082,63.8993,0,2459347.234,-0.6387,2.00E-04
neidL2_20210512T174220.fits,5/12/21 17:42,54.769551,63.6005,0,2459347.233,-0.6391,2.00E-04
neidL2_20210512T174046.fits,5/12/21 17:40,54.81031,63.2996,0,2459347.232,-0.6399,2.00E-04
neidL2_20210512T173913.fits,5/12/21 17:39,54.751802,62.9982,0,2459347.231,-0.6392,2.00E-04
neidL2_20210512T173739.fits,5/12/21 17:37,54.831706,62.6951,0,2459347.23,-0.6383,2.00E-04
neidL2_20210512T173606.fits,5/12/21 17:36,54.717457,62.3919,0,2459347.229,-0.6407,2.00E-04
neidL2_20210512T173432.fits,5/12/21 17:34,54.809234,62.0872,0,2459347.228,-0.641,2.00E-04
neidL2_20210512T173259.fits,5/12/21 17:32,54.743573,61.7827,0,2459347.227,-0.6388,2.00E-04
neidL2_20210512T173125.fits,5/12/21 17:31,54.82201,61.4757,0,2459347.225,-0.6395,2.00E-04
neidL2_20210512T172952.fits,5/12/21 17:29,54.743137,61.1686,0,2459347.224,-0.6407,2.00E-04
neidL2_20210512T172819.fits,5/12/21 17:28,54.805899,60.8614,0,2459347.223,-0.6401,2.00E-04
neidL2_20210512T172645.fits,5/12/21 17:26,54.782413,60.5527,0,2459347.222,-0.6399,2.00E-04
neidL2_20210512T172512.fits,5/12/21 17:25,54.807911,60.2431,0,2459347.221,-0.6396,2.00E-04
neidL2_20210512T172339.fits,5/12/21 17:23,54.777045,59.9331,0,2459347.22,-0.6398,2.00E-04
neidL2_20210512T172205.fits,5/12/21 17:22,54.81742,59.6213,0,2459347.219,-0.6406,2.00E-04
neidL2_20210512T172032.fits,5/12/21 17:20,54.739577,59.3084,0,2459347.218,-0.6392,2.00E-04
neidL2_20210512T171858.fits,5/12/21 17:18,54.826574,58.9959,0,2459347.217,-0.6398,2.00E-04
neidL2_20210512T171725.fits,5/12/21 17:17,54.740664,58.6827,0,2459347.216,-0.6405,2.00E-04
neidL2_20210512T171551.fits,5/12/21 17:15,54.808693,58.3684,0,2459347.215,-0.6403,2.00E-04
neidL2_20210512T171418.fits,5/12/21 17:14,54.796995,58.0543,0,2459347.214,-0.6388,2.00E-04
neidL2_20210512T171245.fits,5/12/21 17:12,54.837497,57.7392,0,2459347.212,-0.6406,2.00E-04
neidL2_20210512T171111.fits,5/12/21 17:11,54.785636,57.4231,0,2459347.211,-0.6412,2.00E-04
neidL2_20210512T170938.fits,5/12/21 17:09,54.773971,57.1071,0,2459347.21,-0.6394,2.00E-04
neidL2_20210512T170805.fits,5/12/21 17:08,54.72666,56.7895,0,2459347.209,-0.6399,2.00E-04
neidL2_20210512T170631.fits,5/12/21 17:06,54.777766,56.4719,0,2459347.208,-0.6411,2.00E-04
neidL2_20210512T170458.fits,5/12/21 17:04,54.76059,56.1551,0,2459347.207,-0.6405,2.00E-04
neidL2_20210512T170324.fits,5/12/21 17:03,54.821464,55.8347,0,2459347.206,-0.6398,2.00E-04
neidL2_20210512T170151.fits,5/12/21 17:01,54.7311,55.5155,0,2459347.205,-0.64,2.00E-04
neidL2_20210512T170018.fits,5/12/21 17:00,54.804439,55.1962,0,2459347.204,-0.6404,2.00E-04
neidL2_20210512T165844.fits,5/12/21 16:58,54.744704,54.8762,0,2459347.203,-0.6397,2.00E-04
neidL2_20210512T165711.fits,5/12/21 16:57,54.863296,54.5566,0,2459347.202,-0.6398,2.00E-04
neidL2_20210512T165539.fits,5/12/21 16:55,54.758238,54.2374,0,2459347.201,-0.6411,2.00E-04
neidL2_20210512T165404.fits,5/12/21 16:54,54.834411,53.9137,0,2459347.2,-0.6399,2.00E-04
neidL2_20210512T165231.fits,5/12/21 16:52,54.776194,53.592,0,2459347.198,-0.6387,2.00E-04
neidL2_20210512T165058.fits,5/12/21 16:50,54.836752,53.2704,0,2459347.197,-0.6406,2.00E-04
neidL2_20210512T164925.fits,5/12/21 16:49,54.734859,52.9477,0,2459347.196,-0.641,2.00E-04
neidL2_20210512T164751.fits,5/12/21 16:47,54.805659,52.6237,0,2459347.195,-0.6386,2.00E-04
neidL2_20210512T164617.fits,5/12/21 16:46,54.770995,52.2996,0,2459347.194,-0.6396,2.00E-04
neidL2_20210512T164444.fits,5/12/21 16:44,54.847658,51.9768,0,2459347.193,-0.6409,2.00E-04
neidL2_20210512T164311.fits,5/12/21 16:43,54.778545,51.6538,0,2459347.192,-0.6395,2.00E-04
neidL2_20210512T164137.fits,5/12/21 16:41,54.808421,51.3289,0,2459347.191,-0.6382,2.00E-04
neidL2_20210512T164004.fits,5/12/21 16:40,54.761267,51.0046,0,2459347.19,-0.6406,2.00E-04
neidL2_20210512T163831.fits,5/12/21 16:38,54.842993,50.6794,0,2459347.189,-0.6409,2.00E-04
neidL2_20210512T163657.fits,5/12/21 16:36,54.796352,50.3548,0,2459347.188,-0.6397,2.00E-04
neidL2_20210512T163524.fits,5/12/21 16:35,54.822039,50.0295,0,2459347.187,-0.6392,2.00E-04
neidL2_20210512T163351.fits,5/12/21 16:33,54.824319,49.7033,0,2459347.185,-0.6406,2.00E-04
neidL2_20210511T222934.fits,5/11/21 22:29,54.819929,45.8562,0,2459346.432,-0.6418,2.00E-04
neidL2_20210511T222801.fits,5/11/21 22:28,54.761855,46.184,0,2459346.431,-0.6406,2.00E-04
neidL2_20210511T222627.fits,5/11/21 22:26,54.816692,46.5119,0,2459346.43,-0.6404,2.00E-04
neidL2_20210511T222454.fits,5/11/21 22:24,54.778329,46.8403,0,2459346.429,-0.6418,2.00E-04
neidL2_20210511T222320.fits,5/11/21 22:23,54.820677,47.1677,0,2459346.428,-0.6411,2.00E-04
neidL2_20210511T222147.fits,5/11/21 22:21,54.821409,47.4942,0,2459346.427,-0.6412,2.00E-04
neidL2_20210511T222013.fits,5/11/21 22:20,54.832871,47.821,0,2459346.426,-0.6399,2.00E-04
neidL2_20210511T221840.fits,5/11/21 22:18,54.835494,48.1462,0,2459346.425,-0.64,2.00E-04
neidL2_20210511T221707.fits,5/11/21 22:17,54.825041,48.4727,0,2459346.424,-0.641,2.00E-04
neidL2_20210511T212859.fits,5/11/21 21:28,54.820681,58.3959,0,2459346.39,-0.6403,2.00E-04
neidL2_20210511T212725.fits,5/11/21 21:27,54.872757,58.7093,0,2459346.389,-0.6419,2.00E-04
neidL2_20210511T212552.fits,5/11/21 21:25,54.818285,59.0203,0,2459346.388,-0.6393,2.00E-04
neidL2_20210511T212419.fits,5/11/21 21:24,54.849099,59.3312,0,2459346.387,-0.6401,2.00E-04
neidL2_20210511T212246.fits,5/11/21 21:22,54.840757,59.6412,0,2459346.386,-0.6422,2.00E-04
neidL2_20210511T212112.fits,5/11/21 21:21,54.840765,59.9525,0,2459346.385,-0.6406,2.00E-04
neidL2_20210511T211938.fits,5/11/21 21:19,54.818507,60.2624,0,2459346.384,-0.6396,2.00E-04
neidL2_20210511T211804.fits,5/11/21 21:18,54.825706,60.5723,0,2459346.383,-0.6412,2.00E-04
neidL2_20210511T211631.fits,5/11/21 21:16,54.825463,60.8798,0,2459346.382,-0.6415,2.00E-04
neidL2_20210511T211457.fits,5/11/21 21:14,54.81899,61.187,0,2459346.381,-0.6398,2.00E-04
neidL2_20210511T211324.fits,5/11/21 21:13,54.810592,61.4918,0,2459346.38,-0.6398,2.00E-04
neidL2_20210511T211151.fits,5/11/21 21:11,54.828037,61.7962,0,2459346.379,-0.6416,2.00E-04
neidL2_20210511T211017.fits,5/11/21 21:10,54.838601,62.1024,0,2459346.377,-0.6406,2.00E-04
neidL2_20210511T210842.fits,5/11/21 21:08,54.842368,62.4077,0,2459346.376,-0.6403,2.00E-04
neidL2_20210511T210709.fits,5/11/21 21:07,54.806294,62.7084,0,2459346.375,-0.6403,2.00E-04
neidL2_20210511T210536.fits,5/11/21 21:05,54.819079,63.008,0,2459346.374,-0.6404,2.00E-04
neidL2_20210511T210403.fits,5/11/21 21:04,54.843351,63.3067,0,2459346.373,-0.641,2.00E-04
neidL2_20210511T210230.fits,5/11/21 21:02,54.847553,63.6043,0,2459346.372,-0.641,2.00E-04
neidL2_20210511T210056.fits,5/11/21 21:00,54.81035,63.9013,0,2459346.371,-0.6397,2.00E-04
neidL2_20210511T205922.fits,5/11/21 20:59,54.824945,64.1985,0,2459346.37,-0.6419,2.00E-04
neidL2_20210511T205749.fits,5/11/21 20:57,54.796244,64.4929,0,2459346.369,-0.6416,2.00E-04
neidL2_20210511T205616.fits,5/11/21 20:56,54.813704,64.7845,0,2459346.368,-0.6404,2.00E-04
neidL2_20210511T205443.fits,5/11/21 20:54,54.840718,65.0742,0,2459346.367,-0.6401,2.00E-04
neidL2_20210511T205310.fits,5/11/21 20:53,54.83928,65.3644,0,2459346.366,-0.6408,2.00E-04
neidL2_20210511T205136.fits,5/11/21 20:51,54.827286,65.6522,0,2459346.364,-0.6418,2.00E-04
neidL2_20210511T205003.fits,5/11/21 20:50,54.808617,65.9393,0,2459346.363,-0.6404,2.00E-04
neidL2_20210511T204830.fits,5/11/21 20:48,54.824868,66.2239,0,2459346.362,-0.6405,2.00E-04
neidL2_20210511T204656.fits,5/11/21 20:46,54.87284,66.5068,0,2459346.361,-0.6411,2.00E-04
neidL2_20210511T204523.fits,5/11/21 20:45,54.835372,66.7886,0,2459346.36,-0.6416,2.00E-04
neidL2_20210511T204349.fits,5/11/21 20:43,54.827438,67.0688,0,2459346.359,-0.6401,2.00E-04
neidL2_20210511T204216.fits,5/11/21 20:42,54.839953,67.3469,0,2459346.358,-0.6415,2.00E-04
neidL2_20210511T204043.fits,5/11/21 20:40,54.825487,67.6225,0,2459346.357,-0.6417,2.00E-04
neidL2_20210511T203910.fits,5/11/21 20:39,54.837325,67.8946,0,2459346.356,-0.6401,2.00E-04
neidL2_20210511T203736.fits,5/11/21 20:37,54.840694,68.1674,0,2459346.355,-0.6403,2.00E-04
neidL2_20210511T203602.fits,5/11/21 20:36,54.873999,68.4371,0,2459346.354,-0.6415,2.00E-04
neidL2_20210511T203429.fits,5/11/21 20:34,54.850035,68.7031,0,2459346.353,-0.6416,2.00E-04
neidL2_20210511T203256.fits,5/11/21 20:32,54.817354,68.9679,0,2459346.351,-0.6405,2.00E-04
neidL2_20210511T203123.fits,5/11/21 20:31,54.817874,69.2293,0,2459346.35,-0.641,2.00E-04
neidL2_20210511T202950.fits,5/11/21 20:29,54.808618,69.4877,0,2459346.349,-0.6418,2.00E-04
neidL2_20210511T202817.fits,5/11/21 20:28,54.830101,69.7431,0,2459346.348,-0.641,2.00E-04
neidL2_20210511T202643.fits,5/11/21 20:26,54.822259,69.9977,0,2459346.347,-0.6406,2.00E-04
neidL2_20210511T202510.fits,5/11/21 20:25,54.847135,70.2482,0,2459346.346,-0.6413,2.00E-04
neidL2_20210511T202337.fits,5/11/21 20:23,54.817968,70.4961,0,2459346.345,-0.6409,2.00E-04
neidL2_20210511T202204.fits,5/11/21 20:22,54.819535,70.7403,0,2459346.344,-0.6412,2.00E-04
neidL2_20210511T202030.fits,5/11/21 20:20,54.812889,70.9823,0,2459346.343,-0.6404,2.00E-04
neidL2_20210511T201856.fits,5/11/21 20:18,54.834072,71.2227,0,2459346.342,-0.64,2.00E-04
neidL2_20210511T201722.fits,5/11/21 20:17,54.801358,71.4577,0,2459346.341,-0.6415,2.00E-04
neidL2_20210511T201549.fits,5/11/21 20:15,54.833713,71.6882,0,2459346.34,-0.6401,2.00E-04
neidL2_20210511T201416.fits,5/11/21 20:14,54.803746,71.9145,0,2459346.339,-0.6402,2.00E-04
neidL2_20210511T201243.fits,5/11/21 20:12,54.849506,72.1371,0,2459346.337,-0.6412,2.00E-04
neidL2_20210511T201109.fits,5/11/21 20:11,54.842278,72.3564,0,2459346.336,-0.6407,2.00E-04
neidL2_20210511T200936.fits,5/11/21 20:09,54.834044,72.5714,0,2459346.335,-0.6394,2.00E-04
neidL2_20210511T200802.fits,5/11/21 20:08,54.855324,72.7814,0,2459346.334,-0.6407,2.00E-04
neidL2_20210511T200629.fits,5/11/21 20:06,54.844617,72.987,0,2459346.333,-0.6413,2.00E-04
neidL2_20210511T200456.fits,5/11/21 20:04,54.825979,73.1872,0,2459346.332,-0.6403,2.00E-04
neidL2_20210511T200323.fits,5/11/21 20:03,54.80586,73.382,0,2459346.331,-0.6403,2.00E-04
neidL2_20210511T200149.fits,5/11/21 20:01,54.826918,73.5728,0,2459346.33,-0.6402,2.00E-04
neidL2_20210511T200016.fits,5/11/21 20:00,54.865577,73.7576,0,2459346.329,-0.6406,2.00E-04
neidL2_20210511T195843.fits,5/11/21 19:58,54.830429,73.937,0,2459346.328,-0.6404,2.00E-04
neidL2_20210511T195710.fits,5/11/21 19:57,54.855506,74.1103,0,2459346.327,-0.6406,2.00E-04
neidL2_20210511T195537.fits,5/11/21 19:55,54.828579,74.2778,0,2459346.326,-0.6394,2.00E-04
neidL2_20210511T195117.fits,5/11/21 19:51,54.818413,74.713,0,2459346.323,-0.6396,2.00E-04
neidL2_20210511T194944.fits,5/11/21 19:49,54.850244,74.8578,0,2459346.321,-0.639,2.00E-04
neidL2_20210511T194810.fits,5/11/21 19:48,54.843457,74.9954,0,2459346.32,-0.641,2.00E-04
neidL2_20210511T194636.fits,5/11/21 19:46,54.859056,75.126,0,2459346.319,-0.6414,2.00E-04
neidL2_20210511T194503.fits,5/11/21 19:45,54.830565,75.2486,0,2459346.318,-0.6393,2.00E-04
neidL2_20210511T194330.fits,5/11/21 19:43,54.834993,75.3641,0,2459346.317,-0.6382,2.00E-04
neidL2_20210511T194157.fits,5/11/21 19:41,54.870017,75.4726,0,2459346.316,-0.6417,2.00E-04
neidL2_20210511T194023.fits,5/11/21 19:40,54.820931,75.5729,0,2459346.315,-0.6406,2.00E-04
neidL2_20210511T193850.fits,5/11/21 19:38,54.823967,75.6651,0,2459346.314,-0.6392,2.00E-04
neidL2_20210511T193717.fits,5/11/21 19:37,54.858183,75.7495,0,2459346.313,-0.6404,2.00E-04
neidL2_20210511T193544.fits,5/11/21 19:35,54.8527,75.8255,0,2459346.312,-0.6404,2.00E-04
neidL2_20210511T193411.fits,5/11/21 19:34,54.820255,75.8932,0,2459346.311,-0.6395,2.00E-04
neidL2_20210511T193238.fits,5/11/21 19:32,54.857057,75.9528,0,2459346.31,-0.64,2.00E-04
neidL2_20210511T193105.fits,5/11/21 19:31,54.791363,76.0039,0,2459346.309,-0.6407,2.00E-04
neidL2_20210511T192931.fits,5/11/21 19:29,54.830733,76.0464,0,2459346.307,-0.6399,2.00E-04
neidL2_20210511T192758.fits,5/11/21 19:27,54.848923,76.08,0,2459346.306,-0.6403,2.00E-04
neidL2_20210511T192625.fits,5/11/21 19:26,54.833708,76.1049,0,2459346.305,-0.6407,2.00E-04
neidL2_20210511T192452.fits,5/11/21 19:24,54.821487,76.121,0,2459346.304,-0.6398,2.00E-04
neidL2_20210511T192319.fits,5/11/21 19:23,54.832673,76.1283,0,2459346.303,-0.6409,2.00E-04
neidL2_20210511T192146.fits,5/11/21 19:21,54.741154,76.1267,0,2459346.302,-0.6411,2.00E-04
neidL2_20210511T192012.fits,5/11/21 19:20,54.848255,76.1163,0,2459346.301,-0.64,2.00E-04
neidL2_20210511T191839.fits,5/11/21 19:18,54.766778,76.0969,0,2459346.3,-0.6401,2.00E-04
neidL2_20210511T191705.fits,5/11/21 19:17,54.832164,76.0687,0,2459346.299,-0.642,2.00E-04
neidL2_20210511T191532.fits,5/11/21 19:15,54.784578,76.0318,0,2459346.298,-0.6411,2.00E-04
neidL2_20210511T191359.fits,5/11/21 19:13,54.82038,75.9863,0,2459346.297,-0.6403,2.00E-04
neidL2_20210511T191225.fits,5/11/21 19:12,54.78017,75.9321,0,2459346.296,-0.6408,2.00E-04
neidL2_20210511T191052.fits,5/11/21 19:10,54.798131,75.8694,0,2459346.295,-0.6412,2.00E-04
neidL2_20210511T190918.fits,5/11/21 19:09,54.782269,75.7978,0,2459346.293,-0.6401,2.00E-04
neidL2_20210511T190745.fits,5/11/21 19:07,54.842913,75.7186,0,2459346.292,-0.6402,2.00E-04
neidL2_20210511T190612.fits,5/11/21 19:06,54.786489,75.6314,0,2459346.291,-0.6397,2.00E-04
neidL2_20210511T190439.fits,5/11/21 19:04,54.810202,75.5361,0,2459346.29,-0.6402,2.00E-04
neidL2_20210511T190306.fits,5/11/21 19:03,54.775252,75.4327,0,2459346.289,-0.6407,2.00E-04
neidL2_20210511T190132.fits,5/11/21 19:01,54.844205,75.3216,0,2459346.288,-0.6398,2.00E-04
neidL2_20210511T185959.fits,5/11/21 18:59,54.776748,75.2032,0,2459346.287,-0.6399,2.00E-04
neidL2_20210511T185826.fits,5/11/21 18:58,54.818806,75.0778,0,2459346.286,-0.642,2.00E-04
neidL2_20210511T185653.fits,5/11/21 18:56,54.753572,74.9452,0,2459346.285,-0.6411,2.00E-04
neidL2_20210511T185520.fits,5/11/21 18:55,54.850319,74.8059,0,2459346.284,-0.6395,2.00E-04
neidL2_20210511T185347.fits,5/11/21 18:53,54.758735,74.6599,0,2459346.283,-0.6413,2.00E-04
neidL2_20210511T185213.fits,5/11/21 18:52,54.852114,74.5067,0,2459346.282,-0.6418,2.00E-04
neidL2_20210511T185040.fits,5/11/21 18:50,54.774871,74.348,0,2459346.28,-0.6403,2.00E-04
neidL2_20210511T184906.fits,5/11/21 18:49,54.827607,74.1814,0,2459346.279,-0.6408,2.00E-04
neidL2_20210511T184733.fits,5/11/21 18:47,54.770811,74.0097,0,2459346.278,-0.6411,2.00E-04
neidL2_20210511T184600.fits,5/11/21 18:46,54.833689,73.8327,0,2459346.277,-0.6412,2.00E-04
neidL2_20210511T184427.fits,5/11/21 18:44,54.761852,73.6498,0,2459346.276,-0.6398,2.00E-04
neidL2_20210511T184253.fits,5/11/21 18:42,54.837425,73.4618,0,2459346.275,-0.6412,2.00E-04
neidL2_20210511T184120.fits,5/11/21 18:41,54.751268,73.268,0,2459346.274,-0.642,2.00E-04
neidL2_20210511T183946.fits,5/11/21 18:39,54.852502,73.0683,0,2459346.273,-0.6396,2.00E-04
neidL2_20210511T183813.fits,5/11/21 18:38,54.778203,72.865,0,2459346.272,-0.6392,2.00E-04
neidL2_20210511T183639.fits,5/11/21 18:36,54.841239,72.6562,0,2459346.271,-0.6417,2.00E-04
neidL2_20210511T183506.fits,5/11/21 18:35,54.756824,72.4435,0,2459346.27,-0.6406,2.00E-04
neidL2_20210511T183332.fits,5/11/21 18:33,54.826517,72.2246,0,2459346.269,-0.639,2.00E-04
neidL2_20210511T183159.fits,5/11/21 18:31,54.781514,72.0032,0,2459346.267,-0.641,2.00E-04
neidL2_20210511T183025.fits,5/11/21 18:30,54.814606,71.7775,0,2459346.266,-0.6413,2.00E-04
neidL2_20210511T182852.fits,5/11/21 18:28,54.760404,71.5484,0,2459346.265,-0.6405,2.00E-04
neidL2_20210511T182718.fits,5/11/21 18:27,54.829553,71.3151,0,2459346.264,-0.6406,2.00E-04
neidL2_20210511T182545.fits,5/11/21 18:25,54.791397,71.0792,0,2459346.263,-0.6408,2.00E-04
neidL2_20210511T182412.fits,5/11/21 18:24,54.834394,70.8394,0,2459346.262,-0.6407,2.00E-04
neidL2_20210511T182239.fits,5/11/21 18:22,54.753553,70.5965,0,2459346.261,-0.6404,2.00E-04
neidL2_20210511T182106.fits,5/11/21 18:21,54.828643,70.3497,0,2459346.26,-0.6401,2.00E-04
neidL2_20210511T181932.fits,5/11/21 18:19,54.708318,70.1004,0,2459346.259,-0.6409,2.00E-04
neidL2_20210511T181759.fits,5/11/21 18:17,54.827539,69.8486,0,2459346.258,-0.6396,2.00E-04
neidL2_20210511T180629.fits,5/11/21 18:06,54.767262,67.8973,0,2459346.25,-0.6397,2.00E-04
neidL2_20210511T180456.fits,5/11/21 18:04,54.788686,67.6241,0,2459346.249,-0.6397,2.00E-04
neidL2_20210511T180323.fits,5/11/21 18:03,54.760274,67.3492,0,2459346.248,-0.6416,2.00E-04
neidL2_20210511T180150.fits,5/11/21 18:01,54.83736,67.0718,0,2459346.247,-0.6404,2.00E-04
neidL2_20210511T180016.fits,5/11/21 18:00,54.795391,66.7922,0,2459346.245,-0.6402,2.00E-04
neidL2_20210511T175843.fits,5/11/21 17:58,54.84055,66.5111,0,2459346.244,-0.6406,2.00E-04
neidL2_20210511T175710.fits,5/11/21 17:57,54.772541,66.2274,0,2459346.243,-0.6411,2.00E-04
neidL2_20210511T175536.fits,5/11/21 17:55,54.853458,65.9423,0,2459346.242,-0.6407,2.00E-04
neidL2_20210511T175403.fits,5/11/21 17:54,54.800188,65.6561,0,2459346.241,-0.6395,2.00E-04
neidL2_20210511T175230.fits,5/11/21 17:52,54.855247,65.3684,0,2459346.24,-0.6405,2.00E-04
neidL2_20210511T175056.fits,5/11/21 17:50,54.768564,65.0776,0,2459346.239,-0.6413,2.00E-04
neidL2_20210511T174923.fits,5/11/21 17:49,54.825404,64.7864,0,2459346.238,-0.6396,2.00E-04
neidL2_20210511T174749.fits,5/11/21 17:47,54.802022,64.4925,0,2459346.237,-0.6401,2.00E-04
neidL2_20210511T174616.fits,5/11/21 17:46,54.8261,64.1994,0,2459346.236,-0.6403,2.00E-04
neidL2_20210511T174443.fits,5/11/21 17:44,54.780542,63.9045,0,2459346.235,-0.6403,2.00E-04
neidL2_20210511T174310.fits,5/11/21 17:43,54.829833,63.6076,0,2459346.234,-0.6395,2.00E-04
neidL2_20210511T174136.fits,5/11/21 17:41,54.792359,63.3102,0,2459346.233,-0.6395,2.00E-04
neidL2_20210511T174003.fits,5/11/21 17:40,54.794595,63.0104,0,2459346.231,-0.6396,2.00E-04
neidL2_20210511T173830.fits,5/11/21 17:38,54.772718,62.7117,0,2459346.23,-0.6388,2.00E-04
neidL2_20210511T173656.fits,5/11/21 17:36,54.825651,62.4095,0,2459346.229,-0.6408,2.00E-04
neidL2_20210511T173523.fits,5/11/21 17:35,54.80397,62.1072,0,2459346.228,-0.6408,2.00E-04
neidL2_20210511T173350.fits,5/11/21 17:33,54.83438,61.8049,0,2459346.227,-0.6397,2.00E-04
neidL2_20210511T173217.fits,5/11/21 17:32,54.802299,61.5016,0,2459346.226,-0.64,2.00E-04
neidL2_20210511T173044.fits,5/11/21 17:30,54.801243,61.1962,0,2459346.225,-0.6393,2.00E-04
neidL2_20210511T172911.fits,5/11/21 17:29,54.762934,60.8905,0,2459346.224,-0.6401,2.00E-04
neidL2_20210511T172737.fits,5/11/21 17:27,54.835703,60.583,0,2459346.223,-0.6398,2.00E-04
neidL2_20210511T172604.fits,5/11/21 17:26,54.793437,60.2758,0,2459346.222,-0.6395,2.00E-04
neidL2_20210511T172431.fits,5/11/21 17:24,54.804978,59.9666,0,2459346.221,-0.6395,2.00E-04
neidL2_20210511T172258.fits,5/11/21 17:22,54.762461,59.657,0,2459346.22,-0.6399,2.00E-04
neidL2_20210511T172124.fits,5/11/21 17:21,54.832122,59.3472,0,2459346.218,-0.6395,2.00E-04
neidL2_20210511T171951.fits,5/11/21 17:19,54.794934,59.0363,0,2459346.217,-0.6397,2.00E-04
neidL2_20210511T171818.fits,5/11/21 17:18,54.828002,58.7235,0,2459346.216,-0.6389,2.00E-04
neidL2_20210511T171644.fits,5/11/21 17:16,54.794935,58.4112,0,2459346.215,-0.6395,2.00E-04
neidL2_20210511T171511.fits,5/11/21 17:15,54.849152,58.098,0,2459346.214,-0.6412,2.00E-04
neidL2_20210511T171338.fits,5/11/21 17:13,54.755898,57.7838,0,2459346.213,-0.6398,2.00E-04
neidL2_20210511T171205.fits,5/11/21 17:12,54.815266,57.4691,0,2459346.212,-0.6395,2.00E-04
neidL2_20210511T171031.fits,5/11/21 17:10,54.733139,57.1535,0,2459346.211,-0.6406,2.00E-04
neidL2_20210511T170858.fits,5/11/21 17:08,54.862299,56.8386,0,2459346.21,-0.6413,2.00E-04
neidL2_20210511T170725.fits,5/11/21 17:07,54.751996,56.5238,0,2459346.209,-0.6404,2.00E-04
neidL2_20210511T170552.fits,5/11/21 17:05,54.836086,56.2065,0,2459346.208,-0.6398,2.00E-04
neidL2_20210511T170419.fits,5/11/21 17:04,54.759432,55.8887,0,2459346.207,-0.6411,2.00E-04
neidL2_20210511T170245.fits,5/11/21 17:02,54.821918,55.5709,0,2459346.206,-0.641,2.00E-04
neidL2_20210511T170112.fits,5/11/21 17:01,54.774743,55.2537,0,2459346.204,-0.6403,2.00E-04
neidL2_20210511T165939.fits,5/11/21 16:59,54.8149,54.9342,0,2459346.203,-0.6404,2.00E-04
neidL2_20210511T165806.fits,5/11/21 16:58,54.786246,54.6164,0,2459346.202,-0.6407,2.00E-04
neidL2_20210511T165633.fits,5/11/21 16:56,54.867431,54.2974,0,2459346.201,-0.6409,2.00E-04
neidL2_20210511T165500.fits,5/11/21 16:55,54.801237,53.9789,0,2459346.2,-0.6394,2.00E-04
neidL2_20210511T165327.fits,5/11/21 16:53,54.8328,53.6579,0,2459346.199,-0.6393,2.00E-04
neidL2_20210511T165154.fits,5/11/21 16:51,54.776728,53.3381,0,2459346.198,-0.64,2.00E-04
neidL2_20210511T165021.fits,5/11/21 16:50,54.82572,53.0165,0,2459346.197,-0.64,2.00E-04
neidL2_20210511T164848.fits,5/11/21 16:48,54.779368,52.6946,0,2459346.196,-0.6398,2.00E-04
neidL2_20210511T164715.fits,5/11/21 16:47,54.829862,52.374,0,2459346.195,-0.6395,2.00E-04
neidL2_20210511T164542.fits,5/11/21 16:45,54.782469,52.0522,0,2459346.194,-0.6411,2.00E-04
neidL2_20210511T164409.fits,5/11/21 16:44,54.814412,51.7294,0,2459346.193,-0.6406,2.00E-04
neidL2_20210511T164235.fits,5/11/21 16:42,54.77674,51.4054,0,2459346.192,-0.6394,2.00E-04
neidL2_20210511T164102.fits,5/11/21 16:41,54.810208,51.0818,0,2459346.19,-0.6392,2.00E-04
neidL2_20210511T163928.fits,5/11/21 16:39,54.800159,50.757,0,2459346.189,-0.6409,2.00E-04
neidL2_20210511T163755.fits,5/11/21 16:37,54.854665,50.433,0,2459346.188,-0.6403,2.00E-04
neidL2_20210511T163622.fits,5/11/21 16:36,54.769312,50.108,0,2459346.187,-0.6381,2.00E-04
neidL2_20210511T163448.fits,5/11/21 16:34,54.834008,49.7828,0,2459346.186,-0.6395,2.00E-04
neidL2_20210511T163315.fits,5/11/21 16:33,54.825639,49.4583,0,2459346.185,-0.6401,2.00E-04