date_obs,date_jd,rv_sun,rv_error,v_quiet,v_disc,v_phot,v_conv,f_bright,f_spot,f,Bobs,vphot_bright,vphot_spot,f_small,f_large,f_network,f_plage,f_nonconv,quiet_flux,ar_flux,conv_flux,pol_flux,pol_conv_flux,vconv_quiet,vconv_large,vconv_small,rv_model,rv_model_bobs,rv_model_weather_coeff
2020-12-12T12:00:00,2459196,-639.85,0.2,-16.685,-13.3,0.099,3.385,1.858,0,1.858,8.569,0.099,0,1.729,0.129,1.729,0.129,0,7.31,70.536,126.877,0.091,32.36,0.168,0.172,0.172,105.87981,8.48114601,-641.1504133
2020-12-13T12:00:00,2459197,-639.5,0.2,-17.2,-13.818,0.013,3.381,1.876,0,1.876,8.546,0.013,0,1.749,0.127,1.749,0.127,0,7.284,70.336,132.899,0.05,-7.341,0.105,0.109,0.109,105.68345,8.551105443,-641.2505591
2020-12-14T12:00:00,2459198,-590.6,0.2,-19.09,-15.693,-0.036,3.397,1.927,0,1.927,8.646,-0.037,0.001,1.73,0.197,1.73,0.197,0,7.296,73.116,140.451,-0.02,-9.431,0.213,0.219,0.219,105.58857,8.603610792,-641.2816078
2020-12-15T12:00:00,2459199,-594.8,0.2,-18.893,-15.037,-0.04,3.856,2.059,0,2.059,8.869,-0.043,0.002,1.722,0.337,1.722,0.336,0,7.306,78.521,144.513,-0.041,-12.657,0.596,0.607,0.607,106.00648,8.924511542,-640.632844
2020-12-16T12:00:00,2459200,-598,0.2,-19.201,-15.087,-0.004,4.114,2.15,0.001,2.151,9.047,-0.012,0.008,1.735,0.417,1.735,0.415,0,7.286,83.789,153.911,-0.037,-18.702,0.905,0.919,0.919,106.32706,9.07254214,-640.2261712
2020-12-17T17:15:21,2459201.219,-638.05,0.2,-24.063,-19.378,0.049,4.685,2.279,0.001,2.28,9.21,0.047,0.003,1.766,0.514,1.766,0.513,0,7.267,86.167,150.245,-0.049,-18.56,1.331,1.35,1.35,106.97681,9.422717647,-639.3554283
2020-12-18T12:00:00,2459202,-606.65,0.2,-21.564,-16.98,0.056,4.584,2.263,0,2.263,9.238,0.056,0,1.737,0.526,1.737,0.526,0,7.281,87.096,150.16,-0.006,-18.572,1.415,1.434,1.434,106.89856,9.346930228,-639.4914632
2020-12-19T12:00:00,2459203,-639.15,0.2,-21.63,-16.927,0.058,4.704,2.256,0,2.256,9.242,0.058,0,1.732,0.524,1.732,0.524,0,7.332,85.185,142.77,0.062,-10.674,1.405,1.424,1.424,107.01464,9.428250188,-639.3185066
2020-12-20T12:00:00,2459204,-640.3,0.2,-20.722,-16.629,0.056,4.093,2.162,0,2.162,9.058,0.056,0,1.758,0.404,1.758,0.404,0,7.314,81.766,141.757,0.163,-3.611,0.883,0.898,0.898,106.44193,9.007275765,-640.1901562
2020-12-21T12:00:00,2459205,-639,0.2,-19.795,-15.971,0.059,3.824,2.116,0,2.116,8.883,0.059,0,1.793,0.323,1.793,0.323,0,7.308,76.58,129.582,0.151,-9.839,0.51,0.521,0.521,106.19848,8.818655189,-640.5696483
2020-12-22T12:00:00,2459206,-639.8,0.2,-20.724,-16.847,0.131,3.877,2.201,0.005,2.206,9.074,0.075,0.056,1.84,0.366,1.84,0.361,0,7.412,78.845,138.096,0.075,-8.803,0.492,0.504,0.504,106.40905,8.794431219,-640.4151517
2020-12-23T12:00:00,2459207,-638.9,0.2,-20.495,-16.546,0.139,3.949,2.29,0.008,2.299,9.16,0.055,0.083,1.892,0.407,1.892,0.399,0,7.371,81.558,147.007,-0.016,-17.106,0.652,0.665,0.665,106.49393,8.83747273,-640.3039093
2020-12-25T12:00:00,2459209,-639,0.2,-20.701,-15.405,0.255,5.296,2.642,0.015,2.658,9.829,0.161,0.094,1.879,0.779,1.879,0.764,0,7.338,95.8,162.721,-0.127,-10.797,1.941,1.969,1.969,108.00648,9.671178104,-638.2597255
2020-12-26T12:00:00,2459210,-638.05,0.2,-22.843,-16.862,0.234,5.981,2.755,0.018,2.773,10.102,0.163,0.071,1.869,0.904,1.869,0.886,0,7.344,100.059,165.809,-0.006,-0.053,2.42,2.455,2.455,108.59649,10.16279292,-637.3080348
2020-12-27T12:00:00,2459211,-639.1,0.2,-21.367,-15.213,0.103,6.154,2.776,0.018,2.794,10.199,0.091,0.012,1.841,0.953,1.841,0.935,0,7.324,102.58,166.553,0.073,2.886,2.537,2.575,2.575,108.46394,10.39324853,-637.2057331
2020-12-28T12:00:00,2459212,,,-23.924,-17.821,-0.047,6.103,2.81,0.017,2.827,10.229,-0.009,-0.038,1.947,0.88,1.947,0.864,0,7.351,101.557,168.734,0.174,13.575,2.356,2.392,2.392,108.08051,10.48481725,-637.4430511
2020-12-29T12:00:00,2459213,,,-22.552,-17.178,-0.123,5.374,2.727,0.013,2.741,9.981,-0.049,-0.074,1.96,0.781,1.96,0.768,0,7.344,96.98,164.503,0.13,13.138,1.793,1.823,1.823,107.2323,10.04479366,-638.5638889
2020-12-31T12:00:00,2459215,,,-20.205,-15.865,0.006,4.34,2.538,0.006,2.544,9.498,0.062,-0.055,2.004,0.541,2.004,0.534,0,7.354,86.866,151.527,0.001,4.154,0.756,0.776,0.776,106.55964,9.220423472,-639.8935902
2021-01-01T12:00:00,2459216,-638.9,0.2,-19.542,-15.443,0.095,4.099,2.341,0.003,2.344,9.218,0.119,-0.024,1.958,0.385,1.958,0.383,0,7.349,82.545,145.012,-0.103,-19.881,0.591,0.605,0.605,106.53487,8.978445717,-640.1387845
2021-01-02T12:00:00,2459217,-638.7,0.2,-18.725,-14.766,0.127,3.959,2.197,0,2.197,8.985,0.127,0,1.908,0.289,1.908,0.289,0,7.326,77.873,128.656,-0.195,-14.595,0.516,0.527,0.527,106.47635,8.854538216,-640.3028589
2021-01-03T12:00:00,2459218,-639.45,0.2,-21.709,-17.551,0.102,4.158,2.203,0,2.203,8.98,0.102,0,1.959,0.244,1.959,0.244,0,7.344,76.193,128.148,-0.226,-24.083,0.539,0.549,0.549,106.60542,9.013339997,-640.0471394
2021-01-05T12:00:00,2459220,-639.6,0.2,-18.788,-15.1,0.095,3.688,1.985,0,1.985,8.736,0.095,0,1.788,0.197,1.788,0.197,0,7.292,74.54,126.993,-0.062,10.788,0.429,0.436,0.436,106.15264,8.694132103,-640.7236375
2021-01-06T12:00:00,2459221,-639.6,0.2,-18.046,-14.531,0.104,3.515,1.906,0,1.906,8.63,0.104,0,1.769,0.137,1.769,0.137,0,7.303,71.929,119.054,-0.019,38.005,0.228,0.233,0.233,106.01191,8.566846606,-640.9599318
2021-01-07T12:00:00,2459222,-639.9,0.2,-20.051,-16.753,0.101,3.298,1.814,0,1.814,8.522,0.101,0,1.701,0.113,1.701,0.113,0,7.304,69.752,125.271,0.117,80.164,0.145,0.149,0.149,105.80338,8.419271522,-641.2720177
2021-01-08T12:00:00,2459223,-639.9,0.2,-17.661,-14.661,0.095,3,1.74,0,1.74,8.409,0.095,0,1.699,0.041,1.699,0.041,0,7.294,67.074,117.752,0.149,77.107,0.025,0.027,0.027,105.5128,8.218200799,-641.7026615
2021-01-09T12:00:00,2459224,-639.55,0.2,-18.245,-15.106,0.047,3.139,1.681,0,1.681,8.336,0.047,0,1.669,0.012,1.669,0.012,0,7.278,65.964,116.273,0.104,116.273,-0.001,0,0,105.53455,8.354947046,-641.5575829
2021-01-10T12:00:00,2459225,-639.1,0.2,-18.522,-15.398,0.006,3.123,1.668,0,1.668,8.335,0.006,0,1.647,0.02,1.647,0.02,0,7.276,66.529,134.652,0.019,-44.59,0.022,0.022,0.022,105.42783,8.378550801,-641.6253812
2021-01-11T12:00:00,2459226,-639.4,0.2,-17.81,-14.733,-0.015,3.078,1.705,0,1.705,8.378,-0.015,0,1.658,0.047,1.658,0.047,0,7.288,66.848,121.942,-0.104,-60.104,0.046,0.047,0.047,105.33894,8.365180364,-641.7124805
2021-01-12T12:00:00,2459227,-639.15,0.2,-17.425,-14.187,-0.01,3.239,1.754,0,1.754,8.611,-0.01,0,1.669,0.085,1.669,0.085,0,7.465,68.199,134.893,-0.089,-62.682,0.185,0.187,0.187,105.49987,8.47232554,-641.477886
2021-01-13T12:00:00,2459228,-647.2,0.2,-17.866,-14.525,0.018,3.341,1.78,0,1.78,8.47,0.018,0,1.667,0.113,1.667,0.113,0,7.274,69.61,124.295,-0.11,-54.082,0.276,0.28,0.28,105.65745,8.519206735,-641.3019876
2021-01-14T12:00:00,2459229,-640.45,0.2,-17.638,-14.104,0.016,3.534,1.818,0,1.818,8.528,0.016,0,1.696,0.122,1.696,0.122,0,7.251,72.217,144.935,-0.066,-61.259,0.318,0.323,0.323,105.83246,8.654407848,-641.0295452
2021-01-15T12:00:00,2459230,-639.6,0.2,-19.135,-15.523,0.025,3.612,1.875,0,1.876,8.661,0.025,0,1.715,0.161,1.715,0.161,0,7.302,74.207,146.13,-0.046,-29.223,0.429,0.435,0.435,105.92516,8.700754266,-640.9086665
2021-01-16T12:00:00,2459231,-640,0.2,-19.382,-15.744,0.018,3.638,1.894,0.001,1.895,8.682,0.02,-0.001,1.74,0.155,1.74,0.154,0,7.304,74.53,149.297,0.014,-49.558,0.331,0.337,0.337,105.93366,8.724659639,-640.8793566
2021-01-17T12:00:00,2459232,-640.9,0.2,-19.839,-16.451,0.012,3.388,1.859,0,1.859,8.592,0.012,0,1.746,0.114,1.746,0.114,0,7.301,71.788,132.324,-0.003,-10.411,0.17,0.174,0.174,105.68772,8.556793424,-641.2416964
2021-01-20T12:00:00,2459235,-638.3,0.2,-16.415,-12.597,0.011,3.818,2.107,0.003,2.11,8.927,-0.01,0.021,1.866,0.244,1.866,0.241,0,7.327,78.708,155.95,-0.227,-54.523,0.438,0.446,0.446,106.08538,8.855096147,-640.6309047
2021-01-21T12:00:00,2459236,,,-16.079,-11.705,0.041,4.373,2.238,0.003,2.242,9.126,0.021,0.02,1.887,0.355,1.887,0.352,0,7.301,83.305,158.067,-0.176,-42.003,0.889,0.902,0.902,106.66873,9.213653588,-639.8081907
2021-01-22T12:00:00,2459237,-649.6,0.2,-17.538,-12.731,0.037,4.807,2.352,0.004,2.356,9.333,0.029,0.008,1.887,0.469,1.887,0.465,0,7.324,86.284,151.992,-0.253,-34.692,1.33,1.348,1.348,107.06339,9.517260323,-639.1950019
2021-01-23T12:00:00,2459238,-639.6,0.2,-19.261,-14.198,0.02,5.063,2.407,0.003,2.41,9.372,0.021,-0.001,1.907,0.502,1.907,0.499,0,7.312,86.023,143.247,-0.171,-23.054,1.368,1.388,1.388,107.26339,9.708727205,-638.849385
2021-01-28T12:00:00,2459243,-640,0.2,-18.681,-14.791,0.105,3.891,2.134,0,2.134,8.988,0.105,0,1.904,0.23,1.904,0.23,0,7.4,76.887,139.124,0.012,19.021,0.38,0.389,0.389,106.36383,8.826102942,-640.4237855
2021-01-29T12:00:00,2459244,-639.5,0.2,-17.79,-14.172,0.086,3.618,2.048,0,2.048,8.794,0.086,0,1.864,0.183,1.864,0.183,0,7.312,74.786,134.715,-0.116,4.821,0.351,0.357,0.357,106.06738,8.653319771,-640.8331322
2021-01-30T12:00:00,2459245,-639.25,0.2,-18.308,-14.661,0.063,3.646,2.028,0,2.028,8.778,0.063,0,1.896,0.132,1.896,0.132,0,7.344,73.028,126.695,-0.182,2.902,0.228,0.233,0.233,106.0419,8.692139172,-640.8185491
2021-01-31T12:00:00,2459246,-639.95,0.2,-16.256,-12.656,0.059,3.6,1.966,0,1.966,8.668,0.059,0,1.856,0.11,1.856,0.11,0,7.313,71.216,124.45,-0.172,18.822,0.178,0.182,0.182,105.99016,8.66370081,-640.8884003
2021-02-02T12:00:00,2459248,,,-17.11,-13.86,0.062,3.25,1.839,0,1.839,8.54,0.063,-0.001,1.763,0.077,1.763,0.076,0,7.309,69.468,129.717,-0.097,-8.77,0.052,0.055,0.055,105.67138,8.419047624,-641.3831554
2021-02-03T12:00:00,2459249,-640.7,0.2,-17.828,-14.577,0.048,3.251,1.769,0,1.769,8.446,0.048,0,1.731,0.039,1.731,0.039,0,7.301,67.327,115.213,0.102,32.473,0.054,0.056,0.056,105.64095,8.431578579,-641.3971086
2021-02-04T12:00:00,2459250,-641.05,0.2,-15.717,-12.667,0.05,3.05,1.694,0,1.694,8.359,0.05,0,1.679,0.015,1.679,0.015,0,7.292,65.753,129.449,0.097,95.755,0.017,0.018,0.018,105.4585,8.290843381,-641.680935
2021-02-05T12:00:00,2459251,-641.3,0.2,-15.169,-12.139,0.051,3.031,1.641,0,1.641,8.284,0.051,0,1.637,0.004,1.637,0.004,0,7.261,65.268,85.7,0.168,85.7,-0.002,-0.002,-0.002,105.44307,8.276854273,-641.7068737
2021-02-06T12:00:00,2459252,-640.6,0.2,-16.842,-13.82,0.032,3.021,1.651,0,1.651,8.314,0.032,0,1.637,0.013,1.637,0.013,0,7.287,65.233,118.76,0.106,43.407,0.013,0.014,0.014,105.39121,8.286004144,-641.7419714
2021-02-07T12:00:00,2459253,-660.6,0.2,-17.849,-14.769,0.025,3.08,1.608,0,1.608,8.292,0.025,0,1.604,0.004,1.604,0.004,0,7.297,64.85,101.698,-0.037,101.698,0.002,0.002,0.002,105.4304,8.332737617,-641.6657025
2021-02-08T12:00:00,2459254,-639.5,0.2,-17.894,-14.778,0.006,3.116,1.686,0,1.686,8.344,0.006,0,1.671,0.015,1.671,0.015,0,7.283,65.771,124.248,-0.095,-61.772,0.013,0.013,0.013,105.42132,8.373708477,-641.6353422
2021-02-09T12:00:00,2459255,-640.1,0.2,-16.836,-13.687,-0.012,3.148,1.689,0,1.689,8.349,-0.012,0,1.646,0.043,1.646,0.043,0,7.263,66.989,130.483,-0.079,-12.042,0.064,0.066,0.066,105.41076,8.411066637,-641.6095756
2021-02-10T12:00:00,2459256,-640.1,0.2,-15.439,-12.053,0.006,3.386,1.785,0,1.785,8.453,0.006,0,1.711,0.074,1.711,0.074,0,7.281,68.234,121.566,-0.057,-26.485,0.139,0.141,0.141,105.67242,8.560483843,-641.2511322
2021-02-11T12:00:00,2459257,-640.5,0.2,-15.31,-11.907,0.023,3.403,1.796,0,1.796,8.493,0.023,0,1.718,0.077,1.718,0.077,0,7.27,70.35,140.808,-0.092,-10.195,0.139,0.142,0.142,105.72631,8.55786761,-641.2082701
2021-02-12T12:00:00,2459258,-639.55,0.2,-18.736,-15.143,0.024,3.593,1.854,0,1.854,8.544,0.024,0,1.76,0.094,1.76,0.094,0,7.278,70.495,134.186,-0.038,-14.846,0.253,0.256,0.256,105.90525,8.688456471,-640.9368018
2021-02-13T12:00:00,2459259,,,-19.691,-16.158,0.013,3.534,1.831,0,1.831,8.548,0.013,0,1.718,0.113,1.718,0.113,0,7.284,71.338,133.687,-0.033,23.159,0.265,0.269,0.269,105.82574,8.656944818,-641.0328401
2021-02-14T12:00:00,2459260,-640.3,0.2,-18.011,-14.61,0.017,3.402,1.866,0,1.866,8.555,0.017,0,1.745,0.122,1.745,0.122,0,7.282,70.704,127.715,-0.073,19.88,0.247,0.252,0.252,105.71194,8.56224979,-641.2162829
2021-02-15T12:00:00,2459261,-640,0.2,-17.109,-13.61,0.012,3.499,1.898,0,1.898,8.577,0.012,0,1.786,0.112,1.786,0.112,0,7.28,70.868,124.374,-0.076,-8.682,0.209,0.213,0.213,105.79095,8.633578853,-641.0837434
2021-02-16T12:00:00,2459262,,,-17.028,-13.465,0.029,3.563,1.93,0,1.93,8.615,0.029,0,1.812,0.118,1.812,0.118,0,7.297,70.79,118.532,-0.28,-39.004,0.239,0.243,0.243,105.88855,8.663475369,-640.9740003
2021-02-18T12:00:00,2459264,-639.9,0.2,-18.433,-14.587,0.028,3.846,2.018,0,2.018,8.692,0.029,-0.001,1.869,0.149,1.869,0.148,0,7.27,72.686,126.197,-0.34,-80.787,0.342,0.348,0.348,106.1495,8.86008928,-640.5723896
2021-02-19T12:00:00,2459265,-663.5,0.2,-19.12,-15.347,0.031,3.773,1.995,0,1.995,8.666,0.031,0,1.887,0.108,1.887,0.108,0,7.258,72.765,135.769,-0.286,-79.573,0.222,0.226,0.226,106.08833,8.807053785,-640.6729737
2021-02-20T12:00:00,2459266,-639.4,0.2,-17.648,-13.941,0.006,3.707,2.036,0,2.036,8.738,0.006,0,1.886,0.15,1.886,0.15,0,7.285,73.732,126.86,-0.295,-36.962,0.25,0.256,0.256,105.97095,8.782539002,-640.7943492
2021-02-21T12:00:00,2459267,-638.9,0.2,-16.713,-12.83,0.019,3.883,2.061,0,2.061,8.727,0.019,0,1.89,0.171,1.89,0.171,0,7.254,73.83,125.207,-0.147,-25.719,0.245,0.252,0.252,106.16375,8.893295333,-640.5296233
2021-02-22T12:00:00,2459268,-639.9,0.2,-17.986,-14.008,0.043,3.979,2.142,0.002,2.144,8.878,0.043,0,1.893,0.251,1.893,0.249,0,7.257,77.567,140.688,-0.104,3.16,0.529,0.538,0.538,106.30679,8.939408591,-640.3666561
2021-02-23T12:00:00,2459269,-639.9,0.2,-17.28,-12.982,0.036,4.298,2.246,0.005,2.25,9.227,0.045,-0.009,1.866,0.384,1.866,0.38,0,7.265,88.264,182.517,-0.026,7.235,0.921,0.935,0.935,106.58778,9.165999825,-639.9204072
2021-02-24T12:00:00,2459270,-639,0.2,-18.786,-14.641,-0.009,4.145,2.238,0.005,2.243,9.245,0.015,-0.023,1.808,0.435,1.808,0.43,0,7.278,88.852,178.032,0.014,16.667,0.875,0.891,0.891,106.34469,9.098215002,-640.1875497
2021-02-25T12:00:00,2459271,-639.3,0.2,-18.619,-14.725,-0.084,3.894,2.271,0.008,2.279,9.175,-0.023,-0.061,1.842,0.437,1.842,0.429,0,7.241,86.803,171.978,0.017,17.49,0.475,0.491,0.491,105.94326,8.98800734,-640.6270952
2021-02-26T12:00:00,2459272,-669.5,0.2,-17.349,-13.979,0.003,3.37,2.154,0.005,2.159,8.956,0.051,-0.047,1.834,0.326,1.834,0.321,0,7.24,82.449,170.363,-0.053,8.069,0.123,0.133,0.133,105.65082,8.551952644,-641.2771951
2021-02-27T12:00:00,2459273,-639.8,0.2,-16.424,-13.247,0.075,3.177,1.968,0.003,1.971,8.696,0.096,-0.021,1.776,0.194,1.776,0.192,0,7.247,76.942,173.118,-0.03,19.182,-0.051,-0.045,-0.045,105.63261,8.357555562,-641.4727565
2021-02-28T12:00:00,2459274,-669.95,0.2,-17.313,-14.017,0.095,3.296,1.821,0,1.821,8.439,0.095,0,1.746,0.075,1.746,0.075,0,7.228,69.227,123.983,0.002,58.195,0.063,0.066,0.066,105.78808,8.422961941,-641.2814535
2021-03-01T12:01:26,2459275.001,-640.75,0.2,-16.568,-13.247,0.083,3.321,1.774,0,1.775,8.395,0.082,0.001,1.713,0.062,1.713,0.061,0,7.212,69.18,143.682,0.063,56.799,0.121,0.124,0.124,105.78445,8.450403837,-641.2590581
2021-03-02T12:00:00,2459276,-641.3,0.2,-17.097,-13.719,0.055,3.377,1.825,0,1.825,8.472,0.055,0,1.698,0.127,1.698,0.127,0,7.201,71.768,143.394,0.115,38.269,0.268,0.272,0.272,105.77381,8.512820819,-641.2101225
2021-03-03T12:00:00,2459277,-639.7,0.2,-17.153,-13.543,0.061,3.61,1.854,0.002,1.856,8.656,0.058,0.004,1.622,0.234,1.622,0.232,0,7.186,80.573,183.048,0.112,12.087,0.541,0.548,0.548,106.00394,8.668927103,-640.8719737
2021-03-04T12:00:00,2459278,-639.7,0.2,-17.386,-13.682,0.067,3.705,1.904,0.001,1.905,8.705,0.066,0,1.675,0.23,1.675,0.229,0,7.23,78.909,173.899,0.083,12.402,0.615,0.623,0.623,106.10573,8.729570422,-640.7301989
2021-03-05T12:00:00,2459279,-639.9,0.2,-17.821,-14.303,0.084,3.517,1.872,0,1.872,8.645,0.084,0,1.628,0.244,1.628,0.244,0,7.22,77.666,157.023,0.095,5.444,0.569,0.577,0.577,105.96897,8.585143262,-640.9790518
2021-03-06T12:00:00,2459280,-639.8,0.2,-18.077,-14.764,0.101,3.313,1.829,0,1.829,8.535,0.101,0,1.618,0.211,1.618,0.211,0,7.204,74.739,151.865,0.038,10.325,0.373,0.38,0.38,105.81733,8.429647932,-641.2506727
2021-03-07T12:00:00,2459281,-640.4,0.2,-17.349,-14.164,0.047,3.185,1.819,0.002,1.821,8.523,0.057,-0.011,1.612,0.209,1.612,0.207,0,7.198,75.236,166.891,-0.063,-5.966,0.252,0.258,0.258,105.57733,8.386768035,-641.4921249
2021-03-08T12:00:00,2459282,-638.4,0.2,-16.638,-13.522,0.071,3.116,1.762,0,1.762,8.374,0.071,0,1.615,0.147,1.615,0.147,0,7.159,71.406,139.893,-0.024,12.344,0.09,0.094,0.094,105.56692,8.318740791,-641.5639527
2021-03-09T12:00:00,2459283,,,-16.075,-12.843,0.057,3.232,1.76,0,1.76,8.37,0.057,0,1.632,0.129,1.632,0.129,0,7.18,70.033,136.707,-0.071,2.002,0.124,0.128,0.128,105.64344,8.410824217,-641.4142609
2021-03-10T12:01:26,2459284.001,-640.6,0.2,-17.285,-14.021,0.076,3.264,1.761,0.001,1.761,8.419,0.071,0.005,1.626,0.135,1.626,0.134,0,7.216,71.098,143.854,-0.028,17.441,0.172,0.176,0.176,105.71576,8.416893079,-641.3478572
2021-03-11T12:00:00,2459285,-639.5,0.2,-17.134,-13.723,0.024,3.412,1.848,0.001,1.848,8.486,0.019,0.006,1.685,0.164,1.685,0.163,0,7.184,73.071,156.544,-0.049,22.419,0.284,0.29,0.29,105.73692,8.563247799,-641.1943648
2021-03-12T12:00:00,2459286,-639.35,0.2,-18.774,-15.274,0.018,3.499,1.904,0.001,1.905,8.564,0.013,0.005,1.721,0.184,1.721,0.183,0,7.171,75.342,159.95,-0.002,21.953,0.301,0.307,0.307,105.80439,8.628504913,-641.0771536
2021-03-13T12:00:00,2459287,,,-18.559,-14.859,0.042,3.7,1.962,0,1.963,8.631,0.04,0.002,1.716,0.247,1.716,0.246,0,7.178,75.892,146.472,-0.05,9.753,0.536,0.545,0.545,106.04508,8.747253036,-640.7647714
2021-03-14T12:00:00,2459288,-639.4,0.2,-16.599,-12.722,0.035,3.877,1.97,0.001,1.971,8.708,0.035,-0.001,1.713,0.258,1.713,0.257,0,7.174,79.337,167.086,-0.107,9.162,0.688,0.697,0.697,106.19401,8.875614262,-640.5205885
2021-03-15T12:00:00,2459289,,,-17.594,-13.761,0.045,3.834,1.987,0,1.987,8.669,0.045,0,1.721,0.265,1.721,0.265,0,7.15,77.903,144.35,-0.195,-11.078,0.592,0.602,0.602,106.17642,8.837411989,-640.5707945
2021-03-17T12:00:00,2459291,-639.4,0.2,-17.357,-13.795,0.039,3.562,1.976,0,1.977,8.644,0.036,0.002,1.766,0.211,1.766,0.211,0,7.194,75.65,149.731,-0.332,-25.944,0.301,0.309,0.309,105.91002,8.654327041,-640.9644403
2021-03-19T12:00:00,2459293,-672.65,0.2,-18.126,-14.353,0.09,3.773,2.071,0,2.072,8.69,0.088,0.002,1.82,0.252,1.82,0.252,0,7.185,75.043,133.276,-0.337,-4.689,0.423,0.432,0.432,106.22049,8.757160039,-640.608174
2021-03-20T12:00:00,2459294,-640.2,0.2,-17.169,-13.324,0.068,3.844,2.04,0,2.041,8.669,0.067,0.001,1.828,0.213,1.828,0.212,0,7.173,75.342,139.844,-0.213,-10.744,0.498,0.505,0.505,106.23724,8.824879491,-640.5313036
2021-03-21T12:00:00,2459295,-640,0.2,-18.046,-14.123,0.04,3.923,2.091,0,2.091,8.728,0.04,0,1.821,0.27,1.821,0.27,0,7.17,76.533,128.162,-0.147,9.751,0.585,0.595,0.595,106.24799,8.903206967,-640.449639
2021-03-22T12:00:00,2459296,-639,0.2,-16.575,-12.91,0.026,3.665,2.081,0,2.081,8.714,0.026,0,1.816,0.264,1.816,0.264,0,7.149,77.249,138.04,-0.135,8.152,0.383,0.392,0.392,105.97669,8.736571922,-640.8321492
2021-03-23T12:00:00,2459297,-638.9,0.2,-18.622,-14.806,0.054,3.816,2.167,0.001,2.168,8.836,0.047,0.007,1.825,0.344,1.825,0.343,0,7.149,79.996,139.962,-0.057,18.338,0.43,0.442,0.442,106.17984,8.817349387,-640.5865238
2021-03-24T12:00:00,2459298,-674.7,0.2,-16.613,-12.874,0.112,3.739,2.161,0.002,2.163,8.847,0.097,0.015,1.821,0.342,1.821,0.34,0,7.16,80.217,150.192,-0.018,4.555,0.444,0.456,0.456,106.23815,8.715035731,-640.6323934
2021-03-25T12:00:00,2459299,-640.1,0.2,-19.921,-15.936,0.127,3.986,2.166,0.003,2.169,8.849,0.113,0.014,1.844,0.325,1.844,0.322,0,7.153,80.31,152.477,-0.098,-6.532,0.622,0.633,0.633,106.50146,8.873215753,-640.2644379
2021-03-26T12:00:00,2459300,-640.5,0.2,-20.279,-16.393,0.101,3.886,2.077,0.002,2.079,8.79,0.095,0.006,1.756,0.323,1.756,0.321,0,7.159,80.376,152.239,-0.07,-14.399,0.731,0.742,0.742,106.35022,8.826026765,-640.4352937
2021-03-27T12:00:00,2459301,-640,0.2,-17.417,-13.637,0.063,3.779,2.043,0.001,2.044,8.751,0.061,0.002,1.746,0.298,1.746,0.297,0,7.143,80.366,158.181,-0.109,-5.838,0.582,0.592,0.592,106.16559,8.784143334,-640.6292901
2021-03-28T12:01:26,2459302.001,-639.4,0.2,-16.335,-12.638,0.071,3.697,2.018,0.001,2.019,8.678,0.071,0,1.735,0.284,1.735,0.283,0,7.133,78.307,146.332,-0.003,-6.5,0.44,0.45,0.45,106.10725,8.72065371,-640.7371897
2021-03-29T12:00:00,2459303,-639.95,0.2,-19.29,-15.608,0.092,3.682,2.024,0,2.024,8.619,0.092,-0.001,1.741,0.283,1.741,0.282,0,7.121,76.017,136.178,0.006,1.355,0.446,0.455,0.455,106.14034,8.69251851,-640.7354704
2021-03-30T12:00:00,2459304,-641.15,0.2,-17.609,-14.135,0.12,3.475,1.918,0,1.918,8.502,0.12,0,1.721,0.196,1.721,0.196,0,7.131,73.873,142.888,0.023,7.098,0.314,0.321,0.321,106.01055,8.525645674,-640.999279
2021-04-01T12:00:00,2459306,-639.2,0.2,-18.47,-15.189,0.089,3.281,1.759,0,1.759,8.252,0.089,0,1.678,0.081,1.678,0.081,0,7.092,68.234,121.214,0.106,76.173,0.111,0.114,0.114,105.76069,8.417659472,-641.3093883
2021-04-02T12:00:00,2459307,-639.6,0.2,-17.445,-14.351,0.088,3.094,1.708,0,1.708,8.197,0.088,0,1.653,0.055,1.653,0.055,0,7.084,67.501,123.697,0.07,103.992,0.069,0.07,0.07,105.58454,8.289145894,-641.5765876
2021-04-03T12:00:00,2459308,-640.4,0.2,-18.112,-15.094,0.074,3.018,1.648,0,1.648,8.135,0.074,0,1.59,0.058,1.59,0.058,0,7.071,66.952,137.053,0.089,32.433,0.08,0.081,0.081,105.4825,8.248411281,-641.7001118
2021-04-04T12:00:00,2459309,-640.95,0.2,-18.443,-15.417,0.068,3.026,1.719,0.001,1.719,8.205,0.072,-0.003,1.65,0.069,1.65,0.069,0,7.076,68.275,150.666,-0.007,13.84,0.073,0.075,0.075,105.4765,8.259019306,-641.6953176
2021-04-05T12:00:00,2459310,-681.55,0.2,-17.349,-14.422,0.076,2.926,1.652,0,1.652,8.139,0.079,-0.003,1.603,0.049,1.603,0.049,0,7.068,67.444,139.31,0.008,-23.208,0.048,0.049,0.049,105.40142,8.18307799,-641.8288312
2021-04-06T12:00:00,2459311,-681.1,0.2,-17.572,-14.501,0.071,3.072,1.63,0,1.63,8.122,0.071,0,1.589,0.041,1.589,0.041,0,7.083,66.241,125.14,0.01,-53.599,0.057,0.059,0.059,105.526,8.288303324,-641.6265647
2021-04-07T12:00:00,2459312,-681.1,0.2,-17.275,-14.385,0.042,2.891,1.618,0,1.618,8.099,0.042,0,1.563,0.055,1.563,0.055,0,7.076,65.71,126.268,-0.001,-17.426,0.082,0.083,0.083,105.29271,8.187618697,-641.9159784
2021-04-11T12:00:00,2459316,-683.3,0.2,-17.775,-14.154,0.077,3.621,1.887,0,1.887,8.408,0.077,0,1.714,0.173,1.714,0.173,0,7.05,73.765,142.447,-0.12,8.928,0.469,0.475,0.475,106.05001,8.663005963,-640.8387479
2021-04-12T12:01:26,2459317.001,-680.6,0.2,-15.962,-12.317,0.08,3.644,1.941,0,1.941,8.512,0.079,0,1.737,0.204,1.737,0.204,0,7.051,76.652,159.597,-0.201,12.15,0.555,0.563,0.563,106.07812,8.676379487,-640.802724
2021-04-13T12:00:00,2459318,-639.9,0.2,-18.894,-15.053,0.064,3.841,1.959,0.001,1.96,8.579,0.064,0,1.767,0.192,1.767,0.191,0,7.069,78.4,177.616,-0.142,3.978,0.573,0.58,0.58,106.22549,8.826186836,-640.5399658
2021-04-14T12:00:00,2459319,-638.75,0.2,-16.319,-12.393,0.05,3.926,2.016,0.001,2.017,8.693,0.052,-0.002,1.803,0.214,1.803,0.213,0,7.062,81.879,201.872,-0.288,-16.813,0.676,0.683,0.683,106.27318,8.896825682,-640.434387
2021-04-16T12:00:00,2459321,-640.2,0.2,-16.915,-13.142,0.085,3.773,2.06,0,2.06,8.737,0.083,0.002,1.779,0.281,1.779,0.281,0,7.087,81.707,170.825,-0.279,8.025,0.515,0.525,0.525,106.20929,8.761388323,-640.6136655
2021-04-17T12:00:00,2459322,-640.1,0.2,-18.734,-15.22,0.119,3.514,2.027,0,2.027,8.627,0.116,0.003,1.797,0.23,1.797,0.23,0,7.103,77.475,153.344,-0.248,-1.003,0.181,0.188,0.188,106.04458,8.553469995,-640.9448803
2021-04-18T12:00:00,2459323,-639.8,0.2,-17.602,-13.959,0.159,3.643,2.066,0.002,2.068,8.671,0.148,0.011,1.825,0.243,1.825,0.242,0,7.103,78.197,158.385,-0.151,25.624,0.247,0.255,0.255,106.25415,8.608880847,-640.7173813
2021-04-19T12:00:00,2459324,-640.4,0.2,-17.58,-13.484,0.147,4.096,2.165,0.005,2.17,8.922,0.129,0.018,1.811,0.36,1.811,0.355,0,7.118,84.933,177.269,-0.03,19.768,0.76,0.772,0.772,106.64856,8.932396287,-640.0859419
2021-04-21T12:00:00,2459326,-639.5,0.2,-20.811,-16.677,0.041,4.134,2.174,0.004,2.177,8.956,0.029,0.013,1.792,0.386,1.792,0.382,0,7.165,84.211,164.67,-0.083,-8.7,0.811,0.824,0.824,106.44646,9.048322801,-640.1482877
2021-04-22T12:00:00,2459327,,,-19.072,-14.774,0.037,4.298,2.18,0.004,2.184,9.017,0.024,0.013,1.807,0.377,1.807,0.373,0,7.189,84.93,171.354,-0.145,-12.878,1.016,1.03,1.03,106.59002,9.165154169,-639.9193089
2021-04-23T12:00:00,2459328,-639.5,0.2,-19.073,-14.942,0.051,4.131,2.16,0.003,2.162,8.931,0.037,0.014,1.801,0.361,1.801,0.359,0,7.139,84.061,168.566,-0.04,4.133,0.811,0.824,0.824,106.46607,9.037790952,-640.1415737
2021-04-24T12:00:00,2459329,-637.3,0.2,-18.139,-13.922,0.142,4.216,2.237,0.008,2.245,9.175,0.118,0.024,1.752,0.493,1.752,0.485,0,7.131,91.957,181.972,0.086,15.095,1.048,1.065,1.065,106.74896,9.019635844,-639.9206734
2021-04-25T12:00:00,2459330,-636.2,0.2,-20.319,-15.999,0.106,4.32,2.205,0.008,2.213,9.065,0.103,0.004,1.75,0.463,1.75,0.455,0,7.072,90.925,181.99,0.056,5.545,1.141,1.157,1.157,106.76504,9.12202259,-639.8122202
2021-04-26T12:00:00,2459331,,,-21.055,-16.762,-0.005,4.293,2.215,0.011,2.226,9.209,0.029,-0.034,1.702,0.524,1.702,0.513,0,7.081,96.13,191.356,0.044,0.215,1.223,1.241,1.241,106.49129,9.197212947,-639.9725525
2021-04-27T12:00:00,2459332,,,-18.792,-14.694,-0.067,4.097,2.202,0.007,2.209,9.139,-0.028,-0.039,1.711,0.498,1.711,0.491,0,7.093,93.398,187.777,0.128,-2.824,0.959,0.976,0.976,106.17013,9.114058581,-640.3195551
2021-04-28T12:00:00,2459333,-639.1,0.2,-18.271,-15.004,0.016,3.267,2.05,0.003,2.053,8.829,0.039,-0.023,1.654,0.4,1.654,0.396,0,7.149,83.885,163.844,0.153,9.147,0.328,0.34,0.34,105.58415,8.469707763,-641.4094862
2021-04-29T12:00:00,2459334,-640.45,0.2,-20.258,-17.059,0.112,3.199,1.947,0.002,1.949,8.552,0.126,-0.014,1.688,0.261,1.688,0.259,0,7.129,76.153,153.758,0.18,21.063,0.113,0.121,0.121,105.73595,8.341484998,-641.4008134
2021-04-30T12:00:00,2459335,-640.15,0.2,-18.528,-15.594,0.118,2.934,1.768,0,1.769,8.285,0.119,-0.001,1.668,0.101,1.668,0.101,0,7.114,69.169,143.648,0.183,31.208,-0.019,-0.016,-0.016,105.50294,8.153094494,-641.7713186
2021-05-01T12:00:00,2459336,-640.15,0.2,-18.249,-15.225,0.049,3.024,1.644,0,1.644,8.08,0.049,0,1.631,0.013,1.631,0.013,0,7.052,65.13,117.144,0.073,17.229,0.02,0.02,0.02,105.43208,8.273703262,-641.7190313
2021-05-02T12:00:00,2459337,-681.3,0.2,-21.232,-18.298,0.037,2.935,1.609,0,1.609,8.039,0.037,0,1.596,0.013,1.596,0.013,0,7.035,64.926,112.257,0.069,25.225,0.026,0.026,0.026,105.32243,8.222284447,-641.8588579
2021-05-03T12:00:00,2459338,-641.45,0.2,-21.515,-18.523,0.039,2.992,1.625,0,1.625,8.069,0.039,0,1.62,0.005,1.62,0.005,0,7.042,65.676,104.161,0.075,-104.161,0.008,0.008,0.008,105.37992,8.260023489,-641.7755503
2021-05-04T12:00:00,2459339,-642.2,0.2,-20.168,-17.142,0.001,3.026,1.626,0,1.626,8.064,0.001,0,1.601,0.026,1.601,0.026,0,7.047,65.262,130.388,0.018,-73.027,0.013,0.014,0.014,105.32642,8.315678305,-641.7689037
2021-05-05T12:00:00,2459340,-683.4,0.2,-20.281,-17.15,-0.003,3.131,1.665,0,1.665,8.127,-0.003,0,1.628,0.037,1.628,0.037,0,7.054,66.956,149.356,-0.032,-45.391,0.042,0.043,0.043,105.41511,8.391695796,-641.6238819
2021-05-06T12:00:00,2459341,-641.45,0.2,-18.716,-15.481,0.007,3.235,1.739,0,1.739,8.281,0.007,0,1.637,0.101,1.637,0.101,0,7.122,68.922,136.483,-0.051,-26.178,0.228,0.232,0.232,105.53423,8.455182333,-641.4649069
2021-05-07T12:00:00,2459342,-641.2,0.2,-19.097,-15.504,0.017,3.593,1.806,0,1.806,8.292,0.017,0,1.681,0.126,1.681,0.126,0,7.061,70.051,123.632,-0.124,-17.857,0.359,0.363,0.363,105.88957,8.694376067,-640.9444899
2021-05-08T12:00:00,2459343,-681.6,0.2,-20.992,-17.285,0.077,3.707,1.91,0.003,1.913,8.445,0.053,0.024,1.706,0.206,1.706,0.204,0,7.064,74.286,142.658,-0.122,-6.459,0.449,0.456,0.456,106.12999,8.722497376,-640.7163699
2021-05-09T12:00:00,2459344,-681.55,0.2,-19.399,-15.678,0.074,3.722,2.016,0.004,2.02,8.629,0.038,0.036,1.733,0.287,1.733,0.283,0,7.079,79.057,155.876,-0.095,12.094,0.442,0.452,0.452,106.13722,8.735410755,-640.6983198
2021-05-10T12:00:00,2459345,-640.3,0.2,-20.956,-16.961,0.157,3.995,2.132,0.007,2.139,8.831,0.106,0.051,1.722,0.417,1.722,0.41,0,7.076,84.099,160.455,-0.124,6.888,0.747,0.761,0.761,106.57703,8.854071897,-640.2186819
2021-05-11T12:00:00,2459346,-640.6,0.2,-19.834,-15.649,0.181,4.186,2.181,0.007,2.189,8.951,0.138,0.043,1.735,0.454,1.735,0.447,0,7.081,86.912,167.16,-0.135,8.621,0.89,0.905,0.905,106.80842,8.965902414,-639.9205297
2021-05-12T12:00:00,2459347,-640.15,0.2,-19.502,-15.201,0.132,4.301,2.186,0.006,2.192,9.015,0.116,0.016,1.74,0.452,1.74,0.446,0,7.086,88.57,167.275,-0.162,17.572,1.118,1.134,1.134,106.80561,9.086892064,-639.8107014
2021-05-13T12:00:00,2459348,-640.6,0.2,-21.517,-17.273,0.038,4.244,2.182,0.005,2.187,8.995,0.039,-0.001,1.74,0.447,1.74,0.442,0,7.091,87.551,164.381,-0.186,16.095,1.072,1.088,1.088,106.54204,9.126953439,-639.9950526
2021-05-14T12:00:00,2459349,-640.1,0.2,-20.218,-16.03,-0.019,4.187,2.155,0.003,2.158,8.901,-0.01,-0.009,1.748,0.41,1.748,0.407,0,7.099,84.352,156.299,-0.18,10.902,0.881,0.896,0.896,106.36135,9.135725515,-640.1387667
2021-05-15T12:00:00,2459350,-681.5,0.2,-20.083,-16.157,-0.015,3.926,2.134,0.002,2.136,8.81,-0.003,-0.012,1.744,0.392,1.744,0.39,0,7.091,81.83,152.303,-0.269,-0.153,0.612,0.626,0.626,106.12758,8.951793367,-640.5057765
2021-05-16T12:00:00,2459351,-640.9,0.2,-19.332,-15.628,0.032,3.704,2.074,0.002,2.076,8.705,0.045,-0.014,1.775,0.301,1.775,0.299,0,7.107,78.973,147.767,-0.267,-7.91,0.408,0.418,0.418,106.0264,8.758476645,-640.7700624
2021-05-17T12:00:00,2459352,-641.1,0.2,-18.291,-14.606,0.067,3.685,2.044,0.001,2.045,8.579,0.078,-0.011,1.792,0.253,1.792,0.251,0,7.082,75.506,133.411,-0.323,-21.078,0.344,0.353,0.353,106.08713,8.715735209,-640.7586589
2021-05-18T12:00:00,2459353,-681.1,0.2,-18.105,-14.436,0.052,3.668,2.002,0.001,2.003,8.566,0.057,-0.005,1.795,0.208,1.795,0.207,0,7.095,75.568,140.557,-0.258,-36.293,0.347,0.354,0.354,106.03772,8.716660129,-640.7993244
2021-05-19T12:00:00,2459354,-641.1,0.2,-22.002,-18.182,0.017,3.82,2.087,0.004,2.091,8.686,-0.018,0.034,1.779,0.312,1.779,0.308,0,7.125,77.233,135.337,-0.223,-9.082,0.464,0.475,0.475,106.10068,8.851405728,-640.6214689
2021-05-20T12:00:00,2459355,-640.1,0.2,-20.287,-16.346,0.052,3.942,2.205,0.005,2.21,8.812,0.004,0.048,1.844,0.366,1.844,0.361,0,7.093,80.19,146.077,-0.111,-4.562,0.474,0.486,0.486,106.29254,8.906202538,-640.4094224
2021-05-21T12:00:00,2459356,-639.3,0.2,-20.816,-16.438,0.153,4.378,2.294,0.007,2.301,9.088,0.101,0.052,1.829,0.472,1.829,0.465,0,7.167,85.224,153.124,-0.052,2.382,0.827,0.844,0.844,106.92426,9.122398841,-639.6780661
2021-05-21T12:00:00,2459356,-678.3,0.2,-20.816,-16.438,0.153,4.378,2.294,0.007,2.301,9.088,0.101,0.052,1.829,0.472,1.829,0.465,0,7.167,85.224,153.124,-0.052,2.382,0.827,0.844,0.844,106.92426,9.122398841,-639.6780661
2021-05-24T12:00:00,2459359,-679.1,0.2,-19.346,-14.773,0.012,4.573,2.345,0.007,2.352,9.464,0.021,-0.009,1.719,0.633,1.719,0.626,0,7.276,93.321,163.011,0.039,-6.911,1.357,1.38,1.38,106.78977,9.376529756,-639.5554414
2021-05-25T12:00:00,2459360,-679.1,0.2,-20.661,-16.286,-0.038,4.375,2.332,0.006,2.338,9.325,-0.006,-0.032,1.71,0.628,1.71,0.621,0,7.142,93.945,167.058,0.012,-7.729,1.207,1.228,1.228,106.49363,9.281843989,-639.8921104
2021-05-26T12:00:00,2459361,-639.5,0.2,-19.727,-16.078,-0.185,3.649,2.399,0.013,2.412,9.453,-0.082,-0.103,1.711,0.701,1.711,0.688,0,7.153,97.71,177.176,0.073,4.003,0.652,0.673,0.673,105.48917,8.903937316,-641.0866585
2021-05-27T12:00:00,2459362,-639.5,0.2,-17.522,-14.31,-0.047,3.213,2.201,0.009,2.21,9.048,0.029,-0.076,1.673,0.537,1.673,0.527,0,7.103,91.393,177.559,-0.013,-5.551,0.185,0.201,0.201,105.39281,8.485629062,-641.5555211
2021-05-27T12:00:00,2459362,-640,0.2,-17.522,-14.31,-0.047,3.213,2.201,0.009,2.21,9.048,0.029,-0.076,1.673,0.537,1.673,0.527,0,7.103,91.393,177.559,-0.013,-5.551,0.185,0.201,0.201,105.39281,8.485629062,-641.5555211
2021-05-29T12:00:00,2459364,-641,0.2,-18.179,-15.061,0.085,3.117,1.737,0,1.737,8.261,0.085,0,1.594,0.144,1.594,0.144,0,7.07,70.916,131.806,-0.043,-28.815,0.168,0.173,0.173,105.59921,8.307593358,-641.5471535
2021-05-30T12:00:00,2459365,-642.25,0.2,-18.678,-15.52,0.082,3.159,1.778,0.001,1.779,8.343,0.074,0.008,1.552,0.227,1.552,0.226,0,7.074,73.407,144.228,0.088,-12.281,0.293,0.299,0.299,105.63155,8.339184274,-641.4906824
2021-05-31T12:00:00,2459366,-640.8,0.2,-18.128,-14.711,0.109,3.416,1.869,0.002,1.872,8.541,0.099,0.01,1.589,0.282,1.589,0.28,0,7.069,80.202,169.426,0.017,-5.26,0.562,0.571,0.571,105.93104,8.494134022,-641.0953173
2021-06-01T12:00:00,2459367,-640.8,0.2,-19.481,-15.647,0.081,3.834,1.94,0.004,1.944,8.675,0.076,0.005,1.614,0.33,1.614,0.326,0,7.098,82.37,166.538,-0.003,-9.626,0.826,0.837,0.837,106.25706,8.806968347,-640.5312557
2021-06-02T12:00:00,2459368,-640.4,0.2,-20.783,-16.99,-0.001,3.793,2.02,0.005,2.025,8.79,0.004,-0.005,1.642,0.383,1.642,0.378,0,7.087,85.254,170.294,-0.016,-8.352,0.783,0.795,0.795,106.03525,8.847950012,-640.6796593
2021-06-03T12:00:00,2459369,-640.9,0.2,-20.345,-16.265,-0.06,4.081,2.156,0.005,2.16,9.015,-0.038,-0.022,1.656,0.504,1.656,0.5,0,7.111,89.166,164.791,-0.088,-14.218,0.916,0.933,0.933,106.17093,9.097070815,-640.334635
2021-06-04T12:00:00,2459370,-651.3,0.2,-20.359,-16.159,-0.034,4.2,2.19,0.006,2.195,9.078,-0.009,-0.024,1.688,0.508,1.688,0.502,0,7.108,90.839,172.599,-0.179,-12.647,1.061,1.078,1.078,106.33984,9.157403254,-640.1367422
2021-06-05T12:00:00,2459371,-638.9,0.2,-18.926,-14.911,-0.003,4.015,2.224,0.004,2.228,9.036,0.02,-0.023,1.701,0.527,1.701,0.523,0,7.079,89.28,166.356,-0.152,-12.423,0.939,0.956,0.956,106.23723,9.003212182,-640.3659499
2021-06-06T12:00:00,2459372,-639.05,0.2,-18.478,-14.434,0.078,4.044,2.255,0.002,2.257,9.044,0.089,-0.012,1.732,0.524,1.732,0.523,0,7.097,87.738,156.045,-0.085,-3.149,0.932,0.95,0.95,106.44564,8.954775047,-640.2357206
2021-06-07T12:00:00,2459373,,,-22.514,-18.226,0.083,4.288,2.257,0.004,2.261,9.138,0.093,-0.01,1.738,0.522,1.738,0.519,0,7.106,90.606,167.22,-0.096,-3.812,1.135,1.153,1.153,106.68376,9.119336354,-639.8830171
2021-06-08T12:00:00,2459374,-640.35,0.2,-19.638,-15.363,0.027,4.275,2.204,0.002,2.206,9.042,0.035,-0.009,1.728,0.478,1.728,0.476,0,7.093,88.638,166.563,-0.032,8.729,1.044,1.061,1.061,106.54623,9.157700241,-639.9630209
2021-06-09T12:00:00,2459375,-640.8,0.2,-21.266,-17.339,0.068,3.927,2.166,0.001,2.167,8.93,0.076,-0.007,1.715,0.452,1.715,0.451,0,7.11,84.891,152.614,-0.067,13.418,0.725,0.741,0.741,106.31443,8.882295622,-640.4131946
2021-06-10T12:00:00,2459376,-641.1,0.2,-21.743,-18.141,0.11,3.601,2.141,0,2.141,8.835,0.111,-0.001,1.73,0.411,1.73,0.411,0,7.107,82.328,145.909,-0.028,29.029,0.547,0.561,0.561,106.10533,8.621264079,-640.830964
2021-06-11T12:00:00,2459377,-641.1,0.2,-20.652,-16.854,0.114,3.798,2.156,0,2.156,8.782,0.114,0,1.799,0.358,1.799,0.357,0,7.122,79.125,136.627,-0.157,-0.799,0.525,0.537,0.537,106.2975,8.754158294,-640.5462398
2021-06-12T12:00:00,2459378,-641.2,0.2,-21.811,-18.061,0.038,3.75,2.049,0,2.049,8.667,0.038,0,1.759,0.29,1.759,0.29,0,7.094,78.646,143.539,-0.224,-22.494,0.478,0.488,0.488,106.08262,8.785223694,-640.6980146
2021-06-13T12:00:00,2459379,-640.1,0.2,-18.853,-15.19,0.054,3.663,2.087,0,2.087,8.708,0.054,0,1.776,0.311,1.776,0.311,0,7.108,78.751,142.5,-0.339,-29.925,0.492,0.502,0.502,106.03755,8.711510013,-640.8042428
2021-06-14T12:00:00,2459380,-640.75,0.2,-19.1,-15.119,0.087,3.981,2.197,0.003,2.2,8.819,0.054,0.033,1.813,0.387,1.813,0.384,0,7.108,80.218,142.578,-0.387,-32.18,0.709,0.721,0.721,106.40721,8.903583218,-640.3154849
2021-06-15T12:00:00,2459381,,,-21.635,-17.325,0.074,4.311,2.287,0.005,2.292,8.977,0.03,0.044,1.795,0.497,1.795,0.492,0,7.111,83.295,142.727,-0.333,-20.277,0.985,1.003,1.003,106.68499,9.142857759,-639.8601728
2021-06-16T12:00:00,2459382,-646.65,0.2,-20.088,-15.794,0.121,4.294,2.372,0.006,2.377,9.18,0.078,0.043,1.84,0.537,1.84,0.531,0,7.171,86.237,148.848,-0.159,-17.074,1.058,1.076,1.076,106.77446,9.091351963,-639.8327437
2021-06-17T12:00:00,2459383,,,-20.357,-15.446,0.162,4.911,2.529,0.007,2.536,9.455,0.129,0.033,1.959,0.576,1.959,0.57,0,7.243,88.608,150.47,-0.067,4.18,1.378,1.4,1.4,107.44011,9.483496339,-638.9097224
2021-06-18T12:00:00,2459384,-639.7,0.2,-20.356,-15.55,0.129,4.806,2.518,0.007,2.525,9.389,0.117,0.012,1.942,0.583,1.942,0.576,0,7.183,88.305,147.244,0.019,-0.495,1.332,1.354,1.354,107.26854,9.438768146,-639.0953813
2021-06-19T12:00:00,2459385,,,-20.615,-15.993,0.074,4.623,2.449,0.007,2.457,9.319,0.086,-0.012,1.866,0.59,1.866,0.583,0,7.158,88.607,149.522,0.093,2.85,1.266,1.288,1.288,106.97515,9.358687071,-639.4161968
2021-06-20T12:00:00,2459386,-639.5,0.2,-21.561,-17.256,0.019,4.305,2.403,0.008,2.41,9.277,0.054,-0.036,1.821,0.589,1.821,0.582,0,7.194,87.125,145.686,0.125,11.512,1.077,1.098,1.098,106.55621,9.185218314,-639.9291173
2021-06-21T12:00:00,2459387,-640.5,0.2,-20.415,-16.422,-0.002,3.992,2.277,0.006,2.283,9.03,0.042,-0.044,1.795,0.488,1.795,0.482,0,7.139,84.193,143.288,0.068,-6.212,0.664,0.681,0.681,106.21808,8.986456031,-640.3975806
2021-06-23T12:00:00,2459389,,,-19.821,-16.728,0.049,3.092,1.941,0.003,1.944,8.553,0.079,-0.03,1.736,0.208,1.736,0.205,0,7.152,75.155,145.337,0.105,5.997,0.082,0.088,0.088,105.49532,8.320742984,-641.6222673
2021-06-24T12:00:00,2459390,-641.8,0.2,-20.009,-16.879,-0.076,3.13,1.943,0.002,1.945,8.544,-0.062,-0.015,1.738,0.207,1.738,0.205,0,7.182,73.793,140.83,0.101,19.367,0.026,0.032,0.032,105.25066,8.452736975,-641.7054808
2021-06-25T12:00:00,2459391,-640.9,0.2,-19.61,-16.094,-0.127,3.516,2.131,0,2.131,8.767,-0.127,0,1.761,0.37,1.761,0.37,0,7.189,77.59,133.654,0.057,3.921,0.379,0.39,0.39,105.4954,8.762885065,-641.2122161
2021-06-26T12:00:00,2459392,-640.5,0.2,-18.915,-14.659,0.022,4.256,2.416,0.003,2.419,9.194,-0.004,0.026,1.8,0.619,1.8,0.616,0,7.18,86.373,147.791,0.097,19.395,1.082,1.102,1.102,106.51736,9.148785073,-639.9955494
2021-06-27T12:00:00,2459393,-639.85,0.2,-20.646,-15.364,0.193,5.282,2.66,0.007,2.667,9.696,0.136,0.057,1.772,0.895,1.772,0.888,0,7.173,96.176,154.908,0.118,12.204,2.053,2.084,2.084,107.85458,9.713924171,-638.3477421
2021-06-28T12:00:00,2459394,-677.2,0.2,-19.709,-13.677,0.263,6.032,2.901,0.011,2.912,10.185,0.194,0.068,1.816,1.095,1.816,1.084,0,7.194,102.809,160.211,0.081,5.477,2.719,2.758,2.758,108.70888,10.17354866,-637.2036111
2021-06-29T12:00:00,2459395,-638.65,0.2,-25.488,-18.915,0.215,6.573,3.103,0.018,3.122,10.743,0.146,0.069,1.78,1.341,1.78,1.323,0,7.205,112.642,171.101,0.159,11.56,3.337,3.385,3.385,109.10449,10.58838268,-636.4864865
2021-06-30T12:00:00,2459396,-638.9,0.2,-26.11,-19.494,0.057,6.616,3.221,0.026,3.247,11.034,0.04,0.017,1.826,1.421,1.826,1.395,0,7.209,116.968,178.741,0.19,15.647,3.431,3.481,3.481,108.79056,10.75174215,-636.5988289
2021-07-01T12:00:00,2459397,,,-21.671,-15.277,-0.072,6.394,3.272,0.023,3.295,11.109,-0.008,-0.064,1.84,1.456,1.84,1.433,0,7.205,117.99,181.462,0.14,9.748,3.16,3.212,3.212,108.29514,10.707261,-637.0564156
2021-07-04T12:00:00,2459400,,,-20.508,-16.157,0.026,4.35,2.709,0.011,2.721,9.941,0.125,-0.099,1.827,0.894,1.827,0.882,0,7.22,101.863,171.902,0.076,6.371,1.205,1.234,1.234,106.61374,9.210427944,-639.8573942
2021-07-05T12:00:00,2459401,-674.8,0.2,-20.573,-16.631,0.093,3.941,2.464,0.007,2.471,9.454,0.138,-0.045,1.815,0.656,1.815,0.649,0,7.192,93.599,165.36,0.041,2.158,0.719,0.741,0.741,106.38345,8.870838853,-640.3658151
2021-07-06T12:00:00,2459402,-676.3,0.2,-20.75,-16.721,0.118,4.029,2.231,0.001,2.232,9.03,0.116,0.002,1.784,0.449,1.784,0.448,0,7.169,84.448,149.363,0.044,8.498,0.831,0.847,0.847,106.52129,8.91057237,-640.2131336
2021-07-07T12:00:00,2459403,-674.65,0.2,-17.955,-14.255,0.136,3.7,2.156,0,2.156,8.872,0.136,0,1.776,0.38,1.776,0.38,0,7.177,80.376,142.012,0.001,8.7,0.626,0.639,0.639,106.25564,8.667761306,-640.6615312
2021-07-08T12:00:00,2459404,-675.8,0.2,-20.082,-16.515,0.147,3.568,2.043,0,2.043,8.683,0.147,0,1.818,0.225,1.818,0.225,0,7.177,75.8,135.982,-0.071,-0.935,0.327,0.334,0.334,106.15752,8.567146681,-640.8372859
2021-07-09T12:00:00,2459405,-649.2,0.2,-19.621,-16.268,0.078,3.353,1.966,0,1.966,8.562,0.078,0,1.803,0.163,1.803,0.163,0,7.182,72.406,131.792,-0.171,-10.391,0.246,0.252,0.252,105.80301,8.476768461,-641.2190136